!Copyright (C) 2020  Intel Corporation. All rights reserved.
!Your use of Intel Corporation's design tools, logic functions 
!and other software and tools, and any partner logic 
!functions, and any output files from any of the foregoing 
!(including device programming or simulation files), and any 
!associated documentation or information are expressly subject 
!to the terms and conditions of the Intel Program License 
!Subscription Agreement, the Intel Quartus Prime License Agreement,
!the Intel FPGA IP License Agreement, or other applicable license
!agreement, including, without limitation, that your use is for
!the sole purpose of programming logic devices manufactured by
!Intel and sold by Intel or its authorized distributors.  Please
!refer to the applicable agreement for further details, at
!https://fpgasoftware.intel.com/eula.
!
!Quartus Prime SVF converter 20.1
!
!Device #1: 10M25SA - C:/Users/SUMIT/Desktop/Sem_1/Digital_LAB/Week_8/FSM/output_files/FSM.sof Wed Sep 23 15:12:52 2026
!
!NOTE "USERCODE" "00179B7A";
!
!NOTE "CHECKSUM" "00179B7A";
!
!
!
FREQUENCY 2.50E+07 HZ;
!
!
!
TRST ABSENT;
ENDDR IDLE;
ENDIR IRPAUSE;
STATE IDLE;
!
!Max 10 Enable ISP
!
SIR 10 TDI (2CC);
RUNTEST IDLE 8750003 TCK ENDSTATE IDLE;
SIR 10 TDI (203);
RUNTEST 128 TCK;
SDR 23 TDI (480008);
SIR 10 TDI (205);
RUNTEST 128 TCK;
SDR 32 TDI (00000000) TDO (1E000000) MASK (FF800000);
!
!Max 10 DSM Clear
!
SIR 10 TDI (203);
RUNTEST 128 TCK;
SDR 23 TDI (000000);
SIR 10 TDI (3F2);
RUNTEST 8750003 TCK;
!
!Max 10 DSM Verify
!
SIR 10 TDI (307);
RUNTEST 128 TCK;
SDR 1 TDI (0) TDO (1) MASK (1);
!
!Max 10 Program ICB
!
SIR 10 TDI (203);
RUNTEST 128 TCK;
SDR 23 TDI (180000);
SIR 10 TDI (3F4);
RUNTEST 128 TCK;
SDR 32 TDI (6C48A50F);
RUNTEST 8000 TCK;
!
!Max 10 DSM Verify
!
SIR 10 TDI (307);
RUNTEST 128 TCK;
SDR 1 TDI (0) TDO (1) MASK (1);
!
!Max 10 Program ICB
!
SIR 10 TDI (203);
RUNTEST 128 TCK;
SDR 23 TDI (1C0000);
SIR 10 TDI (3F4);
RUNTEST 128 TCK;
SDR 32 TDI (FFF7FFFF);
RUNTEST 8000 TCK;
!
!Max 10 DSM Verify
!
SIR 10 TDI (307);
RUNTEST 128 TCK;
SDR 1 TDI (0) TDO (1) MASK (1);
!
!Max 10 Program ICB
!
SIR 10 TDI (203);
RUNTEST 128 TCK;
SDR 23 TDI (440000);
SIR 10 TDI (3F4);
RUNTEST 128 TCK;
SDR 32 TDI (6C48A50F);
RUNTEST 8000 TCK;
!
!Max 10 DSM Verify
!
SIR 10 TDI (307);
RUNTEST 128 TCK;
SDR 1 TDI (0) TDO (1) MASK (1);
!
!Max 10 Program ICB
!
SIR 10 TDI (203);
RUNTEST 128 TCK;
SDR 23 TDI (540000);
SIR 10 TDI (3F4);
RUNTEST 128 TCK;
SDR 32 TDI (6C48A50F);
RUNTEST 8000 TCK;
!
!Max 10 DSM Verify
!
SIR 10 TDI (307);
RUNTEST 128 TCK;
SDR 1 TDI (0) TDO (1) MASK (1);
!
!Max 10 Disable ISP
!
SIR 10 TDI (201);
RUNTEST 8750003 TCK;
SIR 10 TDI (002);
RUNTEST 2500000 TCK;
SDR 3665360 TDI (00000000FFFFFFFFFFFFFFFFFFFFFFFFFFFFFFFFFFFFFFFFFFFFFFFFFFFFFFFFFFFFFFFFFFFFFFFFFFFFFFFFFFFFFFFFFFFFFFFFFFFFFFFFFFFFFFFFFFFFFFFFFFFFFFFFFFFFFFFFFFFFFFFFFFFFFFFFFFFFFFFFFFFFFFFFFFFFFFFFFFFFFFFFFFFFFFFFFFFFFFFFFFFFFFFFFFFFFFFFFFFFFFFFFFFFFF
	FFFFFFFFFFFFFFFFFFFFFFFFFFFFFFFFFFFFFFFFFFFFFFFFFFFFFFFFFFFFFFFFFFFFFFFFFFFFFFFFFFFFFFFFFFFFFFFFFFFFFFFFFFFFFFFFFFFFFFFFFFFFFFFFFFFFFFFFFFFFFFFFFFFFFFFFFFFFFFFFFFFFFFFFFFFFFFFFFFFFFFFFFFFFFFFFFFFFFFFFFFFFFFFFFFFFFFFFFFFFFFFFFFFFFFFFFFFFFFFFFF5C1D00000000
	00000000000000000000000000000000000000000000000000000000000000000000000000000000400000000000000000000000000000000000000000000000000000000000000000000000000000000000000000000000000000000000000000000000000000000000000000000040000000000000000000000000000000
	00000000000000000000000000000000000000000000000000000100000000000000000000000000000000000000008000000000000000000000000000000000000000000000000000000000000000000000000000000000000000000000000000000000000000000000000000000000000000000000000000000000000000
	000000000000000000000040000000000000000000000000000000000000000000000000000000000000000000000000000000004E340000E5AF000000000000000000000000000000000000000000000000000000000000000000000000000000000000000000000000000000000000000000000000000000000000000000
	00000000000000000000000000000000000000000000000000000000000000000000000000000000000000000000000000000000000000000000000000000000000000000000000000000000000000000000000000000000000000000000000000000000000000000000000000000000000000000000000000000000000000
	0000000000000000000000000000000000000000000000000000000000000000000000000000000000000000000000000000000000000000000000000000000000000000000000000000000000000000000000000000000000000000000000000000000000000000000000000000000000004E340000E5AF00000000000000
	00000000000000000000000000000000000000000000000000000000000000000000000000000000000000000000000000000000000000000000000000000000000000000000000000000000000000000000000000000000000000000000000000000000000000000000000000000000000000000000000000000000000000
	00000000000000000000000000000000000000000000000000000000000000000000000000000000000000000000000000000000000000000000000000000000000000000000000000000000000000000000000000000000000000000000000000000000000000000000000000000000000000000000000000000000000000
	000000000000000000000000000000000000000000000000000000000000000000000000000000000000000000000000004E340000E5AF000000000000000000000000000000000000000000000000000000000000000000000000000000000000000000000000000000000000000000000000000000000000000000000000
	00000000000000000000000000000000000000000000000000000000000000000000000000000000000000000000000000000000000000000000000000000000000000000000000000000000000000000000000000000000000000000000000000000000000000000000000000000000000000000000000000000000000000
	0000000000000000000000000000000000000000000000000000000000000000000000000000000000000000000000000000000000000000000000000000000000000000000000000000000000000000000000000000000000000000000000000000000000000000000000000000004E340000E5AF00000000000000000000
	00000000000000000000000000000000000000000000000000000000000000000000000000000000000000000000000000000000000000000000000000000000000000000000000000000000000000000000000000000000000000000000000000000000000000000000000000000000000000000000000000000000000000
	00000000000000000000000000000000000000000000000000000000000000000000000000000000000000000000000000000000000000000000000000000000000000000000000000000000000000000000000000000000000000000000000000000000000000000000000000000000000000000000000000000000000000
	000000000000000000000000000000000000000000000000000000000000000000000000000000000000000000004E340000E5AF000000000000000000000000000000000000000000000000000000000000000000000000000000000000000000000000000000000000000000000000000000000000000000000000000000
	00000000000000000000000000000000000000000000000000000000000000000000000000000000000000000000000000000000000000000000000000000000000000000000000000000000000000000000000000000000000000000000000000000000000000000000000000000000000000000000000000000000000000
	0000000000000000000000000000000000000000000000000000000000000000000000000000000000000000000000000000000000000000000000000000000000000000000000000000000000000000000000000000000000000000000000000000000000000000000000004E340000E5AF00000000000000000000000000
	00000000000000000000000000000000000000000000000000000000000000000000000000000000000000000000000000000000000000000000000000000000000000000000000000000000000000000000000000000000000000000000000000000000000000000000000000000000000000000000000000000000000000
	00000000000000000000000000000000000000000000000000000000000000000000000000000000000000000000000000000000000000000000000000000000000000000000000000000000000000000000000000000000000000000000000000000000000000000000000000000000000000000000000000000000000000
	000000000000000000000000000000000000000000000000000000000000000000000000000000000000004E340000E5AF000000000000000000000000000000000000000000000000000000000000000000000000000000000000000000000000000000000000000000000000000000000000000000000000000000000000
	00000000000000000000000000000000000000000000000000000000000000000000000000000000000000000000000000000000000000000000000000000000000000000000000000000000000000000000000000000000000000000000000000000000000000000000000000000000000000000000000000000000000000
	0000000000000000000000000000000000000000000000000000000000000000000000000000000000000000000000000000000000000000000000000000000000000000000000000000000000000000000000000000000000000000000000000000000000000000004E340000829A00000000000000000000000000002000
	84200400000000100000000200000000000000000000100000000000020000080000000000000000004000000000080000000120000000040100000000000000000000008420240000000010000000000000000200800000000000000000100002000008000000000000000000000001000000000000090000000024010000
	00000000000000000000002000042004000000000000000002008000000000000000001000000002004210000000000000000000010000000000000800000000200000000001080000000000000000000004202400000000800000000000000002008000000000000000001200421000000000000000000000000000010800
	000000000800000000000108000000000000000000000000200000200480000000100000000200804E340000DCCD000000000000000020002000842004800000009000000002100000001000000000001000000002000210020800100000000000002840000028004800000041200000000401000000000000000000000084
	20240000000090000000800000000210800000300000002000120002100208001000000000000000000001080040000800490000000024010000000000000000000000200020002420048000000090000000121080000010000000000010000000020042100008000000080000000108000000080048000000412000000104
	0108000400000000000000000420240000000090000000100000000200800000000000000000120042100048000000480000000000000001080040001000490010000104010800040000000000000000100020000420048004000010000000020080000000004E340000AEBB00008000000092000210120802100008000000
	00200000000840400008404900000009240100002401000000000000000000200084202480842004900000001230000002300000000000100000001200021002080210000800000000084000000840480000004920000001240100000421000000200000008420240084202490000000900000000210800002108000000000
	12000210120802100008000000000000000128004001080049002000092401000024010000000000000000002000042024800420049000000012108000021080000000001000000012004210020842100008000000010800000108004800000049200000012401080004010800000000000004202400042024900000009000
	000002108000021080000000001200421012485210004800000000000000010800000108004E3400007FE9000000000000000000002000842004000000001000000002000000000000000000001000000000000200000800000000000000000040000000000800000001200000000401000000000000000000000084202400
	00000010000000000000000200800000000000000000100002000008000000000000000000000001000000000000090000000024010000000000000000000000000020000420040000000000000000020080000000000000000010000000020042100000000000000000000100000000000008000000002000000000010800
	0000000000000000000420240000000080000000000000000200800000000000000000120042100000000000000000000000000001080000000000080000000000010800000000000000000000000020000020048000000010000000020080000000004E340000E5AF00000000000000000000000000000000000000000000
	00000000000000000000000000000000000000000000000000000000000000000000000000000000000000000000000000000000000000000000000000000000000000000000000000000000000000000000000000000000000000000000000000000000000000000000000000000000000000000000000000000000000000
	00000000000000000000000000000000000000000000000000000000000000000000000000000000000000000000000000000000000000000000000000000000000000000000000000000000000000000000000000000000000000000000000000000000000000000000000000000000000000000000000000000000000000
	000000000000000000000000000000000000000000000000000000000000000000004E340000A717000000000000000000000000000000000000000000000000000000000000000000000000000000000000000000000000000000000000000000000000000000000000000000000000000000000000000000000000000000
	00000000000000000000000000000000000000000000000000000000000000000000000000000000000000000000000000000000000000000000000000000000000000000000000000000000000000000000000000000000000000000000000000000000000000000000000000000000000000000000000000000000000000
	000000000000000000000000000000000000000000000000000000000000000000000000000000000000000000000000000000000000000000000000000000000000000047320000A7170000000000000000000000000000000000000000000000000000000000000000000000000000000000000000000000000000000000
	00000000000000000000000000000000000000000000000000000000000000000000000000000000000000000000000000000000000000000000000000000000000000000000000000000000000000000000000000000000000000000000000000000000000000000000000000000000000000000000000000000000000000
	00000000000000000000000000000000000000000000000000000000000000000000000000000000000000000000000000000000000000000000000000000000000000000000000000000000000000000000000000000000000000000000000000000000000047320000A71700000000000000000000000000000000000000
	00000000000000000000000000000000000000000000000000000000000000000000000000000000000000000000000000000000000000000000000000000000000000000000000000000000000000000000000000000000000000000000000000000000000000000000000000000000000000000000000000000000000000
	00000000000000000000000000000000000000000000000000000000000000000000000000000000000000000000000000000000000000000000000000000000000000000000000000000000000000000000000000000000000000000000000000000000000000000000000000000000000000000000000000000000000000
	00000000000000000047320000A71700000000000000000000000000000000000000000000000000000000000000000000000000000000000000000000000000000000000000000000000000000000000000000000000000000000000000000000000000000000000000000000000000000000000000000000000000000000
	00000000000000000000000000000000000000000000000000000000000000000000000000000000000000000000000000000000000000000000000000000000000000000000000000000000000000000000000000000000000000000000000000000000000000000000000000000000000000000000000000000000000000
	0000000000000000000000000000000000000000000000000000000000000000000000000000000000000047320000A717000000000000000000000000000000000000000000000000000000000000000000000000000000000000000000000000000000000000000000000000000000000000000000000000000000000000
	00000000000000000000000000000000000000000000000000000000000000000000000000000000000000000000000000000000000000000000000000000000000000000000000000000000000000000000000000000000000000000000000000000000000000000000000000000000000000000000000000000000000000
	000000000000000000000000000000000000000000000000000000000000000000000000000000000000000000000000000000000000000000000000000000000000000000000000000000000047320000A7170000000000000000000000000000000000000000000000000000000000000000000000000000000000000000
	00000000000000000000000000000000000000000000000000000000000000000000000000000000000000000000000000000000000000000000000000000000000000000000000000000000000000000000000000000000000000000000000000000000000000000000000000000000000000000000000000000000000000
	00000000000000000000000000000000000000000000000000000000000000000000000000000000000000000000000000000000000000000000000000000000000000000000000000000000000000000000000000000000000000000000000000000000000000000000000000000047320000A71700000000000000000000
	00000000000000000000000000000000000000000000000000000000000000000000000000000000000000000000000000000000000000000000000000000000000000000000000000000000000000000000000000000000000000000000000000000000000000000000000000000000000000000000000000000000000000
	00000000000000000000000000000000000000000000000000000000000000000000000000000000000000000000000000000000000000000000000000000000000000000000000000000000000000000000000000000000000000000000000000000000000000000000000000000000000000000000000000000000000000
	00000000000000000000000000000000000047320000A71700000000000000000000000000000000000000000000000000000000000000000000000000000000000000000000000000000000000000000000000000000000000000000000000000000000000000000000000000000000000000000000000000000000000000
	00000000000000000000000000000000000000000000000000000000000000000000000000000000000000000000000000000000000000000000000000000000000000000000000000000000000000000000000000000000000000000000000000000000000000000000000000000000000000000000000000000000000000
	0000000000000000000000000000000000000000000000000000000000000000000000000000000000000000000000000000000047320000643C000000000000000000000000000000000000000000000000000000000000000000000000000000000000000000000000000000000000000000000000000000000000000000
	00000000000000000000000000000000000000000000000000000000000000000000000000000000000000000000000000000000000000000000000000000000000000000000000000000000000000000000000000000000000000000000000000000000000000000000000000000000000000000000000000000000000000
	000000000000000000000000000000000000000000000000000000000000000000000000000000000000000000000000000000000000000000000000000000000000000000000000000000000000451E0000643C00000000000000000000000000000000000000000000000000000000000000000000000000000000000000
	00000000000000000000000000000000000000000000000000000000000000000000000000000000000000000000000000000000000000000000000000000000000000000000000000000000000000000000000000000000000000000000000000000000000000000000000000000000000000000000000000000000000000
	0000000000000000000000000000000000000000000000000000000000000000000000000000000000000000000000000000000000000000000000000000000000000000000000000000000000000000000000000000000000000000000000000000000000000000451E0000643C0000000000000000000000000000000000
	00000000000000000000000000000000000000000000000000000000000000000000000000000000000000000000000000000000000000000000000000000000000000000000000000000000000000000000000000000000000000000000000000000000000000000000000000000000000000000000000000000000000000
	00000000000000000000000000000000000000000000000000000000000000000000000000000000000000000000000000000000000000000000000000000000000000000000000000000000000000000000000000000000000000000000000000000000000000000000000000000000000000000000000000000000000000
	000000451E0000A71700000000000000000000000000000000000000000000000000000000000000000000000000000000000000000000000000000000000000000000000000000000000000000000000000000000000000000000000000000000000000000000000000000000000000000000000000000000000000000000
	00000000000000000000000000000000000000000000000000000000000000000000000000000000000000000000000000000000000000000000000000000000000000000000000000000000000000000000000000000000000000000000000000000000000000000000000000000000000000000000000000000000000000
	00000000000000000000000000000000000000000000000000000000000000000000000000473200000F49000000000000000000000000000000000000000000000000000000000000000000000000000000000000000000000000000000000000000000000000000000000000000000000000000000000000000000000000
	00000000000000000000000000000000000000000000000000000000000000000000000000000000000000000000000000000000000000000000000000000000000000000000000000000000000000000000000000000000000000000000000000000000000000000000000000000000000000000000000000000000000000
	00000000000000000000000000000000000000000000000000000000000000000000000000000000000000000000000000000000000000000000000000000000000000000000000000000000000000000000004A3300000F490000000000000000000000000000000000000000000000000000000000000000000000000000
	00000000000000000000000000000000000000000000000000000000000000000000000000000000000000000000000000000000000000000000000000000000000000000000000000000000000000000000000000000000000000000000000000000000000000000000000000000000000000000000000000000000000000
	00000000000000000000000000000000000000000000000000000000000000000000000000000000000000000000000000000000000000000000000000000000000000000000000000000000000000000000000000000000000000000000000000000000000000000000000000000000000000000000000000000000000000
	00004A3300000F490000000000000000000000000000000000000000000000000000000000000000000000000000000000000000000000000000000000000000000000000000000000000000000000000000000000000000000000000000000000000000000000000000000000000000000000000000000000000000000000
	00000000000000000000000000000000000000000000000000000000000000000000000000000000000000000000000000000000000000000000000000000000000000000000000000000000000000000000000000000000000000000000000000000000000000000000000000000000000000000000000000000000000000
	0000000000000000000000000000000000000000000000000000000000000000000000000000000000000000000000004A330000A71700000000000000000000000000000000000000000000000000000000000000000000000000000000000000000000000000000000000000000000000000000000000000000000000000
	00000000000000000000000000000000000000000000000000000000000000000000000000000000000000000000000000000000000000000000000000000000000000000000000000000000000000000000000000000000000000000000000000000000000000000000000000000000000000000000000000000000000000
	0000000000000000000000000000000000000000000000000000000000000000000000000000000000000000000000000000000000000000000000000000000000000000000000000000000000000000000047320000A717000000000000000000000000000000000000000000000000000000000000000000000000000000
	00000000000000000000000000000000000000000000000000000000000000000000000000000000000000000000000000000000000000000000000000000000000000000000000000000000000000000000000000000000000000000000000000000000000000000000000000000000000000000000000000000000000000
	000000000000000000000000000000000000000000000000000000000000000000000000000000000000000000000000000000000000000000000000000000000000000000000000000000000000000000000000000000000000000000000000000000000000000000000000000000000000000047320000A7170000000000
	00000000000000000000000000000000000000000000000000000000000000000000000000000000000000000000000000000000000000000000000000000000000000000000000000000000000000000000000000000000000000000000000000000000000000000000000000000000000000000000000000000000000000
	00000000000000000000000000000000000000000000000000000000000000000000000000000000000000000000000000000000000000000000000000000000000000000000000000000000000000000000000000000000000000000000000000000000000000000000000000000000000000000000000000000000000000
	000000000000000000000000000000000000000000000047320000A7170000000000000000000000000000000000000000000000000000000000000000000000000000000000000000000000000000000000000000000000000000000000000000000000000000000000000000000000000000000000000000000000000000
	00000000000000000000000000000000000000000000000000000000000000000000000000000000000000000000000000000000000000000000000000000000000000000000000000000000000000000000000000000000000000000000000000000000000000000000000000000000000000000000000000000000000000
	000000000000000000000000000000000000000000000000000000000000000000000000000000000000000000000000000000000000000000473200009B3900000000000000000000000000000000000000000000000000000000000000000000000000000000000000000000000000000000000000000000000000000000
	00000000000000000000000000000000000000000000000000000000000000000000000000000000000000000000000000000000000000000000000000000000000000000000000000000000000000000000000000000000000000000000000000000000000000000000000000000000000000000000000000000000000000
	00000000000000000000000000000000000000000000000000000000000000000000000000000000000000000000000000000000000000000000000000000000000000000000000000000000000000000000000000000000000000000000000000000000000000000000004B1000009B390000000000000000000000000000
	00000000000000000000000000000000000000000000000000000000000000000000000000000000000000000000000000000000000000000000000000000000000000000000000000000000000000000000000000000000000000000000000000000000000000000000000000000000000000000000000000000000000000
	00000000000000000000000000000000000000000000000000000000000000000000000000000000000000000000000000000000000000000000000000000000000000000000000000000000000000000000000000000000000000000000000000000000000000000000000000000000000000000000000000000000000000
	0000000000000000000000000000000000000000000000000000000000004B1000009B3900000000000000000000000000000000000000000000000000000000000000000000000000000000000000000000000000000000000000000000000000000000000000000000000000000000000000000000000000000000000000
	00000000000000000000000000000000000000000000000000000000000000000000000000000000000000000000000000000000000000000000000000000000000000000000000000000000000000000000000000000000000000000000000000000000000000000000000000000000000000000000000000000000000000
	00000000000000000000000000000000000000000000000000000000000000000000000000000000000000000000000000000000000000000000000000000000000000000000000000000000000000004B1000000F790000000000000000000000000000000000000000000000000000000000000000000000000000000000
	000000000000000000000000000000000000000000000000000000000000000000000000000000000000000000000000000000000000000000000000000000000000000000000000000000000000000000000000000000000000000000000000000000000000000000000000000000000000000000280700000F7900000000
	00000000000000000000000000000000000000000000000000000000000000000000000000000000000000000000000000000000000000000000000000000000000000000000000000000000000000000000000000000000000000000000000000000000000000000000000000000000000000000000000000000000000000
	00000000000000000000000000000000000000000000000000000028070000E007000000FFFF06FFFF0082FF00807800807FFC807FFF867FFF8042FF80403880403FFC403FFFC63FFFC022FFC02018C0201FFC201FFFE61FFFE012FFE01008E0100FFC100FFFF60FFFF00BFFF00801F00807FC0807FFFE07FFF8037FF80405
	780403F80403FFFE03FFFC077FFC02017C0201FA0201FFFC01FFFE077FFE01037E0100F80100FFFD00FFFF067FFF00837F00807900807FFC0000000627080000483200000000000000000000010000000000000000008000000000000000004000000000000000000000000000800000000000000000400000000000000000
	00000000208000000000000000004000000000000000002000000000000000000000000000400000100000000000200000000000000000100000000000000000000000000020000000000000080010000000000000000008000000000000000000000000001000000000000000000800040000000000000400000000000000
	00000000000008000000000000000004000000000002000002000000000000000000000000000400000000000000000200000000000000000101000000000000000000000000020000000000000000010000000000000000008000000000000000000000000001000000000000000000800000000000000000400000000000
	000000500A0000B91600000000000000008000000000010080004000000000800040000000000000400000000000204000200000000000002000000000000020001010000000000010000000000000100008000000000800080000000000000800040000000000000400040000000004000200000000000002000000000002
	02000100000000000001000000000000010000810000000000008000000000000080004000000000280900009C50000000004000000000200100000000000000000020000080001000000000000000000040100000000008000000000020000000000800000000040010000000000000800004000008000200000000400000
	000004020000000001200000000002000000000100100000000000000000010000080000800000000000000000040080000000004000000000020000000000400000000020010000000000000028020000F48C0000000000000000000000000000000000000000000000000000000000000000000000000000000000000000
	000000000000000000000000000000000000000000000000000000000000000000000000000000000000000000000000000000000000000000000000000000000000000000000000000000000000000000000000000000000000000000000000000000000000000000000000000027030000A7020000000000000000000000
	00000000000000000000000000000000000000000000000000000000000000000000000000000000000000000000000000000000000000000000000000000000000000000000000000000000000000000000000000000000000000000000000000000000000000000000000000000000000000000000000000000000000000
	000000000000000025040000A7020000000000000000000000000000000000000000000000000000000000000000000000000000000000000000000000000000000000000000000000000000000000000000000000000000000000000000000000000000000000000000000000000000000000000000000000000000000000
	00000000000000000000000000000000000000000000000000000000000000000025040000AA7700000000000000000001000000010000000000000000000000000000000000000000000000000000000000000000000000000000000000000000000000000000000000000000000000000000000000000000000000000000
	0000000000000000000000000000000000000000000000000000000000000000000000000000000000000000000000000000000000000000000000000000260E0000AE260000000000000000000000000000000000000000000000000000000000000000000000000000000000000000000000000000000000000000000000
	00000000000000000000000000000000000000000000000000000000000000000000000000000000000000000000000000000000000000000000000000000000000000000000000000000000000000000000000000000000000000260E000046FA000000000000000000000000000000000000000000000000000000000000
	00000000000000000000000000000000000000000000000000000000000000000000000000000000000000000000000000000000000000000000000000000000000000000000000000000000000000000000000000000000000000000000000000000000000000000000000000000000000000000000000000000000000000
	00280D0000CEB1000040008100400001020000000200200000202040002000408000000080000000001010000010102000000020400000004008000000080800000008100000001020040000200400000000040000000408000200081002000010000000000002000001020400010004080000000800000000008100000081
	0200000002040000000400400000004080004000810040000102000000020020000000204000280D000046FA0000000000000000000000000000000000000000000000000000000000000000000000000000000000000000000000000000000000000000000000000000000000000000000000000000000000000000000000
	000000000000000000000000000000000000000000000000000000000000000000000000000000000000000000000000000000000000000000000000000000000000000000000000000000280D0000E78100000000000000000000000000000000000000000000000000000000000000000000000000000000000000000000
	00000000000000000000000000000000000000000000000000000000000000000000000000000000000000000000000000000000000000000000000000000000000000000000000000000000000000000000000000000000000000000000000000000000000000000000000000000000000000000000000000000000000000
	00000000000000000000000000000000000000000000000000000000000000000000000000000000000000000000000000000000000000000000000000000000000000000000000000000000000000000000000000000000000000000000000000000000000000000000000000000000000000000000000000000000000000
	0000000000004D0C0000E78100000000000000000000000000000000000000000000000000000000000000000000000000000000000000000000000000000000000000000000000000000000000000000000000000000000000000000000000000000000000000000000000000000000000000000000000000000000000000
	00000000000000000000000000000000000000000000000000000000000000000000000000000000000000000000000000000000000000000000000000000000000000000000000000000000000000000000000000000000000000000000000000000000000000000000000000000000000000000000000000000000000000
	000000000000000000000000000000000000000000000000000000000000000000000000000000000000000000000000000000000000000000000000000000004D0C000075DD000000000000000000000000000000000000000000000000000000000000000000000000000000000000000000000000000000000000000000
	00000000000000000000000000000000000000000000000000000000000000000000000000000000000000000000000000000000000000000000000000000000000000000000000000000000000000000000000000000000000000000000000000000000000000000000000000000000000000000000000000000000000000
	0000000000000000000000000000000000000000000000000000000000000000000000000000000000000000000000000000000000000000000000000000000000000000000000000000000000000000000000000000000000000000000000000000000000000000000000000000000000000000000000000000000000004E
	0B000075DD0000000000000000000000000000000000000000000000000000000000000000000000000000000000000000000000000000000000000000000000000000000000000000000000000000000000000000000000000000000000000000000000000000000000000000000000000000000000000000000000000000
	00000000000000000000000000000000000000000000000000000000000000000000000000000000000000000000000000000000000000000000000000000000000000000000000000000000000000000000000000000000000000000000000000000000000000000000000000000000000000000000000000000000000000
	000000000000000000000000000000000000000000000000000000000000000000000000000000000000000000000000000000000000000000000000004E0B0000B4DD000000000000000000000000000100000000000000000000000000000000000000000000000000000000000000000000000000000000000000000000
	00000000000000000000000000000000000000000000000000000000000000000000000000000000000000000000000000000000000000000000000000000000000000000000000000000000000000000000000000000000000000000000000000000000000000000000000000000000000000000000000000000000000000
	0000000000000000000000000000000000000000000000000000000000000000000000000000000000000000000000000000000000000000000000000000000000000000000000000000000000000000000000000000000000000000000000000000000000000000000000000000000000000000000000000000004E0B0000
	5D190000000000000000000000000000000000000000000000000000000000000000000000000000000000000000000000000000000000000000000000000000000000000000000000000000000000000000000000000000000000000000000000000000000000000000000000000000000000000000000000000000000000
	00000000000000000000000000000000000000000000000000000000000000000000000000000000000000000000000000000000000000000000000000000000000000000000000000000000000000000000000000000000000000000000000000000000000000000000000000000000000000000000000000000000000000
	0000000000000000000000000000000000000000000000000000000000000000000000000000000000000000000000000000000000004D0000005D1900000000000000000000000000000000000000000000000000000000000000000000000000000000000000000000000000000000000000000000000000000000000000
	00000000000000000000000000000000000000000000000000000000000000000000000000000000000000000000000000000000000000000000000000000000000000000000000000000000000000000000000000000000000000000000000000000000000000000000000000000000000000000000000000000000000000
	000000000000000000000000000000000000000000000000000000000000000000000000000000000000000000000000000000000000000000000000000000000000000000000000000000000000000000000000000000000000000000000000000000000000000000000000000000004D0000005D19000000000000000000
	00000000000000000000000000000000000000000000000000000000000000000000000000000000000000000000000000000000000000000000000000000000000000000000000000000000000000000000000000000000000000000000000000000000000000000000000000000000000000000000000000000000000000
	00000000000000000000000000000000000000000000000000000000000000000000000000000000000000000000000000000000000000000000000000000000000000000000000000000000000000000000000000000000000000000000000000000000000000000000000000000000000000000000000000000000000000
	000000000000000000000000000000000000000000000000000000000000000000000000000000000000004D0000005D19000000000000000000000000000000000000000000000000000000000000000000000000000000000000000000000000000000000000000000000000000000000000000000000000000000000000
	00000000000000000000000000000000000000000000000000000000000000000000000000000000000000000000000000000000000000000000000000000000000000000000000000000000000000000000000000000000000000000000000000000000000000000000000000000000000000000000000000000000000000
	00000000000000000000000000000000000000000000000000000000000000000000000000000000000000000000000000000000000000000000000000000000000000000000000000000000000000000000000000000000000000000000000000000000004D000000CAFF0000000000000000000100000001000000000000
	00000000000000000000000000000000000000000000000000000000000000000000000000000000000000000000000000000000000000000000000000000000000000000000000000000000000000000000000000000000000000000000000000000000000000000000000000000000000000000000000000000000000000
	00000000000000000000000000000000000000000000000000000000000000000000000000000000000000000000000000000000000000000000000000000000000000000000000000000000000000000000000000000000000000000000000000000000000000000000000000000000000000000000000000000000000000
	0000000000000000000000000000000000000000000000000000000000000000000000004E050000CEAE00000000000000000000000000000000000000000000000000000000000000000000000000000000000000000000000000000000000000000000000000000000000000000000000000000000000000000000000000
	00000000000000000000000000000000000000000000000000000000000000000000000000000000000000000000000000000000000000000000000000000000000000000000000000000000000000000000000000000000000000000000000000000000000000000000000000000000000000000000000000000000000000
	00000000000000000000000000000000000000000000000000000000000000000000000000000000000000000000000000000000000000000000000000000000000000000000000000000000000000000000000000000000000000000000000000004E05000088EE0000000000000000000000000000000000000000000000
	00000000000000000000000000000000000000000000000000000000000000000000000000000000000000000000000000000000000000000000000000000000000000000000000000000000000000000000000000000000000000000000000000000000000000000000000000000000000000000000000000000000000000
	00000000000000000000000000000000000000000000000000000000000000000000000000000000000000000000000000000000000000000000000000000000000000000000000000000000000000000000000000000000000000000000000000000000000000000000000000000000000000000000000000000000000000
	0000000000000000000000000000000000000000004B06000088EE00000000000000000000000000000000000000000000000000000000000000000000000000000000000000000000000000000000000000000000000000000000000000000000000000000000000000000000000000000000000000000000000000000000
	00000000000000000000000000000000000000000000000000000000000000000000000000000000000000000000000000000000000000000000000000000000000000000000000000000000000000000000000000000000000000000000000000000000000000000000000000000000000000000000000000000000000000
	00000000000000000000000000000000000000000000000000000000000000000000000000000000000000000000000000000000000000000000000000000000000000000000004B0600004DBF0000000000000000000100000000000000000000000000000000000000000000000000000000000000000000000000000000
	00000000000000000000000000000000000000000000000000000000000000000000000000000000000000000000000000000000000000000000000000000000000000000000000000000000000000000000000000000000000000000000000000000000000000000000000000000000000000000000000000000000000000
	000000000000000000000000000000000000000000000000000000000000000000000000000000000000000000000000000000000000000000000000000000000000000000000000000000000000000000000000000000000000000000000000000000000000000000000000000000000000000000000000004B0600007BAB
	00000000000000000000000000000000000000000000000000000000000000000000000000000000000000000000000000000000000000000000000000000000000000000000000000000000000000000000000000000000000000000000000000000000000000000000000000000000000000000000000000000000000000
	00000000000000000000000000000000000000000000000000000000000000000000000000000000000000000000000000000000000000000000000000000000000000000000000000000000000000000000000000000000000000000000000000000000000000000000000000000000000000000000000000000000000000
	000000000000000000000000000000000000000000000000000000000000000048010000BEC20000000000000000000000000001000000000000000000000000000000000000000000000000000000000000000000000000000000000000000000000000000000000000000000000000000000000000000000000000000000
	00000000000000000000000000000000000000000000000000000000000000000000000000000000000000000000000000000000000000000000000000000000000000000000000000000000000000000000000000000000000000000000000000000000000000000000000000000000000000000000000000000000000000
	000000000000000000000000000000000000000000000000000000000000000000000000000000000000000000000000000000000000000000000000000000000000000000000000000000000000000000000000000000000000000000000000000000000000500F00007FC200000000000000000000000000000000000000
	00000000000000000000000000000000000000000000000000000000000000000000000000000000000000000000000000000000000000000000000000000000000000000000000000000000000000000000000000000000000000000000000000000000000000000000000000000000000000000000000000000000000000
	00000000000000000000000000000000000000000000000000000000000000000000000000000000000000000000000000000000000000000000000000000000000000000000000000000000000000000000000000000000000000000000000000000000000000000000000000000000000000000000000000000000000000
	000000000000000000000000000000000000000000000000000000000000000000000000000000000000000000500F00007FC200000000000000000000000000000000000000000000000000000000000000000000000000000000000000000000000000000000000000000000000000000000000000000000000000000000
	00000000000000000000000000000000000000000000000000000000000000000000000000000000000000000000000000000000000000000000000000000000000000000000000000000000000000000000000000000000000000000000000000000000000000000000000000000000000000000000000000000000000000
	00000000000000000000000000000000000000000000000000000000000000000000000000000000000000000000000000000000000000000000000000000000000000000000000000000000000000000000000000000000000000000000000000000000000000000000000000000000000000500F00009B39000000000000
	00000000000000000000000000000000000000000000000000000000000000000000000000000000000000000000000000000000000000000000000000000000000000000000000000000000000000000000000000000000000000000000000000000000000000000000000000000000000000000000000000000000000000
	00000000000000000000000000000000000000000000000000000000000000000000000000000000000000000000000000000000000000000000000000000000000000000000000000000000000000000000000000000000000000000000000000000000000000000000000000000000000000000000000000000000000000
	00000000000000000000000000000000000000000000000000000000000000000000000000004B1000009B390000000000000000000000000000000000000000000000000000000000000000000000000000000000000000000000000000000000000000000000000000000000000000000000000000000000000000000000
	00000000000000000000000000000000000000000000000000000000000000000000000000000000000000000000000000000000000000000000000000000000000000000000000000000000000000000000000000000000000000000000000000000000000000000000000000000000000000000000000000000000000000
	000000000000000000000000000000000000000000000000000000000000000000000000000000000000000000000000000000000000000000000000000000000000000000000000000000000000000000000000000000004B1000009B39000000000000000000000000000000000000000000000000000000000000000000
	00000000000000000000000000000000000000000000000000000000000000000000000000000000000000000000000000000000000000000000000000000000000000000000000000000000000000000000000000000000000000000000000000000000000000000000000000000000000000000000000000000000000000
	00000000000000000000000000000000000000000000000000000000000000000000000000000000000000000000000000000000000000000000000000000000000000000000000000000000000000000000000000000000000000000000000000000000000000000000000000000000000000000000000000000000000000
	00000000000000000000004B1000000F790000000000000000000000000000000000000000000000000000000000000000000000000000000000000000000000000000000000000000000000000000000000000000000000000000000000000000000000000000000000000000000000000000000000000000000000000000
	000000000000000000000000000000000000000000000000000000000000000000000000000000000000000000000000280700000F7900000000000000000000000000000000000000000000000000000000000000000000000000000000000000000000000000000000000000000000000000000000000000000000000000
	0000000000000000000000000000000000000000000000000000000000000000000000000000000000000000000000000000000000000000000000000000000000000000000000000000000000000000000000000028070000E456000000FFFF06FFFF0083FF00807900807FFC807FFF867FFF8042FF80403880403FFC403F
	FFC63FFFC022FFC02018C0201FFC201FFFE61FFFE012FFE01008E0100FFC100FFFF60FFFF00BFFF00801F00807FC0807FFFE07FFF8037FF80405780403F80403FFFE03FFFC077FFC02017C0201FA0201FFFC01FFFE077FFE01037E0100F80100FFFD00FFFF067FFF00837F00807900807FFC00000006270800004832000000
	00000000000000010000000000000000008000000000000000004000000000000000000000000000800000000000000000400000000000000000000000002080000000000000000040000000000000000020000000000000000000000000004000001000000000002000000000000000001000000000000000000000000000
	20000000000000080010000000000000000008000000000000000000000000001000000000000000000800040000000000000400000000000000000000000000080000000000000000040000000000020000020000000000000000000000000004000000000000000002000000000000000001010000000000000000000000
	00020000000000000000010000000000000000008000000000000000000000000001000000000000000000800000000000000000400000000000000000500A00007816000000000000000080000000000000800040000000008000400000000000004000000000002040002000000000000020000000000000200010100000
	0000001000000000000010000800000000080008000000000000080004000000000000040004000000000400020000000000000200000000000202000100000000000001000000000000010000810000000000008000000000000080004000000000280900009C500000000040000000002001000000000000000000200000
	80001000000000000000000040100000000008000000000020000000000800000000040010000000000000800004000008000200000000400000000004020000000001200000000002000000000100100000000000000000010000080000800000000000000000040080000000004000000000020000000000400000000020
	01000000000000002802000031DD0000000000000000000100000000000000000000000000000000000000000000000000000000000000000000000000000000000000000000000000000000000000000000000000000000000000000000000000000000000000000000000000000000000000000000000000000000000000
	000000000000000000000000000000000000000000000000000000000000000000000000000000000027030000A7020000000000000000000000000000000000000000000000000000000000000000000000000000000000000000000000000000000000000000000000000000000000000000000000000000000000000000
	00000000000000000000000000000000000000000000000000000000000000000000000000000000000000000000000000000000000000000000000000000000000025040000660200000000000000000000000000010000000000000000000000000000000000000000000000000000000000000000000000000000000000
	0000000000000000000000000000000000000000000000000000000000000000000000000000000000000000000000000000000000000000000000000000000000000000000000000000000000000000000000000000000000000025040000AE26000000000000000000000000000000000000000000000000000000000000
	000000000000000000000000000000000000000000000000000000000000000000000000000000000000000000000000000000000000000000000000000000000000000000000000000000000000000000000000000000000000000000000000000000000000000000000000000000000000000000000000260E0000AE2600
	00000000000000000000000000000000000000000000000000000000000000000000000000000000000000000000000000000000000000000000000000000000000000000000000000000000000000000000000000000000000000000000000000000000000000000000000000000000000000000000000000000000000000
	00000000000000000000000000000000000000000000260E000046FA000000000000000000000000000000000000000000000000000000000000000000000000000000000000000000000000000000000000000000000000000000000000000000000000000000000000000000000000000000000000000000000000000000
	0000000000000000000000000000000000000000000000000000000000000000000000000000000000000000000000000000000000000000000000280D0000CEB10000400081004000010200000002002000002020400020004080000000800000000010100000101020000000204000000040080000000808000000081000
	000010200400002004000000000400000004080002000810020000100000000000020000010204000100040800000008000000000081000000810200000002040000000400400000004080004000810040000102000000020020000000204000280D000046FA00000000000000000000000000000000000000000000000000
	00000000000000000000000000000000000000000000000000000000000000000000000000000000000000000000000000000000000000000000000000000000000000000000000000000000000000000000000000000000000000000000000000000000000000000000000000000000000000000000000000000000000000
	000000000000280D0000E78100000000000000000000000000000000000000000000000000000000000000000000000000000000000000000000000000000000000000000000000000000000000000000000000000000000000000000000000000000000000000000000000000000000000000000000000000000000000000
	00000000000000000000000000000000000000000000000000000000000000000000000000000000000000000000000000000000000000000000000000000000000000000000000000000000000000000000000000000000000000000000000000000000000000000000000000000000000000000000000000000000000000
	000000000000000000000000000000000000000000000000000000000000000000000000000000000000000000000000000000000000000000000000000000004D0C0000E781000000000000000000000000000000000000000000000000000000000000000000000000000000000000000000000000000000000000000000
	00000000000000000000000000000000000000000000000000000000000000000000000000000000000000000000000000000000000000000000000000000000000000000000000000000000000000000000000000000000000000000000000000000000000000000000000000000000000000000000000000000000000000
	00000000000000000000000000000000000000000000000000000000000000000000000000000000000000000000000000000000000000000000000000000000000000000000000000000000000000000000000000000000000000000000000000000000000000000000000000000000000000000000000000004D0C000071
	8C000000000000000000010000000100000000000000000000000000000000000000000000000000000000000000000000000000000000000000000000000000000000000000000000000000000000000000000000000000000000000000000000000000000000000000000000000000000000000000000000000000000000
	00000000000000000000000000000000000000000000000000000000000000000000000000000000000000000000000000000000000000000000000000000000000000000000000000000000000000000000000000000000000000000000000000000000000000000000000000000000000000000000000000000000000000
	0000000000000000000000000000000000000000000000000000000000000000000000000000000000000000000000000000000000000000004E0B000075DD00000000000000000000000000000000000000000000000000000000000000000000000000000000000000000000000000000000000000000000000000000000
	00000000000000000000000000000000000000000000000000000000000000000000000000000000000000000000000000000000000000000000000000000000000000000000000000000000000000000000000000000000000000000000000000000000000000000000000000000000000000000000000000000000000000
	00000000000000000000000000000000000000000000000000000000000000000000000000000000000000000000000000000000000000000000000000000000000000000000000000000000000000000000000000000000000000000000000000000000000000000000000000000000000000000000004E0B000075DD0000
	00000000000000000000000000000000000000000000000000000000000000000000000000000000000000000000000000000000000000000000000000000000000000000000000000000000000000000000000000000000000000000000000000000000000000000000000000000000000000000000000000000000000000
	00000000000000000000000000000000000000000000000000000000000000000000000000000000000000000000000000000000000000000000000000000000000000000000000000000000000000000000000000000000000000000000000000000000000000000000000000000000000000000000000000000000000000
	0000000000000000000000000000000000000000000000000000000000000000000000000000000000000000000000000000000000004E0B00005D1900000000000000000000000000000000000000000000000000000000000000000000000000000000000000000000000000000000000000000000000000000000000000
	00000000000000000000000000000000000000000000000000000000000000000000000000000000000000000000000000000000000000000000000000000000000000000000000000000000000000000000000000000000000000000000000000000000000000000000000000000000000000000000000000000000000000
	000000000000000000000000000000000000000000000000000000000000000000000000000000000000000000000000000000000000000000000000000000000000000000000000000000000000000000000000000000000000000000000000000000000000000000000000000000004D0000005D19000000000000000000
	00000000000000000000000000000000000000000000000000000000000000000000000000000000000000000000000000000000000000000000000000000000000000000000000000000000000000000000000000000000000000000000000000000000000000000000000000000000000000000000000000000000000000
	00000000000000000000000000000000000000000000000000000000000000000000000000000000000000000000000000000000000000000000000000000000000000000000000000000000000000000000000000000000000000000000000000000000000000000000000000000000000000000000000000000000000000
	000000000000000000000000000000000000000000000000000000000000000000000000000000000000004D0000005D19000000000000000000000000000000000000000000000000000000000000000000000000000000000000000000000000000000000000000000000000000000000000000000000000000000000000
	00000000000000000000000000000000000000000000000000000000000000000000000000000000000000000000000000000000000000000000000000000000000000000000000000000000000000000000000000000000000000000000000000000000000000000000000000000000000000000000000000000000000000
	00000000000000000000000000000000000000000000000000000000000000000000000000000000000000000000000000000000000000000000000000000000000000000000000000000000000000000000000000000000000000000000000000000000004D0000005D190000000000000000000000000000000000000000
	00000000000000000000000000000000000000000000000000000000000000000000000000000000000000000000000000000000000000000000000000000000000000000000000000000000000000000000000000000000000000000000000000000000000000000000000000000000000000000000000000000000000000
	00000000000000000000000000000000000000000000000000000000000000000000000000000000000000000000000000000000000000000000000000000000000000000000000000000000000000000000000000000000000000000000000000000000000000000000000000000000000000000000000000000000000000
	00000000000000000000000000000000000000000000000000000000000000004D000000CEAE0000000000000000000000000000000000000000000000000000000000000000000000000000000000000000000000000000000000000000000000000000000000000000000000000000000000000000000000000000000000
	00000000000000000000000000000000000000000000000000000000000000000000000000000000000000000000000000000000000000000000000000000000000000000000000000000000000000000000000000000000000000000000000000000000000000000000000000000000000000000000000000000000000000
	000000000000000000000000000000000000000000000000000000000000000000000000000000000000000000000000000000000000000000000000000000000000000000000000000000000000000000000000000000000000000000004E050000CEAE000000000000000000000000000000000000000000000000000000
	00000000000000000000000000000000000000000000000000000000000000000000000000000000000000000000000000000000000000000000000000000000000000000000000000000000000000000000000000000000000000000000000000000000000000000000000000000000000000000000000000000000000000
	00000000000000000000000000000000000000000000000000000000000000000000000000000000000000000000000000000000000000000000000000000000000000000000000000000000000000000000000000000000000000000000000000000000000000000000000000000000000000000000000000000000000000
	00000000000000000000000000000000000000000000000000000000004E05000088EE0000000000000000000000000000000000000000000000000000000000000000000000000000000000000000000000000000000000000000000000000000000000000000000000000000000000000000000000000000000000000000
	00000000000000000000000000000000000000000000000000000000000000000000000000000000000000000000000000000000000000000000000000000000000000000000000000000000000000000000000000000000000000000000000000000000000000000000000000000000000000000000000000000000000000
	000000000000000000000000000000000000000000000000000000000000000000000000000000000000000000000000000000000000000000000000000000000000000000000000000000000000004B06000088EE000000000000000000000000000000000000000000000000000000000000000000000000000000000000
	00000000000000000000000000000000000000000000000000000000000000000000000000000000000000000000000000000000000000000000000000000000000000000000000000000000000000000000000000000000000000000000000000000000000000000000000000000000000000000000000000000000000000
	00000000000000000000000000000000000000000000000000000000000000000000000000000000000000000000000000000000000000000000000000000000000000000000000000000000000000000000000000000000000000000000000000000000000000000000000000000000000000000000000000000000000000
	00004B06000088EE0000000000000000000000000000000000000000000000000000000000000000000000000000000000000000000000000000000000000000000000000000000000000000000000000000000000000000000000000000000000000000000000000000000000000000000000000000000000000000000000
	00000000000000000000000000000000000000000000000000000000000000000000000000000000000000000000000000000000000000000000000000000000000000000000000000000000000000000000000000000000000000000000000000000000000000000000000000000000000000000000000000000000000000
	000000000000000000000000000000000000000000000000000000000000000000000000000000000000000000000000000000004B0600007BAB000000000000000000000000000000000000000000000000000000000000000000000000000000000000000000000000000000000000000000000000000000000000000000
	00000000000000000000000000000000000000000000000000000000000000000000000000000000000000000000000000000000000000000000000000000000000000000000000000000000000000000000000000000000000000000000000000000000000000000000000000000000000000000000000000000000000000
	000000000000000000000000000000000000000000000000000000000000000000000000000000000000000000000000000000000000000000000000000000000000000000000000000000000000000000000000000000000000480100007FC200000000000000000000000000000000000000000000000000000000000000
	00000000000000000000000000000000000000000000000000000000000000000000000000000000000000000000000000000000000000000000000000000000000000000000000000000000000000000000000000000000000000000000000000000000000000000000000000000000000000000000000000000000000000
	00000000000000000000000000000000000000000000000000000000000000000000000000000000000000000000000000000000000000000000000000000000000000000000000000000000000000000000000000000000000000000000000000000000000000000000000000000000000000000000000000000000000000
	000000000000000000000000000000000000000000000000000000000000000000500F00007FC200000000000000000000000000000000000000000000000000000000000000000000000000000000000000000000000000000000000000000000000000000000000000000000000000000000000000000000000000000000
	00000000000000000000000000000000000000000000000000000000000000000000000000000000000000000000000000000000000000000000000000000000000000000000000000000000000000000000000000000000000000000000000000000000000000000000000000000000000000000000000000000000000000
	00000000000000000000000000000000000000000000000000000000000000000000000000000000000000000000000000000000000000000000000000000000000000000000000000000000000000000000000000000000000000000000000000000000000000500F00007FC2000000000000000000000000000000000000
	00000000000000000000000000000000000000000000000000000000000000000000000000000000000000000000000000000000000000000000000000000000000000000000000000000000000000000000000000000000000000000000000000000000000000000000000000000000000000000000000000000000000000
	00000000000000000000000000000000000000000000000000000000000000000000000000000000000000000000000000000000000000000000000000000000000000000000000000000000000000000000000000000000000000000000000000000000000000000000000000000000000000000000000000000000000000
	00000000000000000000000000000000000000000000000000000000000000000000000000000000000000000000500F00009B39000000000000000000000000000000000000000000000000000000000000000000000000000000000000000000000000000000000000000000000000000000000000000000000000000000
	00000000000000000000000000000000000000000000000000000000000000000000000000000000000000000000000000000000000000000000000000000000000000000000000000000000000000000000000000000000000000000000000000000000000000000000000000000000000000000000000000000000000000
	0000000000000000000000000000000000000000000000000000000000000000000000000000000000000000000000000000000000000000000000000000000000000000000000000000000000000000000000000000000000000000000000004B1000009B3900000000000000000000000000000000000000000000000000
	00000000000000000000000000000000000000000000000000000000000000000000000000000000000000000000000000000000000000000000000000000000000000000000000000000000000000000000000000000000000000000000000000000000000000000000000000000000000000000000000000000000000000
	00000000000000000000000000000000000000000000000000000000000000000000000000000000000000000000000000000000000000000000000000000000000000000000000000000000000000000000000000000000000000000000000000000000000000000000000000000000000000000000000000000000000000
	000000000000000000000000000000000000004B1000005E68000000000000000000010000000000000000000000000000000000000000000000000000000000000000000000000000000000000000000000000000000000000000000000000000000000000000000000000000000000000000000000000000000000000000
	00000000000000000000000000000000000000000000000000000000000000000000000000000000000000000000000000000000000000000000000000000000000000000000000000000000000000000000000000000000000000000000000000000000000000000000000000000000000000000000000000000000000000
	0000000000000000000000000000000000000000000000000000000000000000000000000000000000000000000000000000000000000000000000000000000000000000004B1000000F7900000000000000000000000000000000000000000000000000000000000000000000000000000000000000000000000000000000
	0000000000000000000000000000000000000000000000000000000000000000000000000000000000000000000000000000000000000000000000000000000000000000000000000000000000000000000000000000000000000000000000000000000000000000000028070000CE79000000000000000000000000000100
	00000000000000000000000000000000000000000000000000000000000000000000000000000000000000000000000000000000000000000000000000000000000000000000000000000000000000000000000000000000000000000000000000000000000000000000000000000000000000000000000000000000000000
	0000000000000000000000000000000028070000E007000000FFFF06FFFF0082FF00807800807FFC807FFF867FFF8042FF80403880403FFC403FFFC63FFFC022FFC02018C0201FFC201FFFE61FFFE012FFE01008E0100FFC100FFFF60FFFF00BFFF00801F00807FC0807FFFE07FFF8037FF80405780403F80403FFFE03FFFC
	077FFC02017C0201FA0201FFFC01FFFE077FFE01037E0100F80100FFFD00FFFF067FFF00837F00807900807FFC00000006270800004832000000000000000000000100000000000000000080000000000000000040000000000000000000000000008000000000000000004000000000000000000000000020800000000000
	00000040000000000000000020000000000000000000000000004000001000000000002000000000000000001000000000000000000000000000200000000000000800100000000000000000080000000000000000000000000010000000000000000008000400000000000004000000000000000000000000000800000000
	0000000004000000000002000002000000000000000000000000000400000000000000000200000000000000000101000000000000000000000000020000000000000000010000000000000000008000000000000000000000000001000000000000000000800000000000000000400000000000000000500A000078160000
	00000000000080000000000000800040000000008000400000000000004000000000002040002000000000000020000000000000200010100000000000100000000000001000080000000008000800000000000008000400000000000004000400000000040002000000000000020000000000020200010000000000000100
	0000000000010000810000000000008000000000000080004000000000280900009C500000000040000000002001000000000000000000200000800010000000000000000000401000000000080000000000200000000008000000000400100000000000008000040000080002000000004000000000040200000000012000
	00000002000000000100100000000000000000010000080000800000000000000000040080000000004000000000020000000000400000000020010000000000000028020000F48C00000000000000000000000000000000000000000000000000000000000000000000000000000000000000000000000000000000000000
	00000000000000000000000000000000000000000000000000000000000000000000000000000000000000000000000000000000000000000000000000000000000000000000000000000000000000000000000000000000000000000000000000000027030000A70200000000000000000000000000000000000000000000
	00000000000000000000000000000000000000000000000000000000000000000000000000000000000000000000000000000000000000000000000000000000000000000000000000000000000000000000000000000000000000000000000000000000000000000000000000000000000000000000000000000000250400
	00A70200000000000000000000000000000000000000000000000000000000000000000000000000000000000000000000000000000000000000000000000000000000000000000000000000000000000000000000000000000000000000000000000000000000000000000000000000000000000000000000000000000000
	0000000000000000000000000000000000000000000025040000AA77000000000000000000010000000100000000000000000000000000000000000000000000000000000000000000000000000000000000000000000000000000000000000000000000000000000000000000000000000000000000000000000000000000
	000000000000000000000000000000000000000000000000000000000000000000000000000000000000000000000000000000260E0000AE2600000000000000000000000000000000000000000000000000000000000000000000000000000000000000000000000000000000000000000000000000000000000000000000
	0000000000000000000000000000000000000000000000000000000000000000000000000000000000000000000000000000000000000000000000000000000000000000000000000000000000000000260E000046FA0000000000000000000000000000000000000000000000000000000000000000000000000000000000
	000000000000000000000000000000000000000000000000000000000000000000000000000000000000000000000000000000000000000000000000000000000000000000000000000000000000000000000000000000000000000000000000000000000000000000000000000000000000000000280D0000CEB100004000
	81004000010200000002002000002020400020004080000000800000000010100000101020000000204000000040080000000808000000081000000010200400002004000000000400000004080002000810020000100000000000020000010204000100040800000008000000000081000000810200000002040000000400
	400000004080004000810040000102000000020020000000204000280D000083AB00000000000000000001000000000000000000000000000000000000000000000000000000000000000000000000000000000000000000000000000000000000000000000000000000000000000000000000000000000000000000000000
	00000000000000000000000000000000000000000000000000000000000000000000000000000000000000000000000000000000000000000000000000000000280D0000E781000000000000000000000000000000000000000000000000000000000000000000000000000000000000000000000000000000000000000000
	00000000000000000000000000000000000000000000000000000000000000000000000000000000000000000000000000000000000000000000000000000000000000000000000000000000000000000000000000000000000000000000000000000000000000000000000000000000000000000000000000000000000000
	00000000000000000000000000000000000000000000000000000000000000000000000000000000000000000000000000000000000000000000000000000000000000000000000000000000000000000000000000000000000000000000000000000000000000000000000000000000000000000000000000004D0C000026
	81000000000000000000000000000100000000000000000000000000000000000000000000000000000000000000000000000000000000000000000000000000000000000000000000000000000000000000000000000000000000000000000000000000000000000000000000000000000000000000000000000000000000
	00000000000000000000000000000000000000000000000000000000000000000000000000000000000000000000000000000000000000000000000000000000000000000000000000000000000000000000000000000000000000000000000000000000000000000000000000000000000000000000000000000000000000
	00000000000000000000000000000000000000000000000000000000000000000000000000000000000000000000000000000000004D0C000075DD0000000000000000000000000000000000000000000000000000000000000000000000000000000000000000000000000000000000000000000000000000000000000000
	00000000000000000000000000000000000000000000000000000000000000000000000000000000000000000000000000000000000000000000000000000000000000000000000000000000000000000000000000000000000000000000000000000000000000000000000000000000000000000000000000000000000000
	000000000000000000000000000000000000000000000000000000000000000000000000000000000000000000000000000000000000000000000000000000000000000000000000000000000000000000000000000000000000000000000000000000000000000000000000000000000000004E0B000075DD000000000000
	00000000000000000000000000000000000000000000000000000000000000000000000000000000000000000000000000000000000000000000000000000000000000000000000000000000000000000000000000000000000000000000000000000000000000000000000000000000000000000000000000000000000000
	00000000000000000000000000000000000000000000000000000000000000000000000000000000000000000000000000000000000000000000000000000000000000000000000000000000000000000000000000000000000000000000000000000000000000000000000000000000000000000000000000000000000000
	00000000000000000000000000000000000000000000000000000000000000000000000000000000000000000000000000004E0B000075DD0000000000000000000000000000000000000000000000000000000000000000000000000000000000000000000000000000000000000000000000000000000000000000000000
	00000000000000000000000000000000000000000000000000000000000000000000000000000000000000000000000000000000000000000000000000000000000000000000000000000000000000000000000000000000000000000000000000000000000000000000000000000000000000000000000000000000000000
	000000000000000000000000000000000000000000000000000000000000000000000000000000000000000000000000000000000000000000000000000000000000000000000000000000000000000000000000000000000000000000000000000000000000000000000000000000004E0B00005D19000000000000000000
	00000000000000000000000000000000000000000000000000000000000000000000000000000000000000000000000000000000000000000000000000000000000000000000000000000000000000000000000000000000000000000000000000000000000000000000000000000000000000000000000000000000000000
	00000000000000000000000000000000000000000000000000000000000000000000000000000000000000000000000000000000000000000000000000000000000000000000000000000000000000000000000000000000000000000000000000000000000000000000000000000000000000000000000000000000000000
	000000000000000000000000000000000000000000000000000000000000000000000000000000000000004D0000005D19000000000000000000000000000000000000000000000000000000000000000000000000000000000000000000000000000000000000000000000000000000000000000000000000000000000000
	00000000000000000000000000000000000000000000000000000000000000000000000000000000000000000000000000000000000000000000000000000000000000000000000000000000000000000000000000000000000000000000000000000000000000000000000000000000000000000000000000000000000000
	00000000000000000000000000000000000000000000000000000000000000000000000000000000000000000000000000000000000000000000000000000000000000000000000000000000000000000000000000000000000000000000000000000000004D0000005D190000000000000000000000000000000000000000
	00000000000000000000000000000000000000000000000000000000000000000000000000000000000000000000000000000000000000000000000000000000000000000000000000000000000000000000000000000000000000000000000000000000000000000000000000000000000000000000000000000000000000
	00000000000000000000000000000000000000000000000000000000000000000000000000000000000000000000000000000000000000000000000000000000000000000000000000000000000000000000000000000000000000000000000000000000000000000000000000000000000000000000000000000000000000
	00000000000000000000000000000000000000000000000000000000000000004D0000005D190000000000000000000000000000000000000000000000000000000000000000000000000000000000000000000000000000000000000000000000000000000000000000000000000000000000000000000000000000000000
	00000000000000000000000000000000000000000000000000000000000000000000000000000000000000000000000000000000000000000000000000000000000000000000000000000000000000000000000000000000000000000000000000000000000000000000000000000000000000000000000000000000000000
	0000000000000000000000000000000000000000000000000000000000000000000000000000000000000000000000000000000000000000000000000000000000000000000000000000000000000000000000000000000000004D000000CAFF00000000000000000001000000010000000000000000000000000000000000
	00000000000000000000000000000000000000000000000000000000000000000000000000000000000000000000000000000000000000000000000000000000000000000000000000000000000000000000000000000000000000000000000000000000000000000000000000000000000000000000000000000000000000
	00000000000000000000000000000000000000000000000000000000000000000000000000000000000000000000000000000000000000000000000000000000000000000000000000000000000000000000000000000000000000000000000000000000000000000000000000000000000000000000000000000000000000
	000000000000000000000000000000000000000000000000004E050000CEAE000000000000000000000000000000000000000000000000000000000000000000000000000000000000000000000000000000000000000000000000000000000000000000000000000000000000000000000000000000000000000000000000
	00000000000000000000000000000000000000000000000000000000000000000000000000000000000000000000000000000000000000000000000000000000000000000000000000000000000000000000000000000000000000000000000000000000000000000000000000000000000000000000000000000000000000
	0000000000000000000000000000000000000000000000000000000000000000000000000000000000000000000000000000000000000000000000000000000000000000000000000000000000000000000000000000004E05000088EE00000000000000000000000000000000000000000000000000000000000000000000
	00000000000000000000000000000000000000000000000000000000000000000000000000000000000000000000000000000000000000000000000000000000000000000000000000000000000000000000000000000000000000000000000000000000000000000000000000000000000000000000000000000000000000
	00000000000000000000000000000000000000000000000000000000000000000000000000000000000000000000000000000000000000000000000000000000000000000000000000000000000000000000000000000000000000000000000000000000000000000000000000000000000000000000000000000000000000
	000000000000000000004B06000088EE000000000000000000000000000000000000000000000000000000000000000000000000000000000000000000000000000000000000000000000000000000000000000000000000000000000000000000000000000000000000000000000000000000000000000000000000000000
	00000000000000000000000000000000000000000000000000000000000000000000000000000000000000000000000000000000000000000000000000000000000000000000000000000000000000000000000000000000000000000000000000000000000000000000000000000000000000000000000000000000000000
	0000000000000000000000000000000000000000000000000000000000000000000000000000000000000000000000000000000000000000000000004B0600004DBF00000000000000000001000000000000000000000000000000000000000000000000000000000000000000000000000000000000000000000000000000
	00000000000000000000000000000000000000000000000000000000000000000000000000000000000000000000000000000000000000000000000000000000000000000000000000000000000000000000000000000000000000000000000000000000000000000000000000000000000000000000000000000000000000
	00000000000000000000000000000000000000000000000000000000000000000000000000000000000000000000000000000000000000000000000000000000000000000000000000000000000000000000000000000000000000000000000000000000000000000000000000004B0600007BAB0000000000000000000000
	00000000000000000000000000000000000000000000000000000000000000000000000000000000000000000000000000000000000000000000000000000000000000000000000000000000000000000000000000000000000000000000000000000000000000000000000000000000000000000000000000000000000000
	00000000000000000000000000000000000000000000000000000000000000000000000000000000000000000000000000000000000000000000000000000000000000000000000000000000000000000000000000000000000000000000000000000000000000000000000000000000000000000000000000000000000000
	00000000000000000000000000000000000000000048010000BEC200000000000000000000000000010000000000000000000000000000000000000000000000000000000000000000000000000000000000000000000000000000000000000000000000000000000000000000000000000000000000000000000000000000
	00000000000000000000000000000000000000000000000000000000000000000000000000000000000000000000000000000000000000000000000000000000000000000000000000000000000000000000000000000000000000000000000000000000000000000000000000000000000000000000000000000000000000
	00000000000000000000000000000000000000000000000000000000000000000000000000000000000000000000000000000000000000000000000000000000000000000000000000000000000000000000000000000000000000500F00007FC2000000000000000000000000000000000000000000000000000000000000
	00000000000000000000000000000000000000000000000000000000000000000000000000000000000000000000000000000000000000000000000000000000000000000000000000000000000000000000000000000000000000000000000000000000000000000000000000000000000000000000000000000000000000
	00000000000000000000000000000000000000000000000000000000000000000000000000000000000000000000000000000000000000000000000000000000000000000000000000000000000000000000000000000000000000000000000000000000000000000000000000000000000000000000000000000000000000
	00000000000000000000000000000000000000000000000000000000000000000000500F00007FC2000000000000000000000000000000000000000000000000000000000000000000000000000000000000000000000000000000000000000000000000000000000000000000000000000000000000000000000000000000
	00000000000000000000000000000000000000000000000000000000000000000000000000000000000000000000000000000000000000000000000000000000000000000000000000000000000000000000000000000000000000000000000000000000000000000000000000000000000000000000000000000000000000
	0000000000000000000000000000000000000000000000000000000000000000000000000000000000000000000000000000000000000000000000000000000000000000000000000000000000000000000000000000000000000000000000000000000000000000500F00009B390000000000000000000000000000000000
	00000000000000000000000000000000000000000000000000000000000000000000000000000000000000000000000000000000000000000000000000000000000000000000000000000000000000000000000000000000000000000000000000000000000000000000000000000000000000000000000000000000000000
	00000000000000000000000000000000000000000000000000000000000000000000000000000000000000000000000000000000000000000000000000000000000000000000000000000000000000000000000000000000000000000000000000000000000000000000000000000000000000000000000000000000000000
	0000000000000000000000000000000000000000000000000000004B1000009B3900000000000000000000000000000000000000000000000000000000000000000000000000000000000000000000000000000000000000000000000000000000000000000000000000000000000000000000000000000000000000000000
	00000000000000000000000000000000000000000000000000000000000000000000000000000000000000000000000000000000000000000000000000000000000000000000000000000000000000000000000000000000000000000000000000000000000000000000000000000000000000000000000000000000000000
	00000000000000000000000000000000000000000000000000000000000000000000000000000000000000000000000000000000000000000000000000000000000000000000000000000000004B1000009B390000000000000000000000000000000000000000000000000000000000000000000000000000000000000000
	00000000000000000000000000000000000000000000000000000000000000000000000000000000000000000000000000000000000000000000000000000000000000000000000000000000000000000000000000000000000000000000000000000000000000000000000000000000000000000000000000000000000000
	00000000000000000000000000000000000000000000000000000000000000000000000000000000000000000000000000000000000000000000000000000000000000000000000000000000000000000000000000000000000000000000000000000000000000000000000000000000000000000000000000000000000000
	4B1000000F7900000000000000000000000000000000000000000000000000000000000000000000000000000000000000000000000000000000000000000000000000000000000000000000000000000000000000000000000000000000000000000000000000000000000000000000000000000000000000000000000000
	00000000000000000000000000000000000000000000000000000000000000000000000000280700000F79000000000000000000000000000000000000000000000000000000000000000000000000000000000000000000000000000000000000000000000000000000000000000000000000000000000000000000000000
	000000000000000000000000000000000000000000000000000000000000000000000000000000000000000000000000000000000000000000000000000000000000000000000000000028070000E456000000FFFF06FFFF0083FF00807900807FFC807FFF867FFF8042FF80403880403FFC403FFFC63FFFC022FFC02018C0
	201FFC201FFFE61FFFE012FFE01008E0100FFC100FFFF60FFFF00BFFF00801F00807FC0807FFFE07FFF8037FF80405780403F80403FFFE03FFFC077FFC02017C0201FA0201FFFC01FFFE077FFE01037E0100F80100FFFD00FFFF067FFF00837F00807900807FFC000000062708000048320000000000000000000001000000
	00000000000080000000000000000040000000000000000000000000008000000000000000004000000000000000000000000020800000000000000000400000000000000000200000000000000000000000000040000010000000000020000000000000000010000000000000000000000000002000000000000008001000
	00000000000000080000000000000000000000000010000000000000000008000400000000000004000000000000000000000000000800000000000000000400000000000200000200000000000000000000000000040000000000000000020000000000000000010100000000000000000000000002000000000000000001
	0000000000000000008000000000000000000000000001000000000000000000800000000000000000400000000000000000500A000078160000000000000000800000000000008000400000000080004000000000000040000000000020400020000000000000200000000000002000101000000000001000000000000010
	000800000000080008000000000000080004000000000000040004000000000400020000000000000200000000000202000100000000000001000000000000010000810000000000008000000000000080004000000000280900009C5000000000400000000020010000000000000000002000008000100000000000000000
	00401000000000080000000000200000000008000000000400100000000000008000040000080002000000004000000000040200000000012000000000020000000001001000000000000000000100000800008000000000000000000400800000000040000000000200000000004000000000200100000000000000280200
	0031DD00000000000000000001000000000000000000000000000000000000000000000000000000000000000000000000000000000000000000000000000000000000000000000000000000000000000000000000000000000000000000000000000000000000000000000000000000000000000000000000000000000000
	00000000000000000000000000000000000000000000000000000000000027030000A70200000000000000000000000000000000000000000000000000000000000000000000000000000000000000000000000000000000000000000000000000000000000000000000000000000000000000000000000000000000000000
	00000000000000000000000000000000000000000000000000000000000000000000000000000000000000000000000000000000000000250400006602000000000000000000000000000100000000000000000000000000000000000000000000000000000000000000000000000000000000000000000000000000000000
	000000000000000000000000000000000000000000000000000000000000000000000000000000000000000000000000000000000000000000000000000000000000000000000000000000000000000025040000AE260000000000000000000000000000000000000000000000000000000000000000000000000000000000
	00000000000000000000000000000000000000000000000000000000000000000000000000000000000000000000000000000000000000000000000000000000000000000000000000000000000000000000000000000000000000000000000000000000000000000000000000260E0000AE26000000000000000000000000
	00000000000000000000000000000000000000000000000000000000000000000000000000000000000000000000000000000000000000000000000000000000000000000000000000000000000000000000000000000000000000000000000000000000000000000000000000000000000000000000000000000000000000
	0000000000000000000000260E000046FA0000000000000000000000000000000000000000000000000000000000000000000000000000000000000000000000000000000000000000000000000000000000000000000000000000000000000000000000000000000000000000000000000000000000000000000000000000
	000000000000000000000000000000000000000000000000000000000000000000000000000000000000000000000000280D0000CEB100004000810040000102000000020020000020204000200040800000008000000000101000001010200000002040000000400800000008080000000810000000102004000020040000
	00000400000004080002000810020000100000000000020000010204000100040800000008000000000081000000810200000002040000000400400000004080004000810040000102000000020020000000204000280D000046FA000000000000000000000000000000000000000000000000000000000000000000000000
	0000000000000000000000000000000000000000000000000000000000000000000000000000000000000000000000000000000000000000000000000000000000000000000000000000000000000000000000000000000000000000000000000000000000000000000000000000000000000000000000000000280D0000E7
	81000000000000000000000000000000000000000000000000000000000000000000000000000000000000000000000000000000000000000000000000000000000000000000000000000000000000000000000000000000000000000000000000000000000000000000000000000000000000000000000000000000000000
	00000000000000000000000000000000000000000000000000000000000000000000000000000000000000000000000000000000000000000000000000000000000000000000000000000000000000000000000000000000000000000000000000000000000000000000000000000000000000000000000000000000000000
	00000000000000000000000000000000000000000000000000000000000000000000000000000000000000000000000000000000004D0C0000E7810000000000000000000000000000000000000000000000000000000000000000000000000000000000000000000000000000000000000000000000000000000000000000
	00000000000000000000000000000000000000000000000000000000000000000000000000000000000000000000000000000000000000000000000000000000000000000000000000000000000000000000000000000000000000000000000000000000000000000000000000000000000000000000000000000000000000
	0000000000000000000000000000000000000000000000000000000000000000000000000000000000000000000000000000000000000000000000000000000000000000000000000000000000000000000000000000000000000000000000000000000000000000000000000000004D0C0000718C00000000000000000001
	00000001000000000000000000000000000000000000000000000000000000000000000000000000000000000000000000000000000000000000000000000000000000000000000000000000000000000000000000000000000000000000000000000000000000000000000000000000000000000000000000000000000000
	00000000000000000000000000000000000000000000000000000000000000000000000000000000000000000000000000000000000000000000000000000000000000000000000000000000000000000000000000000000000000000000000000000000000000000000000000000000000000000000000000000000000000
	000000000000000000000000000000000000000000000000000000000000000000000000000000000000000000004E0B000075DD000000000000000000000000000000000000000000000000000000000000000000000000000000000000000000000000000000000000000000000000000000000000000000000000000000
	00000000000000000000000000000000000000000000000000000000000000000000000000000000000000000000000000000000000000000000000000000000000000000000000000000000000000000000000000000000000000000000000000000000000000000000000000000000000000000000000000000000000000
	0000000000000000000000000000000000000000000000000000000000000000000000000000000000000000000000000000000000000000000000000000000000000000000000000000000000000000000000000000000000000000000000000000000000000000000000004E0B000075DD00000000000000000000000000
	00000000000000000000000000000000000000000000000000000000000000000000000000000000000000000000000000000000000000000000000000000000000000000000000000000000000000000000000000000000000000000000000000000000000000000000000000000000000000000000000000000000000000
	00000000000000000000000000000000000000000000000000000000000000000000000000000000000000000000000000000000000000000000000000000000000000000000000000000000000000000000000000000000000000000000000000000000000000000000000000000000000000000000000000000000000000
	000000000000000000000000000000000000000000000000000000000000000000000000000000000000004E0B00005D19000000000000000000000000000000000000000000000000000000000000000000000000000000000000000000000000000000000000000000000000000000000000000000000000000000000000
	00000000000000000000000000000000000000000000000000000000000000000000000000000000000000000000000000000000000000000000000000000000000000000000000000000000000000000000000000000000000000000000000000000000000000000000000000000000000000000000000000000000000000
	00000000000000000000000000000000000000000000000000000000000000000000000000000000000000000000000000000000000000000000000000000000000000000000000000000000000000000000000000000000000000000000000000000000004D0000005D190000000000000000000000000000000000000000
	00000000000000000000000000000000000000000000000000000000000000000000000000000000000000000000000000000000000000000000000000000000000000000000000000000000000000000000000000000000000000000000000000000000000000000000000000000000000000000000000000000000000000
	00000000000000000000000000000000000000000000000000000000000000000000000000000000000000000000000000000000000000000000000000000000000000000000000000000000000000000000000000000000000000000000000000000000000000000000000000000000000000000000000000000000000000
	00000000000000000000000000000000000000000000000000000000000000004D0000005D190000000000000000000000000000000000000000000000000000000000000000000000000000000000000000000000000000000000000000000000000000000000000000000000000000000000000000000000000000000000
	00000000000000000000000000000000000000000000000000000000000000000000000000000000000000000000000000000000000000000000000000000000000000000000000000000000000000000000000000000000000000000000000000000000000000000000000000000000000000000000000000000000000000
	0000000000000000000000000000000000000000000000000000000000000000000000000000000000000000000000000000000000000000000000000000000000000000000000000000000000000000000000000000000000004D0000005D1900000000000000000000000000000000000000000000000000000000000000
	00000000000000000000000000000000000000000000000000000000000000000000000000000000000000000000000000000000000000000000000000000000000000000000000000000000000000000000000000000000000000000000000000000000000000000000000000000000000000000000000000000000000000
	00000000000000000000000000000000000000000000000000000000000000000000000000000000000000000000000000000000000000000000000000000000000000000000000000000000000000000000000000000000000000000000000000000000000000000000000000000000000000000000000000000000000000
	0000000000000000000000000000000000000000004D000000CEAE00000000000000000000000000000000000000000000000000000000000000000000000000000000000000000000000000000000000000000000000000000000000000000000000000000000000000000000000000000000000000000000000000000000
	00000000000000000000000000000000000000000000000000000000000000000000000000000000000000000000000000000000000000000000000000000000000000000000000000000000000000000000000000000000000000000000000000000000000000000000000000000000000000000000000000000000000000
	00000000000000000000000000000000000000000000000000000000000000000000000000000000000000000000000000000000000000000000000000000000000000000000000000000000000000000000004E050000CEAE0000000000000000000000000000000000000000000000000000000000000000000000000000
	00000000000000000000000000000000000000000000000000000000000000000000000000000000000000000000000000000000000000000000000000000000000000000000000000000000000000000000000000000000000000000000000000000000000000000000000000000000000000000000000000000000000000
	00000000000000000000000000000000000000000000000000000000000000000000000000000000000000000000000000000000000000000000000000000000000000000000000000000000000000000000000000000000000000000000000000000000000000000000000000000000000000000000000000000000000000
	0000000000000000000000000000000000004E05000088EE00000000000000000000000000000000000000000000000000000000000000000000000000000000000000000000000000000000000000000000000000000000000000000000000000000000000000000000000000000000000000000000000000000000000000
	00000000000000000000000000000000000000000000000000000000000000000000000000000000000000000000000000000000000000000000000000000000000000000000000000000000000000000000000000000000000000000000000000000000000000000000000000000000000000000000000000000000000000
	00000000000000000000000000000000000000000000000000000000000000000000000000000000000000000000000000000000000000000000000000000000000000004B06000088EE0000000000000000000000000000000000000000000000000000000000000000000000000000000000000000000000000000000000
	00000000000000000000000000000000000000000000000000000000000000000000000000000000000000000000000000000000000000000000000000000000000000000000000000000000000000000000000000000000000000000000000000000000000000000000000000000000000000000000000000000000000000
	000000000000000000000000000000000000000000000000000000000000000000000000000000000000000000000000000000000000000000000000000000000000000000000000000000000000000000000000000000000000000000000000000000000000000000000000000000000000000000004B06000088EE000000
	00000000000000000000000000000000000000000000000000000000000000000000000000000000000000000000000000000000000000000000000000000000000000000000000000000000000000000000000000000000000000000000000000000000000000000000000000000000000000000000000000000000000000
	00000000000000000000000000000000000000000000000000000000000000000000000000000000000000000000000000000000000000000000000000000000000000000000000000000000000000000000000000000000000000000000000000000000000000000000000000000000000000000000000000000000000000
	00000000000000000000000000000000000000000000000000000000000000000000000000000000004B0600007BAB0000000000000000000000000000000000000000000000000000000000000000000000000000000000000000000000000000000000000000000000000000000000000000000000000000000000000000
	00000000000000000000000000000000000000000000000000000000000000000000000000000000000000000000000000000000000000000000000000000000000000000000000000000000000000000000000000000000000000000000000000000000000000000000000000000000000000000000000000000000000000
	00000000000000000000000000000000000000000000000000000000000000000000000000000000000000000000000000000000000000000000000000000000000000000000000000000000000000480100007FC2000000000000000000000000000000000000000000000000000000000000000000000000000000000000
	00000000000000000000000000000000000000000000000000000000000000000000000000000000000000000000000000000000000000000000000000000000000000000000000000000000000000000000000000000000000000000000000000000000000000000000000000000000000000000000000000000000000000
	00000000000000000000000000000000000000000000000000000000000000000000000000000000000000000000000000000000000000000000000000000000000000000000000000000000000000000000000000000000000000000000000000000000000000000000000000000000000000000000000000000000000000
	00000000000000000000000000000000000000000000500F00007FC2000000000000000000000000000000000000000000000000000000000000000000000000000000000000000000000000000000000000000000000000000000000000000000000000000000000000000000000000000000000000000000000000000000
	00000000000000000000000000000000000000000000000000000000000000000000000000000000000000000000000000000000000000000000000000000000000000000000000000000000000000000000000000000000000000000000000000000000000000000000000000000000000000000000000000000000000000
	0000000000000000000000000000000000000000000000000000000000000000000000000000000000000000000000000000000000000000000000000000000000000000000000000000000000000000000000000000000000000000500F00007FC20000000000000000000000000000000000000000000000000000000000
	00000000000000000000000000000000000000000000000000000000000000000000000000000000000000000000000000000000000000000000000000000000000000000000000000000000000000000000000000000000000000000000000000000000000000000000000000000000000000000000000000000000000000
	00000000000000000000000000000000000000000000000000000000000000000000000000000000000000000000000000000000000000000000000000000000000000000000000000000000000000000000000000000000000000000000000000000000000000000000000000000000000000000000000000000000000000
	0000000000000000000000000000000000000000000000000000000000000000000000500F00000F490000000000000000000000000000000000000000000000000000000000000000000000000000000000000000000000000000000000000000000000000000000000000000000000000000000000000000000000000000
	00000000000000000000000000000000000000000000000000000000000000000000000000000000000000000000000000000000000000000000000000000000000000000000000000000000000000000000000000000000000000000000000000000000000000000000000000000000000000000000000000000000000000
	0000000000000000000000000000000000000000000000000000000000000000000000000000000000000000000000000000000000000000000000000000000000000000000000000000000000000000004A3300000F4900000000000000000000000000000000000000000000000000000000000000000000000000000000
	00000000000000000000000000000000000000000000000000000000000000000000000000000000000000000000000000000000000000000000000000000000000000000000000000000000000000000000000000000000000000000000000000000000000000000000000000000000000000000000000000000000000000
	00000000000000000000000000000000000000000000000000000000000000000000000000000000000000000000000000000000000000000000000000000000000000000000000000000000000000000000000000000000000000000000000000000000000000000000000000000000000000000000000000000000000000
	4A3300000F4900000000000000000000000000000000000000000000000000000000000000000000000000000000000000000000000000000000000000000000000000000000000000000000000000000000000000000000000000000000000000000000000000000000000000000000000000000000000000000000000000
	00000000000000000000000000000000000000000000000000000000000000000000000000000000000000000000000000000000000000000000000000000000000000000000000000000000000000000000000000000000000000000000000000000000000000000000000000000000000000000000000000000000000000
	000000000000000000000000000000000000000000000000000000000000000000000000000000000000000000004A3300008894000000000000000000000000000000000000000000000000000000000000000000000000000000000000000000000000000000000000000000000000000000000000000000000000000000
	00000000000000000000000000000000000000000000000000000000000000000000000000000000000000000000000000000000000000000000000000000000000000000000000000000000000000271600007543000000000000000000000000000000000000000000000000000000000000000000000000000000000000
	00000000000000000000000000000000000000000000000000000000000000000000000000000000000000000000000000000000000000000000000000000000000000000000000000000000000000000000000000000000000000000000000000000000000000000000000000000000000000000000000000000000000000
	00000000000000000000000000000000000000000000000000000000000000000000000000000000000000000000000000000000000000000000000000000000000000000000000000000000000000000000000000000000000000000000000000000000000000000000000000000000000000000000000000000000000000
	00000000000000000000000000000000000000000000501100009C6F000000000000000000000000000000000000000000000000000000000000000000000000000000000000000000000000000000000000000000000000000000000000000000000000000000000000000000000000000000000000000000000000000000
	000000000000000000000000000000000000000000000000000000000000000000000000000000000000000000000000000000000000000000000000000000000000000000000000000000000000000000000000000000000000000000000000000000321300009C6F00000000000000000000000000000000000000000000
	00000000000000000000000000000000000000000000000000000000000000000000000000000000000000000000000000000000000000000000000000000000000000000000000000000000000000000000000000000000000000000000000000000000000000000000000000000000000000000000000000000000000000
	00000000000000000000000000000000000000000000000000000000000000000000000000000000000000000000000000321300009C6F000000000000000000000000000000000000000000000000000000000000000000000000000000000000000000000000000000000000000000000000000000000000000000000000
	00000000000000000000000000000000000000000000000000000000000000000000000000000000000000000000000000000000000000000000000000000000000000000000000000000000000000000000000000000000000000000000000000000000000000000000000000000000000000000000000000000000000032
	130000EA800000000000000000000000000000000000000000000000000000000000000000000000000000000000000000000000000000000000000000000000000000000000000000000000000000000000000000000000000000000000000000000000000000000000000000000000000000000000000000000000000000
	00000000000000000000000000000000000000000000000000000000000000000000000000000000000000000000000000000000000000000000000000000000000000000000000000000000000000000000000000000000000000000000000000000000000000000000000000000000000000000000000000000000000000
	00000000000000000000000000000000000000000000000000000000000000000047180000EA8000000000000000000000000000000000000000000000000000000000000000000000000000000000000000000000000000000000000000000000000000000000000000000000000000000000000000000000000000000000
	00000000000000000000000000000000000000000000000000000000000000000000000000000000000000000000000000000000000000000000000000000000000000000000000000000000000000000000000000000000000000000000000000000000000000000000000000000000000000000000000000000000000000
	0000000000000000000000000000000000000000000000000000000000000000000000000000000000000000000000000000000000000000000000000000000000000047180000EA80000000000000000000000000000000000000000000000000000000000000000000000000000000000000000000000000000000000000
	00000000000000000000000000000000000000000000000000000000000000000000000000000000000000000000000000000000000000000000000000000000000000000000000000000000000000000000000000000000000000000000000000000000000000000000000000000000000000000000000000000000000000
	0000000000000000000000000000000000000000000000000000000000000000000000000000000000000000000000000000000000000000000000000000000000000000000000000000000000000000000000000000000000000000000000000000000000471800004B720000D0102C0081600182000D01216808160440B0
	00C08006808134040B1020580042C00340601A020580102C00086001A0210D0102F008160000B000D00406808150040B00385800680003404082020580282C00341C01A020400102C00116001A1400D0100E808160200B000D000068080A4040B0070580069000340400A020580502C00343001A0208D0102C008160018200
	0D012100000004271900008F91000080000000000001000008000040000000000000800004000020000000000000400002000010000000000000000001002008000000000000000000800004000010000000000000400002000000000000080000200001000000000000000000100400800000000000000000080000400002
	0000000000000400002000000000000100000200001000008000000000000100000800000000000027190000FD8C0000B140188600C50162280B142458A00C400062808314058A312C500612803140608A02C501162803184018A009C50162B00B140180A00C500C6280B144058A00D8500628003140588602C50062280314
	2C18A02C400162800314018A310C50161680B140208A00C50106280B184058A00BC500629003140580A02C500C62803145018A02C850162800B140188600C50162280B1424000000002719000067CF000000000000000000000000000000000000000000000000000000000000000000000000000000000000000000000000
	00000000000000000000000000000000000000000000000000000000000000000000000000000000000000000000000000000000000000000000000000000000000000000000000000000000000000000000000000000000000000000000000000000000000000000000000000000000000000000000000000000000000000
	000000000000000000000000000000000000000000000000000000000000000000000000000000000000000000000000000000000000003A1A000067CF000000000000000000000000000000000000000000000000000000000000000000000000000000000000000000000000000000000000000000000000000000000000
	00000000000000000000000000000000000000000000000000000000000000000000000000000000000000000000000000000000000000000000000000000000000000000000000000000000000000000000000000000000000000000000000000000000000000000000000000000000000000000000000000000000000000
	000000000000000000000000000000000000000000000000000000000000000000000000003A1A000067CF000000000000000000000000000000000000000000000000000000000000000000000000000000000000000000000000000000000000000000000000000000000000000000000000000000000000000000000000
	00000000000000000000000000000000000000000000000000000000000000000000000000000000000000000000000000000000000000000000000000000000000000000000000000000000000000000000000000000000000000000000000000000000000000000000000000000000000000000000000000000000000000
	000000000000000000000000000000000000003A1A0000D4DA000000000000000040000000000000000010020000000000000000000000000020000000000001000008000000000000000000000000000010000080000000000004000000000000000000000000004008000000000000000002000000000000000000200000
	00000400000000000000000100000000001000000000000000000200800000000000000000080000000000000000000040000100000000000004000000000000000000002000000000000080000200000000000000000000100000000000000000010040000000000000000008000000000000000000800000000020000000
	0004000000000000000000400000000000000000100200000000000000411B0000E6480000040040000000400000004010020000100200001002000000000020000000200001002008010000080100000800000000000010000080100000801004008000040000000400000000004008000040080000400802000000020000
	00020020000000200400002004000000040100000001001000010010000000100200800002008000020080080000000800000008000040000100400001004004010000040000000400002000000020000080200200800002008000020000100000001000000010010040000100400001004008000000080000000800800000
	008020000080200400002004000000040040000000400000004010020000100200001000000000411B0000933100000400000000000000000040000000000000000010020000000000000000000000000020000000000001000008000000000000000000000000000010000080000000000004000000000000000000000000
	00400800000000000000000200000000000000000020000000000400000000000000000100000000001000000000000000000200800000000000000000080000000000000000000040000100000000000004000000000000000000002000000000000080000200000000000000000000100000000000000000010040000000
	00000000000800000000000000000080000000002000000000040000000000000000004000000000000000001000000000411B0000D4DA000000000000000040000000000000000010020000000000000000000000000020000000000001000008000000000000000000000000000010000080000000000004000000000000
	00000000000000400800000000000000000200000000000000000020000000000400000000000000000100000000001000000000000000000200800000000000000000080000000000000000000040000100000000000004000000000000000000002000000000000080000200000000000000000000100000000000000000
	0100400000000000000000080000000000000000008000000000200000000004000000000000000000400000000000000000100200000000000000411B0000D62E0000000040000400400000000010020040100200000000000010020020000000200001000008010020080000000001000008000010000080100000800004
	00001004008000000000000400400800004008000000000200400802000000000020000200200400000004000020000100000401001000000010000100000200801002008000000000080200800800000000000040080100400001000004000040040100000000002004000020000080000200802002000000000080100200
	001000000000010040100100400000000008010040080000000000800008008020000000200400800004000020000040000400400000000010020040100200000000000010411B0000820A00000000000000000000000000000000000000000000000000000000000000000000000000000000000000000000000000000000
	00000000000000000000000000000000000000000000000000000000000000000000000000000000000000000000000000000000000000000000000000000000000000000000000000000000000000000000000000000000000000000000000000000000000000000000000000000000000000000000000000000000000000
	00000000000000000000000000000000000000000000000000000000000000000000000000000000000000000000000000000000000000000000000000000000000000000000000000000000000000411B0000FBF300000000C000000040200000001006000010020000000000400000002000000020100300000801000008
	000000000000200000001000018010080080000400000004000000000000100000C008000040080400000002000000020000000000600800002004000000040200000001000000010030000000100400000002008000020180000000001800000008000000000200C000010040000100000C00000004000000000000600001
	0020000080000600800002000000000000300000001000008000030040000100400000000018000000080000000001804000008020000000200C000000040000000000C0000000402000000010060000100200000000000000411B00008E8A0000000080000000002000000000040000000000000000004000000000000000
	00100200000000000000000000000000200000000000010000080000000000000000000000000000100000800000000000040000000000000000000000000040080000000000000000020000000000000000002000000000040000000000000000010000000000100000000000000000020080000000000000000008000000
	000000000000004000010000000000000400000000000000000000200000000000008000020000000000000000000010000000000000000001004000000000000000000800000000000000000080000000002000000000040000000000000000000000411B0000820A00000000000000000000000000000000000000000000
	00000000000000000000000000000000000000000000000000000000000000000000000000000000000000000000000000000000000000000000000000000000000000000000000000000000000000000000000000000000000000000000000000000000000000000000000000000000000000000000000000000000000000
	00000000000000000000000000000000000000000000000000000000000000000000000000000000000000000000000000000000000000000000000000000000000000000000000000000000000000000000000000000000000000000000000000000000000000000000000000411B0000C283000000000000000000000000
	00000000000000000000000000000000000000000000000000000000000000000000000000000000000000000000000000000000000000000000000000000000000000000000000000000000000000000000000000000000000000000000000000000000000000000000000000000000000000000000000000000000000000
	00000000000000000000000000000000000000000000000000000000000000000000000000000000000000000000000000000000000000000000000000000000000000000000000000000000000000000000000000000000000000000000000000000000000000000000000000000000000000000000000000000000000000
	000000000000000000000000000000000000000000000000000000004A1F0000E5AF000000000000000000000000000000000000000000000000000000000000000000000000000000000000000000000000000000000000000000000000000000000000000000000000000000000000000000000000000000000000000000
	00000000000000000000000000000000000000000000000000000000000000000000000000000000000000000000000000000000000000000000000000000000000000000000000000000000000000000000000000000000000000000000000000000000000000000000000000000000000000000000000000000000000000
	0000000000000000000000000000000000000000000000000000000000000000000000000000000000000000000000000000000000000000000000000000000000000000000000000000000000000000000000000000000000004E340000E5AF00000000000000000000000000000000000000000000000000000000000000
	00000000000000000000000000000000000000000000000000000000000000000000000000000000000000000000000000000000000000000000000000000000000000000000000000000000000000000000000000000000000000000000000000000000000000000000000000000000000000000000000000000000000000
	00000000000000000000000000000000000000000000000000000000000000000000000000000000000000000000000000000000000000000000000000000000000000000000000000000000000000000000000000000000000000000000000000000000000000000000000000000000000000000000000000000000000000
	000000000000000000000000000000000000000000000000004E340000E5AF000000000000000000000000000000000000000000000000000000000000000000000000000000000000000000000000000000000000000000000000000000000000000000000000000000000000000000000000000000000000000000000000
	00000000000000000000000000000000000000000000000000000000000000000000000000000000000000000000000000000000000000000000000000000000000000000000000000000000000000000000000000000000000000000000000000000000000000000000000000000000000000000000000000000000000000
	0000000000000000000000000000000000000000000000000000000000000000000000000000000000000000000000000000000000000000000000000000000000000000000000000000000000000000000000000000004E3400000F4900000000000000000000000000000000000000000000000000000000000000000000
	00000000000000000000000000000000000000000000000000000000000000000000000000000000000000000000000000000000000000000000000000000000000000000000000000000000000000000000000000000000000000000000000000000000000000000000000000000000000000000000000000000000000000
	00000000000000000000000000000000000000000000000000000000000000000000000000000000000000000000000000000000000000000000000000000000000000000000000000000000000000000000000000000000000000000000000000000000000000000000000000000000000000000000000000000000000000
	0000000000004A3300000F4900000000000000000000000000000000000000000000000000000000000000000000000000000000000000000000000000000000000000000000000000000000000000000000000000000000000000000000000000000000000000000000000000000000000000000000000000000000000000
	00000000000000000000000000000000000000000000000000000000000000000000000000000000000000000000000000000000000000000000000000000000000000000000000000000000000000000000000000000000000000000000000000000000000000000000000000000000000000000000000000000000000000
	000000000000000000000000000000000000000000000000000000000000000000000000000000000000000000000000000000004A3300000F49000000000000000000000000000000000000000000000000000000000000000000000000000000000000000000000000000000000000000000000000000000000000000000
	00000000000000000000000000000000000000000000000000000000000000000000000000000000000000000000000000000000000000000000000000000000000000000000000000000000000000000000000000000000000000000000000000000000000000000000000000000000000000000000000000000000000000
	00000000000000000000000000000000000000000000000000000000000000000000000000000000000000000000000000000000000000000000000000000000000000000000000000000000000000000000000000000000000000000000000000004A330000A7170000000000000000000000000000000000000000000000
	00000000000000000000000000000000000000000000000000000000000000000000000000000000000000000000000000000000000000000000000000000000000000000000000000000000000000000000000000000000000000000000000000000000000000000000000000000000000000000000000000000000000000
	00000000000000000000000000000000000000000000000000000000000000000000000000000000000000000000000000000000000000000000000000000000000000000000000000000000000000000000000000000000000000000000000000000000000000000000000000000000000000000000000000000000000000
	000000000047320000E5AF0000000000000000000000000000000000000000000000000000000000000000000000000000000000000000000000000000000000000000000000000000000000000000000000000000000000000000000000000000000000000000000000000000000000000000000000000000000000000000
	00000000000000000000000000000000000000000000000000000000000000000000000000000000000000000000000000000000000000000000000000000000000000000000000000000000000000000000000000000000000000000000000000000000000000000000000000000000000000000000000000000000000000
	000000000000000000000000000000000000000000000000000000000000000000000000000000000000000000000000000000000000000000000000000000000000004E340000E5AF000000000000000000000000000000000000000000000000000000000000000000000000000000000000000000000000000000000000
	00000000000000000000000000000000000000000000000000000000000000000000000000000000000000000000000000000000000000000000000000000000000000000000000000000000000000000000000000000000000000000000000000000000000000000000000000000000000000000000000000000000000000
	00000000000000000000000000000000000000000000000000000000000000000000000000000000000000000000000000000000000000000000000000000000000000000000000000000000000000000000000000000000000000000000000000000000000000000000000000000000000000000000000000000000000000
	00004E340000E5AF0000000000000000000000000000000000000000000000000000000000000000000000000000000000000000000000000000000000000000000000000000000000000000000000000000000000000000000000000000000000000000000000000000000000000000000000000000000000000000000000
	00000000000000000000000000000000000000000000000000000000000000000000000000000000000000000000000000000000000000000000000000000000000000000000000000000000000000000000000000000000000000000000000000000000000000000000000000000000000000000000000000000000000000
	000000000000000000000000000000000000000000000000000000000000000000000000000000000000000000000000000000000000000000000000000000004E3400009B39000000000000000000000000000000000000000000000000000000000000000000000000000000000000000000000000000000000000000000
	00000000000000000000000000000000000000000000000000000000000000000000000000000000000000000000000000000000000000000000000000000000000000000000000000000000000000000000000000000000000000000000000000000000000000000000000000000000000000000000000000000000000000
	0000000000000000000000000000000000000000000000000000000000000000000000000000000000000000000000000000000000000000000000000000000000000000000000000000000000000000000000000000000000000000000000000000000000000000000000000000000000004B1000009B3900000000000000
	00000000000000000000000000000000000000000000000000000000000000000000000000000000000000000000000000000000000000000000000000000000000000000000000000000000000000000000000000000000000000000000000000000000000000000000000000000000000000000000000000000000000000
	00000000000000000000000000000000000000000000000000000000000000000000000000000000000000000000000000000000000000000000000000000000000000000000000000000000000000000000000000000000000000000000000000000000000000000000000000000000000000000000000000000000000000
	000000000000000000000000000000000000000000000000000000000000000000000000004B1000005E68000000000000000000010000000000000000000000000000000000000000000000000000000000000000000000000000000000000000000000000000000000000000000000000000000000000000000000000000
	00000000000000000000000000000000000000000000000000000000000000000000000000000000000000000000000000000000000000000000000000000000000000000000000000000000000000000000000000000000000000000000000000000000000000000000000000000000000000000000000000000000000000
	0000000000000000000000000000000000000000000000000000000000000000000000000000000000000000000000000000000000000000000000000000000000000000000000000000000000000000000000000000004B1000000F7900000000000000000000000000000000000000000000000000000000000000000000
	00000000000000000000000000000000000000000000000000000000000000000000000000000000000000000000000000000000000000000000000000000000000000000000000000000000000000000000000000000000000000000000000000000000000000000000000000000000000000000000000000000000280700
	00CE7900000000000000000000000000010000000000000000000000000000000000000000000000000000000000000000000000000000000000000000000000000000000000000000000000000000000000000000000000000000000000000000000000000000000000000000000000000000000000000000000000000000
	0000000000000000000000000000000000000000000000000000000000000000000028070000E007000000FFFF06FFFF0082FF00807800807FFC807FFF867FFF8042FF80403880403FFC403FFFC63FFFC022FFC02018C0201FFC201FFFE61FFFE012FFE01008E0100FFC100FFFF60FFFF00BFFF00801F00807FC0807FFFE07
	FFF8037FF80405780403F80403FFFE03FFFC077FFC02017C0201FA0201FFFC01FFFE077FFE01037E0100F80100FFFD00FFFF067FFF00837F00807900807FFC00000006270800004832000000000000000000000100000000000000000080000000000000000040000000000000000000000000008000000000000000004000
	00000000000000000000002080000000000000000040000000000000000020000000000000000000000000004000001000000000002000000000000000001000000000000000000000000000200000000000000800100000000000000000080000000000000000000000000010000000000000000008000400000000000004
	00000000000000000000000000080000000000000000040000000000020000020000000000000000000000000004000000000000000002000000000000000001010000000000000000000000000200000000000000000100000000000000000080000000000000000000000000010000000000000000008000000000000000
	00400000000000000000500A0000567E000000000000000080000000000000800040000000008000400000000000004000000000002040002000000000000020000000000000200010100000000000100000000000001000080000000008000800000000000008000400000000000004000400000000040002000000000000
	0200000000000202000100000000000001000000000000010000810000000080008000000000000080004000000000280900009C500000000040000000002001000000000000000000200000800010000000000000000000401000000000080000000000200000000008000000000400100000000000008000040000080002
	00000000400000000004020000000001200000000002000000000100100000000000000000010000080000800000000000000000040080000000004000000000020000000000400000000020010000000000000028020000F48C00000000000000000000000000000000000000000000000000000000000000000000000000
	00000000000000000000000000000000000000000000000000000000000000000000000000000000000000000000000000000000000000000000000000000000000000000000000000000000000000000000000000000000000000000000000000000000000000000000000000000000000000000027030000A70200000000
	00000000000000000000000000000000000000000000000000000000000000000000000000000000000000000000000000000000000000000000000000000000000000000000000000000000000000000000000000000000000000000000000000000000000000000000000000000000000000000000000000000000000000
	00000000000000000000000000000025040000A70200000000000000000000000000000000000000000000000000000000000000000000000000000000000000000000000000000000000000000000000000000000000000000000000000000000000000000000000000000000000000000000000000000000000000000000
	00000000000000000000000000000000000000000000000000000000000000000000000000000000250400000D4A000000000000000000010000000100000000000000000000000000000000000000000000000000000000000000000000000000000000000000000000000000000000000000000000000000000000000000
	000000000000000000000000000000000000000000000000000000000000000000000000000000000000000000000000000000000080000000800000000000000000000000260E0000AE2600000000000000000000000000000000000000000000000000000000000000000000000000000000000000000000000000000000
	0000000000000000000000000000000000000000000000000000000000000000000000000000000000000000000000000000000000000000000000000000000000000000000000000000000000000000000000000000000000000000000000000000260E000046FA0000000000000000000000000000000000000000000000
	00000000000000000000000000000000000000000000000000000000000000000000000000000000000000000000000000000000000000000000000000000000000000000000000000000000000000000000000000000000000000000000000000000000000000000000000000000000000000000000000000000000000000
	0000000000000000280D0000CEB10000400081004000010200000002002000002020400020004080000000800000000010100000101020000000204000000040080000000808000000081000000010200400002004000000000400000004080002000810020000100000000000020000010204000100040800000008000000
	000081000000810200000002040000000400400000004080004000810040000102000000020020000000204000280D000083AB00000000000000000001000000000000000000000000000000000000000000000000000000000000000000000000000000000000000000000000000000000000000000000000000000000000
	00000000000000000000000000000000000000000000000000000000000000000000000000000000000000000000000000000000000000000000000000000000000000000000000000000000000000000000280D0000E781000000000000000000000000000000000000000000000000000000000000000000000000000000
	00000000000000000000000000000000000000000000000000000000000000000000000000000000000000000000000000000000000000000000000000000000000000000000000000000000000000000000000000000000000000000000000000000000000000000000000000000000000000000000000000000000000000
	00000000000000000000000000000000000000000000000000000000000000000000000000000000000000000000000000000000000000000000000000000000000000000000000000000000000000000000000000000000000000000000000000000000000000000000000000000000000000000000000000000000000000
	000000000000000000000000004D0C00002681000000000000000000000000000100000000000000000000000000000000000000000000000000000000000000000000000000000000000000000000000000000000000000000000000000000000000000000000000000000000000000000000000000000000000000000000
	00000000000000000000000000000000000000000000000000000000000000000000000000000000000000000000000000000000000000000000000000000000000000000000000000000000000000000000000000000000000000000000000000000000000000000000000000000000000000000000000000000000000000
	00000000000000000000000000000000000000000000000000000000000000000000000000000000000000000000000000000000000000000000000000000000000000000000004D0C000075DD0000000000000000000000000000000000000000000000000000000000000000000000000000000000000000000000000000
	00000000000000000000000000000000000000000000000000000000000000000000000000000000000000000000000000000000000000000000000000000000000000000000000000000000000000000000000000000000000000000000000000000000000000000000000000000000000000000000000000000000000000
	00000000000000000000000000000000000000000000000000000000000000000000000000000000000000000000000000000000000000000000000000000000000000000000000000000000000000000000000000000000000000000000000000000000000000000000000000000000000000000000000000000000000000
	0000000000004E0B000075DD00000000000000000000000000000000000000000000000000000000000000000000000000000000000000000000000000000000000000000000000000000000000000000000000000000000000000000000000000000000000000000000000000000000000000000000000000000000000000
	00000000000000000000000000000000000000000000000000000000000000000000000000000000000000000000000000000000000000000000000000000000000000000000000000000000000000000000000000000000000000000000000000000000000000000000000000000000000000000000000000000000000000
	00000000000000000000000000000000000000000000000000000000000000000000000000000000000000000000000000000000000000000000000000000000000000004E0B000082A60000000000000000000000000000000000000000000000000000000000000000000000000000000000000000000000000000000000
	00000000000000000000000000000000000000000000000000000000000000000000000000000000000000000000000000000000000000000000000000000000000000000000000000000000000000000000000000000000000000000000000000000000000000000000000000000000000000000000000000000000000000
	00000000000000000000000000000000000000000000000000000000000000000000000000000000000000000000000000000000000000000000000000000000000000000000000000000000000000000000000000000000000000000000000000000000000000000000000000000000000080000000000000000000000000
	0000004E0B00005D1900000000000000000000000000000000000000000000000000000000000000000000000000000000000000000000000000000000000000000000000000000000000000000000000000000000000000000000000000000000000000000000000000000000000000000000000000000000000000000000
	00000000000000000000000000000000000000000000000000000000000000000000000000000000000000000000000000000000000000000000000000000000000000000000000000000000000000000000000000000000000000000000000000000000000000000000000000000000000000000000000000000000000000
	000000000000000000000000000000000000000000000000000000000000000000000000000000000000000000000000000000000000000000000000004D0000005D19000000000000000000000000000000000000000000000000000000000000000000000000000000000000000000000000000000000000000000000000
	00000000000000000000000000000000000000000000000000000000000000000000000000000000000000000000000000000000000000000000000000000000000000000000000000000000000000000000000000000000000000000000000000000000000000000000000000000000000000000000000000000000000000
	00000000000000000000000000000000000000000000000000000000000000000000000000000000000000000000000000000000000000000000000000000000000000000000000000000000000000000000000000000000000000000000000000000000000000000000000000000000000000000000004D0000005D190000
	00000000000000000000000000000000000000000000000000000000000000000000000000000000000000000000000000000000000000000000000000000000000000000000000000000000000000000000000000000000000000000000000000000000000000000000000000000000000000000000000000000000000000
	00000000000000000000000000000000000000000000000000000000000000000000000000000000000000000000000000000000000000000000000000000000000000000000000000000000000000000000000000000000000000000000000000000000000000000000000000000000000000000000000000000000000000
	00000000000000000000000000000000000000000000000000000000000000000000000000000000000000000000000000004D0000005D190000000000000000000000000000000000000000000000000000000000000000000000000000000000000000000000000000000000000000000000000000000000000000000000
	00000000000000000000000000000000000000000000000000000000000000000000000000000000000000000000000000000000000000000000000000000000000000000000000000000000000000000000000000000000000000000000000000000000000000000000000000000000000000000000000000000000000000
	0000000000000000000000000000000000000000000000000000000000000000000000000000000000000000000000000000000000000000000000000000000000000000000000000000000000000000000000000000000000000000000000000000000000000000000000004D0000002B2D00000000000000000001000000
	01000000000000000000000000000000000000000000000000000000000000000000000000000000000000000000000000000000000000000000000000000000000000000000000000000000000000000000000000000000000000000000000000000000000000000000000000000000000000000000000000000000000000
	00000000000000000000000000000000000000000000000000000000000000000000000000000000000000000000000000000000000000000000000000000000000000000000000000000000000000000000000000000000000000000000000000000000000000000000000000000000000000000000000000000000000000
	000000000000000000000000000000000000000000000000000000800000008000000000000000000000004E050000CEAE000000000000000000000000000000000000000000000000000000000000000000000000000000000000000000000000000000000000000000000000000000000000000000000000000000000000
	00000000000000000000000000000000000000000000000000000000000000000000000000000000000000000000000000000000000000000000000000000000000000000000000000000000000000000000000000000000000000000000000000000000000000000000000000000000000000000000000000000000000000
	0000000000000000000000000000000000000000000000000000000000000000000000000000000000000000000000000000000000000000000000000000000000000000000000000000000000000000000000000000000000000000000000000000000000000000004E05000088EE00000000000000000000000000000000
	00000000000000000000000000000000000000000000000000000000000000000000000000000000000000000000000000000000000000000000000000000000000000000000000000000000000000000000000000000000000000000000000000000000000000000000000000000000000000000000000000000000000000
	00000000000000000000000000000000000000000000000000000000000000000000000000000000000000000000000000000000000000000000000000000000000000000000000000000000000000000000000000000000000000000000000000000000000000000000000000000000000000000000000000000000000000
	000000000000000000000000000000000000000000000000000000004B06000088EE000000000000000000000000000000000000000000000000000000000000000000000000000000000000000000000000000000000000000000000000000000000000000000000000000000000000000000000000000000000000000000
	00000000000000000000000000000000000000000000000000000000000000000000000000000000000000000000000000000000000000000000000000000000000000000000000000000000000000000000000000000000000000000000000000000000000000000000000000000000000000000000000000000000000000
	0000000000000000000000000000000000000000000000000000000000000000000000000000000000000000000000000000000000000000000000000000000000000000000000000000000000004B0600009B7600000000000000000001000000000000000000000000000000000000000000000000000000000000000000
	00000000000000000000000000000000000000000000000000000000000000000000000000000000000000000000000000000000000000000000000000000000000000000000000000000000000000000000000000000000000000000000000000000000000000000000000000000000000000000000000000000000000000
	00000000000000000000000000000000000000000000000000000000000000000000000000000000000000000000000000000000000000000000000000000000000000000000000000000000000000000000000000000000000000000000000000000000000000000000000000000000000000008000000000000000000000
	004B0600007BAB000000000000000000000000000000000000000000000000000000000000000000000000000000000000000000000000000000000000000000000000000000000000000000000000000000000000000000000000000000000000000000000000000000000000000000000000000000000000000000000000
	00000000000000000000000000000000000000000000000000000000000000000000000000000000000000000000000000000000000000000000000000000000000000000000000000000000000000000000000000000000000000000000000000000000000000000000000000000000000000000000000000000000000000
	00000000000000000000000000000000000000000000000000000000000000000000000000000048010000E60200000000000000000000000000010000000000000000000000000000000000000000000000000000000000000000000000000000000000000000000000000000000000000000000000000000000000000000
	00000000000000000000000000000000000000000000000000000000000000000000000000000000000000000000000000000000000000000000000000000000000000000000000000000000000000000000000000000000000000000000000000000000000000000000000000000000000000000000000000000000000000
	00000000000000000000000000000000000000000000000000000000000000000000000000000000000000000000000000000000000000000000000000000000000000000000000000000000000000000000000000000000000000000080000000000000000000000000000000500F00007FC2000000000000000000000000
	00000000000000000000000000000000000000000000000000000000000000000000000000000000000000000000000000000000000000000000000000000000000000000000000000000000000000000000000000000000000000000000000000000000000000000000000000000000000000000000000000000000000000
	00000000000000000000000000000000000000000000000000000000000000000000000000000000000000000000000000000000000000000000000000000000000000000000000000000000000000000000000000000000000000000000000000000000000000000000000000000000000000000000000000000000000000
	00000000000000000000000000000000000000000000000000000000000000000000000000000000000000000000000000000000500F00007FC2000000000000000000000000000000000000000000000000000000000000000000000000000000000000000000000000000000000000000000000000000000000000000000
	00000000000000000000000000000000000000000000000000000000000000000000000000000000000000000000000000000000000000000000000000000000000000000000000000000000000000000000000000000000000000000000000000000000000000000000000000000000000000000000000000000000000000
	0000000000000000000000000000000000000000000000000000000000000000000000000000000000000000000000000000000000000000000000000000000000000000000000000000000000000000000000000000000000000000000000000000000000000000000000000000000000000000000000000000500F00009B
	39000000000000000000000000000000000000000000000000000000000000000000000000000000000000000000000000000000000000000000000000000000000000000000000000000000000000000000000000000000000000000000000000000000000000000000000000000000000000000000000000000000000000
	00000000000000000000000000000000000000000000000000000000000000000000000000000000000000000000000000000000000000000000000000000000000000000000000000000000000000000000000000000000000000000000000000000000000000000000000000000000000000000000000000000000000000
	0000000000000000000000000000000000000000000000000000000000000000000000000000000000000000004B1000009B3900000000000000000000000000000000000000000000000000000000000000000000000000000000000000000000000000000000000000000000000000000000000000000000000000000000
	00000000000000000000000000000000000000000000000000000000000000000000000000000000000000000000000000000000000000000000000000000000000000000000000000000000000000000000000000000000000000000000000000000000000000000000000000000000000000000000000000000000000000
	00000000000000000000000000000000000000000000000000000000000000000000000000000000000000000000000000000000000000000000000000000000000000000000000000000000000000000000000000000000000000000000004B1000009B390000000000000000000000000000000000000000000000000000
	00000000000000000000000000000000000000000000000000000000000000000000000000000000000000000000000000000000000000000000000000000000000000000000000000000000000000000000000000000000000000000000000000000000000000000000000000000000000000000000000000000000000000
	00000000000000000000000000000000000000000000000000000000000000000000000000000000000000000000000000000000000000000000000000000000000000000000000000000000000000000000000000000000000000000000000000000000000000000000000000000000000000000000000000000000000000
	0000000000000000000000000000000000004B1000000F7900000000000000000000000000000000000000000000000000000000000000000000000000000000000000000000000000000000000000000000000000000000000000000000000000000000000000000000000000000000000000000000000000000000000000
	00000000000000000000000000000000000000000000000000000000000000000000000000000000000000000000000000000000000000280700000F79000000000000000000000000000000000000000000000000000000000000000000000000000000000000000000000000000000000000000000000000000000000000
	000000000000000000000000000000000000000000000000000000000000000000000000000000000000000000000000000000000000000000000000000000000000000000000000000000000000000000000000000000000000000028070000ABEA000000FFFF06FFFF0083FF00807900807FFC807FFF867FFF8042FF8040
	3880403FFC403FFFC63FFFC022FFC02018C0201FFC201FFFE61FFFE012FFE01008E0100FFC100FFFF60FFFF00BFFF00801F00807FC0807FFFE07FFF8037FF80405780403F80403FFFE03FFFC077FFC02017C0201FA0201FFFC01FFFE077FFE01037E0100F80100FFFD00FFFF06FFFF0083FF00807900807FFC000000062708
	00004832000000000000000000000100000000000000000080000000000000000040000000000000000000000000008000000000000000004000000000000000000000000020800000000000000000400000000000000000200000000000000000000000000040000010000000000020000000000000000010000000000000
	00000000000000200000000000000800100000000000000000080000000000000000000000000010000000000000000008000400000000000004000000000000000000000000000800000000000000000400000000000200000200000000000000000000000000040000000000000000020000000000000000010100000000
	0000000000000000020000000000000000010000000000000000008000000000000000000000000001000000000000000000800000000000000000400000000000000000500A000078160000000000000000800000000000008000400000000080004000000000000040000000000020400020000000000000200000000000
	002000101000000000001000000000000010000800000000080008000000000000080004000000000000040004000000000400020000000000000200000000000202000100000000000001000000000000010000810000000000008000000000000080004000000000280900009C5000000000400000000020010000000000
	00000000200000800010000000000000000000401000000000080000000000200000000008000000000400100000000000008000040000080002000000004000000000040200000000012000000000020000000001001000000000000000000100000800008000000000000000000400800000000040000000000200000000
	004000000000200100000000000000280200001FB500000000000000000001000000000000000000000000000000000000000000000000000000000000000000000000000000000000000000000000000000000000000000000000000000000000000000000000000000000000000000000000000000000000000000000000
	00000000000000000000000000000000000000000000000000000000000000000000000080000000000000000000000027030000A70200000000000000000000000000000000000000000000000000000000000000000000000000000000000000000000000000000000000000000000000000000000000000000000000000
	0000000000000000000000000000000000000000000000000000000000000000000000000000000000000000000000000000000000000000000000000000000000000000000000000025040000BA83000000000000000000000000000100000000000000000000000000000000000000000000000000000000000000000000
	000000000000000000000000000000000000000000000000000000000000000000000000000000000000000000000000000000000000000000000000000000000000000000000000000000000000000000008000000000000000000000000000000025040000AE260000000000000000000000000000000000000000000000
	00000000000000000000000000000000000000000000000000000000000000000000000000000000000000000000000000000000000000000000000000000000000000000000000000000000000000000000000000000000000000000000000000000000000000000000000000000000000000000000000000000000000000
	260E0000AE2600000000000000000000000000000000000000000000000000000000000000000000000000000000000000000000000000000000000000000000000000000000000000000000000000000000000000000000000000000000000000000000000000000000000000000000000000000000000000000000000000
	0000000000000000000000000000000000000000000000000000000000260E000046FA0000000000000000000000000000000000000000000000000000000000000000000000000000000000000000000000000000000000000000000000000000000000000000000000000000000000000000000000000000000000000000
	000000000000000000000000000000000000000000000000000000000000000000000000000000000000000000000000000000000000000000000000000000000000280D0000CEB100004000810040000102000000020020000020204000200040800000008000000000101000001010200000002040000000400800000008
	08000000081000000010200400002004000000000400000004080002000810020000100000000000020000010204000100040800000008000000000081000000810200000002040000000400400000004080004000810040000102000000020020000000204000280D000046FA000000000000000000000000000000000000
	00000000000000000000000000000000000000000000000000000000000000000000000000000000000000000000000000000000000000000000000000000000000000000000000000000000000000000000000000000000000000000000000000000000000000000000000000000000000000000000000000000000000000
	00000000000000000000000000280D0000E781000000000000000000000000000000000000000000000000000000000000000000000000000000000000000000000000000000000000000000000000000000000000000000000000000000000000000000000000000000000000000000000000000000000000000000000000
	00000000000000000000000000000000000000000000000000000000000000000000000000000000000000000000000000000000000000000000000000000000000000000000000000000000000000000000000000000000000000000000000000000000000000000000000000000000000000000000000000000000000000
	00000000000000000000000000000000000000000000000000000000000000000000000000000000000000000000000000000000000000000000000000000000000000000000004D0C0000E7810000000000000000000000000000000000000000000000000000000000000000000000000000000000000000000000000000
	00000000000000000000000000000000000000000000000000000000000000000000000000000000000000000000000000000000000000000000000000000000000000000000000000000000000000000000000000000000000000000000000000000000000000000000000000000000000000000000000000000000000000
	00000000000000000000000000000000000000000000000000000000000000000000000000000000000000000000000000000000000000000000000000000000000000000000000000000000000000000000000000000000000000000000000000000000000000000000000000000000000000000000000000000000000000
	00004D0C0000905E0000000000000000000100000001000000000000000000000000000000000000000000000000000000000000000000000000000000000000000000000000000000000000000000000000000000000000000000000000000000000000000000000000000000000000000000000000000000000000000000
	00000000000000000000000000000000000000000000000000000000000000000000000000000000000000000000000000000000000000000000000000000000000000000000000000000000000000000000000000000000000000000000000000000000000000000000000000000000000000000000000000000000000000
	000000000000000000000000000000000000000000000000000000000000000000000000000000000000000000000000800000008000000000000000000000004E0B000075DD000000000000000000000000000000000000000000000000000000000000000000000000000000000000000000000000000000000000000000
	00000000000000000000000000000000000000000000000000000000000000000000000000000000000000000000000000000000000000000000000000000000000000000000000000000000000000000000000000000000000000000000000000000000000000000000000000000000000000000000000000000000000000
	0000000000000000000000000000000000000000000000000000000000000000000000000000000000000000000000000000000000000000000000000000000000000000000000000000000000000000000000000000000000000000000000000000000000000000000000000000000000000000000000000000000000004E
	0B000075DD0000000000000000000000000000000000000000000000000000000000000000000000000000000000000000000000000000000000000000000000000000000000000000000000000000000000000000000000000000000000000000000000000000000000000000000000000000000000000000000000000000
	00000000000000000000000000000000000000000000000000000000000000000000000000000000000000000000000000000000000000000000000000000000000000000000000000000000000000000000000000000000000000000000000000000000000000000000000000000000000000000000000000000000000000
	000000000000000000000000000000000000000000000000000000000000000000000000000000000000000000000000000000000000000000000000004E0B00005D19000000000000000000000000000000000000000000000000000000000000000000000000000000000000000000000000000000000000000000000000
	00000000000000000000000000000000000000000000000000000000000000000000000000000000000000000000000000000000000000000000000000000000000000000000000000000000000000000000000000000000000000000000000000000000000000000000000000000000000000000000000000000000000000
	00000000000000000000000000000000000000000000000000000000000000000000000000000000000000000000000000000000000000000000000000000000000000000000000000000000000000000000000000000000000000000000000000000000000000000000000000000000000000000000004D000000AA620000
	00000000000000000000000000000000000000000000000000000000000000000000000000000000000000000000000000000000000000000000000000000000000000000000000000000000000000000000000000000000000000000000000000000000000000000000000000000000000000000000000000000000000000
	00000000000000000000000000000000000000000000000000000000000000000000000000000000000000000000000000000000000000000000000000000000000000000000000000000000000000000000000000000000000000000000000000000000000000000000000000000000000000000000000000000000000000
	00000000000000000000000000000000000000000000000000000000000000000000000000008000000000000000000000004D0000005D190000000000000000000000000000000000000000000000000000000000000000000000000000000000000000000000000000000000000000000000000000000000000000000000
	00000000000000000000000000000000000000000000000000000000000000000000000000000000000000000000000000000000000000000000000000000000000000000000000000000000000000000000000000000000000000000000000000000000000000000000000000000000000000000000000000000000000000
	0000000000000000000000000000000000000000000000000000000000000000000000000000000000000000000000000000000000000000000000000000000000000000000000000000000000000000000000000000000000000000000000000000000000000000000000004D00000039C700000000000000000000000000
	00000000000000000000000000000000000000000000000000000000000000000000000000000000000000000000000000000000000000000000000000000000000000000000000000000000000000000000000000000000000000000000000000000000000000000000000000000000000000000000000000000000000000
	00000000000000000000000000000000000000000000000000000000000000000000000000000000000000000000000000000000000000000000000000000000000000000000000000000000000000000000000000000000000000000000000000000000000000000000000000000000000000000000000000000000000000
	0000000000000000000000000000000000000000000000800000000000000000000000000000004D000000CEAE00000000000000000000000000000000000000000000000000000000000000000000000000000000000000000000000000000000000000000000000000000000000000000000000000000000000000000000
	00000000000000000000000000000000000000000000000000000000000000000000000000000000000000000000000000000000000000000000000000000000000000000000000000000000000000000000000000000000000000000000000000000000000000000000000000000000000000000000000000000000000000
	00000000000000000000000000000000000000000000000000000000000000000000000000000000000000000000000000000000000000000000000000000000000000000000000000000000000000000000000000000000000000000000000000000000004E050000CEAE0000000000000000000000000000000000000000
	00000000000000000000000000000000000000000000000000000000000000000000000000000000000000000000000000000000000000000000000000000000000000000000000000000000000000000000000000000000000000000000000000000000000000000000000000000000000000000000000000000000000000
	00000000000000000000000000000000000000000000000000000000000000000000000000000000000000000000000000000000000000000000000000000000000000000000000000000000000000000000000000000000000000000000000000000000000000000000000000000000000000000000000000000000000000
	0000000000000000000000000000000000000000000000000000000000000000000000004E05000088EE00000000000000000000000000000000000000000000000000000000000000000000000000000000000000000000000000000000000000000000000000000000000000000000000000000000000000000000000000
	00000000000000000000000000000000000000000000000000000000000000000000000000000000000000000000000000000000000000000000000000000000000000000000000000000000000000000000000000000000000000000000000000000000000000000000000000000000000000000000000000000000000000
	00000000000000000000000000000000000000000000000000000000000000000000000000000000000000000000000000000000000000000000000000000000000000000000000000000000000000000000000000004B06000088EE0000000000000000000000000000000000000000000000000000000000000000000000
	00000000000000000000000000000000000000000000000000000000000000000000000000000000000000000000000000000000000000000000000000000000000000000000000000000000000000000000000000000000000000000000000000000000000000000000000000000000000000000000000000000000000000
	00000000000000000000000000000000000000000000000000000000000000000000000000000000000000000000000000000000000000000000000000000000000000000000000000000000000000000000000000000000000000000000000000000000000000000000000000000000000000000000000000000000000000
	0000000000000000004B06000088EE00000000000000000000000000000000000000000000000000000000000000000000000000000000000000000000000000000000000000000000000000000000000000000000000000000000000000000000000000000000000000000000000000000000000000000000000000000000
	00000000000000000000000000000000000000000000000000000000000000000000000000000000000000000000000000000000000000000000000000000000000000000000000000000000000000000000000000000000000000000000000000000000000000000000000000000000000000000000000000000000000000
	00000000000000000000000000000000000000000000000000000000000000000000000000000000000000000000000000000000000000000000004B0600007BAB0000000000000000000000000000000000000000000000000000000000000000000000000000000000000000000000000000000000000000000000000000
	00000000000000000000000000000000000000000000000000000000000000000000000000000000000000000000000000000000000000000000000000000000000000000000000000000000000000000000000000000000000000000000000000000000000000000000000000000000000000000000000000000000000000
	00000000000000000000000000000000000000000000000000000000000000000000000000000000000000000000000000000000000000000000000000000000000000000000000000000000000000000000000000000000000000000000000000480100007FC2000000000000000000000000000000000000000000000000
	00000000000000000000000000000000000000000000000000000000000000000000000000000000000000000000000000000000000000000000000000000000000000000000000000000000000000000000000000000000000000000000000000000000000000000000000000000000000000000000000000000000000000
	00000000000000000000000000000000000000000000000000000000000000000000000000000000000000000000000000000000000000000000000000000000000000000000000000000000000000000000000000000000000000000000000000000000000000000000000000000000000000000000000000000000000000
	00000000000000000000000000000000000000000000000000000000000000000000000000000000500F0000F4BF000000000000000000000000000000000000000000000000000000000000000000000000000000000000000000000000000000000000000000000000000000000000000000000000000000000000000000
	00000000000000000000000000000000000000000000000000000000000000000000000000000000000000000000000000000000000000000000000000000000000000000000000000000000000000000000000000000000000000000000000000000000000000000000000000000000000000000000000000000000000000
	0000000000000000000000000000000000000000000000000000000000000000000000000000000000000000000000000000000000000000000000000000000000000000000000000000000000000000000000000000000000000000000080000000800000000000000000000000500F00007FC20000000000000000000000
	00000000000000000000000000000000000000000000000000000000000000000000000000000000000000000000000000000000000000000000000000000000000000000000000000000000000000000000000000000000000000000000000000000000000000000000000000000000000000000000000000000000000000
	00000000000000000000000000000000000000000000000000000000000000000000000000000000000000000000000000000000000000000000000000000000000000000000000000000000000000000000000000000000000000000000000000000000000000000000000000000000000000000000000000000000000000
	0000000000000000000000000000000000000000000000000000000000000000000000000000000000000000000000000000000000500F00009B390000000000000000000000000000000000000000000000000000000000000000000000000000000000000000000000000000000000000000000000000000000000000000
	00000000000000000000000000000000000000000000000000000000000000000000000000000000000000000000000000000000000000000000000000000000000000000000000000000000000000000000000000000000000000000000000000000000000000000000000000000000000000000000000000000000000000
	000000000000000000000000000000000000000000000000000000000000000000000000000000000000000000000000000000000000000000000000000000000000000000000000000000000000000000000000000000000000000000000000000000000000004B1000009B39000000000000000000000000000000000000
	00000000000000000000000000000000000000000000000000000000000000000000000000000000000000000000000000000000000000000000000000000000000000000000000000000000000000000000000000000000000000000000000000000000000000000000000000000000000000000000000000000000000000
	00000000000000000000000000000000000000000000000000000000000000000000000000000000000000000000000000000000000000000000000000000000000000000000000000000000000000000000000000000000000000000000000000000000000000000000000000000000000000000000000000000000000000
	00000000000000000000000000000000000000000000000000004B10000088A10000000000000000000100000000000000000000000000000000000000000000000000000000000000000000000000000000000000000000000000000000000000000000000000000000000000000000000000000000000000000000000000
	00000000000000000000000000000000000000000000000000000000000000000000000000000000000000000000000000000000000000000000000000000000000000000000000000000000000000000000000000000000000000000000000000000000000000000000000000000000000000000000000000000000000000
	000000000000000000000000000000000000000000000000000000000000000000000000000000000000000000000000000000000000000000000000000000008000000000000000000000004B1000000F79000000000000000000000000000000000000000000000000000000000000000000000000000000000000000000
	000000000000000000000000000000000000000000000000000000000000000000000000000000000000000000000000000000000000000000000000000000000000000000000000000000000000000000000000000000000000000000000000000000000000000000000000000000000028070000E0110000000000000000
	00000000000100000000000000000000000000000000000000000000000000000000000000000000000000000000000000000000000000000000000000000000000000000000000000000000000000000000000000000000000000000000000000000000000000000000000000000000000000000000000000000000000000
	000000000000008000000000000000000000000000000028070000E007000000FFFF06FFFF0082FF00807800807FFC807FFF867FFF8042FF80403880403FFC403FFFC63FFFC022FFC02018C0201FFC201FFFE61FFFE012FFE01008E0100FFC100FFFF60FFFF00BFFF00801F00807FC0807FFFE07FFF8037FF80405780403F8
	0403FFFE03FFFC077FFC02017C0201FA0201FFFC01FFFE077FFE01037E0100F80100FFFD00FFFF067FFF00837F00807900807FFC000000062708000048320000000000000000000001000000000000000000800000000000000000400000000000000000000000000080000000000000000040000000000000000000000000
	20800000000000000000400000000000000000200000000000000000000000000040000010000000000020000000000000000010000000000000000000000000002000000000000008001000000000000000000800000000000000000000000000100000000000000000080004000000000000040000000000000000000000
	00000800000000000000000400000000000200000200000000000000000000000000040000000000000000020000000000000000010100000000000000000000000002000000000000000001000000000000000000800000000000000000000000000100000000000000000080000000000000000040000000000000000050
	0A000078160000000000000000800000000000008000400000000080004000000000000040000000000020400020000000000000200000000000002000101000000000001000000000000010000800000000080008000000000000080004000000000000040004000000000400020000000000000200000000000202000100
	000000000001000000000000010000810000000000008000000000000080004000000000280900009C5000000000400000000020010000000000000000002000008000100000000000000000004010000000000800000000002000000000080000000004001000000000000080000400000800020000000040000000000402
	0000000001200000000002000000000100100000000000000000010000080000800000000000000000040080000000004000000000020000000000400000000020010000000000000028020000F48C000000000000000000000000000000000000000000000000000000000000000000000000000000000000000000000000
	0000000000000000000000000000000000000000000000000000000000000000000000000000000000000000000000000000000000000000000000000000000000000000000000000000000000000000000000000000000000000000000000000000000000000000000027030000A702000000000000000000000000000000
	00000000000000000000000000000000000000000000000000000000000000000000000000000000000000000000000000000000000000000000000000000000000000000000000000000000000000000000000000000000000000000000000000000000000000000000000000000000000000000000000000000000000000
	0000000025040000A702000000000000000000000000000000000000000000000000000000000000000000000000000000000000000000000000000000000000000000000000000000000000000000000000000000000000000000000000000000000000000000000000000000000000000000000000000000000000000000
	0000000000000000000000000000000000000000000000000000000000250400000D4A0000000000000000000100000001000000000000000000000000000000000000000000000000000000000000000000000000000000000000000000000000000000000000000000000000000000000000000000000000000000000000
	00000000000000000000000000000000000000000000000000000000000000000000000000000000000080000000800000000000000000000000260E0000AE26000000000000000000000000000000000000000000000000000000000000000000000000000000000000000000000000000000000000000000000000000000
	000000000000000000000000000000000000000000000000000000000000000000000000000000000000000000000000000000000000000000000000000000000000000000000000000000000000000000000000000000260E000046FA00000000000000000000000000000000000000000000000000000000000000000000
	00000000000000000000000000000000000000000000000000000000000000000000000000000000000000000000000000000000000000000000000000000000000000000000000000000000000000000000000000000000000000000000000000000000000000000000000000000000000000000000000000000000280D00
	00CEB100004000810040000102000000020020000020204000200040800000008000000000101000001010200000002040000000400800000008080000000810000000102004000020040000000004000000040800020008100200001000000000000200000102040001000408000000080000000000810000008102000000
	02040000000400400000004080004000810040000102000000020020000000204000280D0000EAD7000000000000000000010000000000000000000000000000000000000000000000000000000000000000000000000000000000000000000000000000000000000000000000000000000000000000000000000000000000
	0000000000000000000000000000000000000000000000000000000000000000000000000000000000000000000000000000000000000000000000800000000000000000000000280D0000E7810000000000000000000000000000000000000000000000000000000000000000000000000000000000000000000000000000
	00000000000000000000000000000000000000000000000000000000000000000000000000000000000000000000000000000000000000000000000000000000000000000000000000000000000000000000000000000000000000000000000000000000000000000000000000000000000000000000000000000000000000
	00000000000000000000000000000000000000000000000000000000000000000000000000000000000000000000000000000000000000000000000000000000000000000000000000000000000000000000000000000000000000000000000000000000000000000000000000000000000000000000000000000000000000
	00004D0C0000425F0000000000000000000000000001000000000000000000000000000000000000000000000000000000000000000000000000000000000000000000000000000000000000000000000000000000000000000000000000000000000000000000000000000000000000000000000000000000000000000000
	00000000000000000000000000000000000000000000000000000000000000000000000000000000000000000000000000000000000000000000000000000000000000000000000000000000000000000000000000000000000000000000000000000000000000000000000000000000000000000000000000000000000000
	0000000000000000000000000000000000000000000000000000000000000000000000000000000000000000800000000000000000000000000000004D0C000075DD00000000000000000000000000000000000000000000000000000000000000000000000000000000000000000000000000000000000000000000000000
	00000000000000000000000000000000000000000000000000000000000000000000000000000000000000000000000000000000000000000000000000000000000000000000000000000000000000000000000000000000000000000000000000000000000000000000000000000000000000000000000000000000000000
	00000000000000000000000000000000000000000000000000000000000000000000000000000000000000000000000000000000000000000000000000000000000000000000000000000000000000000000000000000000000000000000000000000000000000000000000000000000000000000000000000004E0B000075
	DD000000000000000000000000000000000000000000000000000000000000000000000000000000000000000000000000000000000000000000000000000000000000000000000000000000000000000000000000000000000000000000000000000000000000000000000000000000000000000000000000000000000000
	00000000000000000000000000000000000000000000000000000000000000000000000000000000000000000000000000000000000000000000000000000000000000000000000000000000000000000000000000000000000000000000000000000000000000000000000000000000000000000000000000000000000000
	0000000000000000000000000000000000000000000000000000000000000000000000000000000000000000000000000000000000000000004E0B000075DD00000000000000000000000000000000000000000000000000000000000000000000000000000000000000000000000000000000000000000000000000000000
	00000000000000000000000000000000000000000000000000000000000000000000000000000000000000000000000000000000000000000000000000000000000000000000000000000000000000000000000000000000000000000000000000000000000000000000000000000000000000000000000000000000000000
	00000000000000000000000000000000000000000000000000000000000000000000000000000000000000000000000000000000000000000000000000000000000000000000000000000000000000000000000000000000000000000000000000000000000000000000000000000000000000000000004E0B00005D190000
	00000000000000000000000000000000000000000000000000000000000000000000000000000000000000000000000000000000000000000000000000000000000000000000000000000000000000000000000000000000000000000000000000000000000000000000000000000000000000000000000000000000000000
	00000000000000000000000000000000000000000000000000000000000000000000000000000000000000000000000000000000000000000000000000000000000000000000000000000000000000000000000000000000000000000000000000000000000000000000000000000000000000000000000000000000000000
	00000000000000000000000000000000000000000000000000000000000000000000000000000000000000000000000000004D0000005D190000000000000000000000000000000000000000000000000000000000000000000000000000000000000000000000000000000000000000000000000000000000000000000000
	00000000000000000000000000000000000000000000000000000000000000000000000000000000000000000000000000000000000000000000000000000000000000000000000000000000000000000000000000000000000000000000000000000000000000000000000000000000000000000000000000000000000000
	0000000000000000000000000000000000000000000000000000000000000000000000000000000000000000000000000000000000000000000000000000000000000000000000000000000000000000000000000000000000000000000000000000000000000000000000004D0000005D1900000000000000000000000000
	00000000000000000000000000000000000000000000000000000000000000000000000000000000000000000000000000000000000000000000000000000000000000000000000000000000000000000000000000000000000000000000000000000000000000000000000000000000000000000000000000000000000000
	00000000000000000000000000000000000000000000000000000000000000000000000000000000000000000000000000000000000000000000000000000000000000000000000000000000000000000000000000000000000000000000000000000000000000000000000000000000000000000000000000000000000000
	0000000000000000000000000000000000000000000000000000000000000000000000000000004D0000005D1900000000000000000000000000000000000000000000000000000000000000000000000000000000000000000000000000000000000000000000000000000000000000000000000000000000000000000000
	00000000000000000000000000000000000000000000000000000000000000000000000000000000000000000000000000000000000000000000000000000000000000000000000000000000000000000000000000000000000000000000000000000000000000000000000000000000000000000000000000000000000000
	000000000000000000000000000000000000000000000000000000000000000000000000000000000000000000000000000000000000000000000000000000000000000000000000000000000000000000000000000000000000000000000000004D0000002B2D000000000000000000010000000100000000000000000000
	00000000000000000000000000000000000000000000000000000000000000000000000000000000000000000000000000000000000000000000000000000000000000000000000000000000000000000000000000000000000000000000000000000000000000000000000000000000000000000000000000000000000000
	00000000000000000000000000000000000000000000000000000000000000000000000000000000000000000000000000000000000000000000000000000000000000000000000000000000000000000000000000000000000000000000000000000000000000000000000000000000000000000000000000000000000000
	00000000000000000000000000000000800000008000000000000000000000004E050000CEAE0000000000000000000000000000000000000000000000000000000000000000000000000000000000000000000000000000000000000000000000000000000000000000000000000000000000000000000000000000000000
	00000000000000000000000000000000000000000000000000000000000000000000000000000000000000000000000000000000000000000000000000000000000000000000000000000000000000000000000000000000000000000000000000000000000000000000000000000000000000000000000000000000000000
	000000000000000000000000000000000000000000000000000000000000000000000000000000000000000000000000000000000000000000000000000000000000000000000000000000000000000000000000000000000000000000004E05000088EE000000000000000000000000000000000000000000000000000000
	00000000000000000000000000000000000000000000000000000000000000000000000000000000000000000000000000000000000000000000000000000000000000000000000000000000000000000000000000000000000000000000000000000000000000000000000000000000000000000000000000000000000000
	00000000000000000000000000000000000000000000000000000000000000000000000000000000000000000000000000000000000000000000000000000000000000000000000000000000000000000000000000000000000000000000000000000000000000000000000000000000000000000000000000000000000000
	00000000000000000000000000000000004B06000088EE0000000000000000000000000000000000000000000000000000000000000000000000000000000000000000000000000000000000000000000000000000000000000000000000000000000000000000000000000000000000000000000000000000000000000000
	00000000000000000000000000000000000000000000000000000000000000000000000000000000000000000000000000000000000000000000000000000000000000000000000000000000000000000000000000000000000000000000000000000000000000000000000000000000000000000000000000000000000000
	000000000000000000000000000000000000000000000000000000000000000000000000000000000000000000000000000000000000000000000000000000000000004B0600009B76000000000000000000010000000000000000000000000000000000000000000000000000000000000000000000000000000000000000
	00000000000000000000000000000000000000000000000000000000000000000000000000000000000000000000000000000000000000000000000000000000000000000000000000000000000000000000000000000000000000000000000000000000000000000000000000000000000000000000000000000000000000
	0000000000000000000000000000000000000000000000000000000000000000000000000000000000000000000000000000000000000000000000000000000000000000000000000000000000000000000000000000000000000000000000000000000000000000008000000000000000000000004B0600007BAB00000000
	00000000000000000000000000000000000000000000000000000000000000000000000000000000000000000000000000000000000000000000000000000000000000000000000000000000000000000000000000000000000000000000000000000000000000000000000000000000000000000000000000000000000000
	00000000000000000000000000000000000000000000000000000000000000000000000000000000000000000000000000000000000000000000000000000000000000000000000000000000000000000000000000000000000000000000000000000000000000000000000000000000000000000000000000000000000000
	0000000000000000000000000000000000000000000000000000000048010000E602000000000000000000000000000100000000000000000000000000000000000000000000000000000000000000000000000000000000000000000000000000000000000000000000000000000000000000000000000000000000000000
	00000000000000000000000000000000000000000000000000000000000000000000000000000000000000000000000000000000000000000000000000000000000000000000000000000000000000000000000000000000000000000000000000000000000000000000000000000000000000000000000000000000000000
	0000000000000000000000000000000000000000000000000000000000000000000000000000000000000000000000000000000000000000000000000000000000000000000000000000000000000000000080000000000000000000000000000000500F00007FC20000000000000000000000000000000000000000000000
	00000000000000000000000000000000000000000000000000000000000000000000000000000000000000000000000000000000000000000000000000000000000000000000000000000000000000000000000000000000000000000000000000000000000000000000000000000000000000000000000000000000000000
	00000000000000000000000000000000000000000000000000000000000000000000000000000000000000000000000000000000000000000000000000000000000000000000000000000000000000000000000000000000000000000000000000000000000000000000000000000000000000000000000000000000000000
	0000000000000000000000000000000000000000000000000000000000000000000000000000000000500F00007FC20000000000000000000000000000000000000000000000000000000000000000000000000000000000000000000000000000000000000000000000000000000000000000000000000000000000000000
	00000000000000000000000000000000000000000000000000000000000000000000000000000000000000000000000000000000000000000000000000000000000000000000000000000000000000000000000000000000000000000000000000000000000000000000000000000000000000000000000000000000000000
	000000000000000000000000000000000000000000000000000000000000000000000000000000000000000000000000000000000000000000000000000000000000000000000000000000000000000000000000000000000000000000000000000000000000000000000000000000500F00009B3900000000000000000000
	00000000000000000000000000000000000000000000000000000000000000000000000000000000000000000000000000000000000000000000000000000000000000000000000000000000000000000000000000000000000000000000000000000000000000000000000000000000000000000000000000000000000000
	00000000000000000000000000000000000000000000000000000000000000000000000000000000000000000000000000000000000000000000000000000000000000000000000000000000000000000000000000000000000000000000000000000000000000000000000000000000000000000000000000000000000000
	000000000000000000000000000000000000000000000000000000000000000000004B1000009B39000000000000000000000000000000000000000000000000000000000000000000000000000000000000000000000000000000000000000000000000000000000000000000000000000000000000000000000000000000
	00000000000000000000000000000000000000000000000000000000000000000000000000000000000000000000000000000000000000000000000000000000000000000000000000000000000000000000000000000000000000000000000000000000000000000000000000000000000000000000000000000000000000
	0000000000000000000000000000000000000000000000000000000000000000000000000000000000000000000000000000000000000000000000000000000000000000000000000000000000000000000000004B1000009B3900000000000000000000000000000000000000000000000000000000000000000000000000
	00000000000000000000000000000000000000000000000000000000000000000000000000000000000000000000000000000000000000000000000000000000000000000000000000000000000000000000000000000000000000000000000000000000000000000000000000000000000000000000000000000000000000
	00000000000000000000000000000000000000000000000000000000000000000000000000000000000000000000000000000000000000000000000000000000000000000000000000000000000000000000000000000000000000000000000000000000000000000000000000000000000000000000000000000000000000
	000000000000004B1000000F79000000000000000000000000000000000000000000000000000000000000000000000000000000000000000000000000000000000000000000000000000000000000000000000000000000000000000000000000000000000000000000000000000000000000000000000000000000000000
	0000000000000000000000000000000000000000000000000000000000000000000000000000000000000000280700000F790000000000000000000000000000000000000000000000000000000000000000000000000000000000000000000000000000000000000000000000000000000000000000000000000000000000
	00000000000000000000000000000000000000000000000000000000000000000000000000000000000000000000000000000000000000000000000000000000000000000000000000000000000000000028070000ABEA000000FFFF06FFFF0083FF00807900807FFC807FFF867FFF8042FF80403880403FFC403FFFC63FFF
	C022FFC02018C0201FFC201FFFE61FFFE012FFE01008E0100FFC100FFFF60FFFF00BFFF00801F00807FC0807FFFE07FFF8037FF80405780403F80403FFFE03FFFC077FFC02017C0201FA0201FFFC01FFFE077FFE01037E0100F80100FFFD00FFFF06FFFF0083FF00807900807FFC0000000627080000483200000000000000
	00000001000000000000000000800000000000000000400000000000000000000000000080000000000000000040000000000000000000000000208000000000000000004000000000000000002000000000000000000000000000400000100000000000200000000000000000100000000000000000000000000020000000
	00000008001000000000000000000800000000000000000000000000100000000000000000080004000000000000040000000000000000000000000008000000000000000004000000000002000002000000000000000000000000000400000000000000000200000000000000000101000000000000000000000000020000
	000000000000010000000000000000008000000000000000000000000001000000000000000000800000000000000000400000000000000000500A0000781600000000000000008000000000000080004000000000800040000000000000400000000000204000200000000000002000000000000020001010000000000010
	00000000000010000800000000080008000000000000080004000000000000040004000000000400020000000000000200000000000202000100000000000001000000000000010000810000000000008000000000000080004000000000280900009C50000000004000000000200100000000000000000020000080001000
	00000000000000004010000000000800000000002000000000080000000004001000000000000080000400000800020000000040000000000402000000000120000000000200000000010010000000000000000001000008000080000000000000000004008000000000400000000002000000000040000000002001000000
	00000000280200001FB5000000000000000000010000000000000000000000000000000000000000000000000000000000000000000000000000000000000000000000000000000000000000000000000000000000000000000000000000000000000000000000000000000000000000000000000000000000000000000000
	0000000000000000000000000000000000000000000000000080000000000000000000000027030000A702000000000000000000000000000000000000000000000000000000000000000000000000000000000000000000000000000000000000000000000000000000000000000000000000000000000000000000000000
	000000000000000000000000000000000000000000000000000000000000000000000000000000000000000000000000000000000000000000000000000025040000BA830000000000000000000000000001000000000000000000000000000000000000000000000000000000000000000000000000000000000000000000
	00000000000000000000000000000000000000000000000000000000000000000000000000000000000000000000000000000000000000000000000000000000000000000000008000000000000000000000000000000025040000AE2600000000000000000000000000000000000000000000000000000000000000000000
	0000000000000000000000000000000000000000000000000000000000000000000000000000000000000000000000000000000000000000000000000000000000000000000000000000000000000000000000000000000000000000000000000000000000000000000000000000000000000000260E0000AE260000000000
	00000000000000000000000000000000000000000000000000000000000000000000000000000000000000000000000000000000000000000000000000000000000000000000000000000000000000000000000000000000000000000000000000000000000000000000000000000000000000000000000000000000000000
	000000000000000000000000000000000000260E000046FA00000000000000000000000000000000000000000000000000000000000000000000000000000000000000000000000000000000000000000000000000000000000000000000000000000000000000000000000000000000000000000000000000000000000000
	00000000000000000000000000000000000000000000000000000000000000000000000000000000000000000000000000000000000000280D0000CEB1000040008100400001020000000200200000202040002000408000000080000000001010000010102000000020400000004008000000080800000008100000001020
	0400002004000000000400000004080002000810020000100000000000020000010204000100040800000008000000000081000000810200000002040000000400400000004080004000810040000102000000020020000000204000280D000046FA0000000000000000000000000000000000000000000000000000000000
	00000000000000000000000000000000000000000000000000000000000000000000000000000000000000000000000000000000000000000000000000000000000000000000000000000000000000000000000000000000000000000000000000000000000000000000000000000000000000000000000000000000000000
	0000280D0000E7810000000000000000000000000000000000000000000000000000000000000000000000000000000000000000000000000000000000000000000000000000000000000000000000000000000000000000000000000000000000000000000000000000000000000000000000000000000000000000000000
	00000000000000000000000000000000000000000000000000000000000000000000000000000000000000000000000000000000000000000000000000000000000000000000000000000000000000000000000000000000000000000000000000000000000000000000000000000000000000000000000000000000000000
	0000000000000000000000000000000000000000000000000000000000000000000000000000000000000000000000000000000000000000000000004D0C0000E78100000000000000000000000000000000000000000000000000000000000000000000000000000000000000000000000000000000000000000000000000
	00000000000000000000000000000000000000000000000000000000000000000000000000000000000000000000000000000000000000000000000000000000000000000000000000000000000000000000000000000000000000000000000000000000000000000000000000000000000000000000000000000000000000
	000000000000000000000000000000000000000000000000000000000000000000000000000000000000000000000000000000000000000000000000000000000000000000000000000000000000000000000000000000000000000000000000000000000000000000000000000000000000000000004D0C0000905E000000
	00000000000001000000010000000000000000000000000000000000000000000000000000000000000000000000000000000000000000000000000000000000000000000000000000000000000000000000000000000000000000000000000000000000000000000000000000000000000000000000000000000000000000
	00000000000000000000000000000000000000000000000000000000000000000000000000000000000000000000000000000000000000000000000000000000000000000000000000000000000000000000000000000000000000000000000000000000000000000000000000000000000000000000000000000000000000
	00000000000000000000000000000000000000000000000000000000000000000000000000800000008000000000000000000000004E0B000075DD0000000000000000000000000000000000000000000000000000000000000000000000000000000000000000000000000000000000000000000000000000000000000000
	00000000000000000000000000000000000000000000000000000000000000000000000000000000000000000000000000000000000000000000000000000000000000000000000000000000000000000000000000000000000000000000000000000000000000000000000000000000000000000000000000000000000000
	000000000000000000000000000000000000000000000000000000000000000000000000000000000000000000000000000000000000000000000000000000000000000000000000000000000000000000000000000000000000000000000000000000000000000000000000000000000000004E0B000075DD000000000000
	00000000000000000000000000000000000000000000000000000000000000000000000000000000000000000000000000000000000000000000000000000000000000000000000000000000000000000000000000000000000000000000000000000000000000000000000000000000000000000000000000000000000000
	00000000000000000000000000000000000000000000000000000000000000000000000000000000000000000000000000000000000000000000000000000000000000000000000000000000000000000000000000000000000000000000000000000000000000000000000000000000000000000000000000000000000000
	00000000000000000000000000000000000000000000000000000000000000000000000000000000000000000000000000004E0B00005D190000000000000000000000000000000000000000000000000000000000000000000000000000000000000000000000000000000000000000000000000000000000000000000000
	00000000000000000000000000000000000000000000000000000000000000000000000000000000000000000000000000000000000000000000000000000000000000000000000000000000000000000000000000000000000000000000000000000000000000000000000000000000000000000000000000000000000000
	0000000000000000000000000000000000000000000000000000000000000000000000000000000000000000000000000000000000000000000000000000000000000000000000000000000000000000000000000000000000000000000000000000000000000000000000004D000000AA6200000000000000000000000000
	00000000000000000000000000000000000000000000000000000000000000000000000000000000000000000000000000000000000000000000000000000000000000000000000000000000000000000000000000000000000000000000000000000000000000000000000000000000000000000000000000000000000000
	00000000000000000000000000000000000000000000000000000000000000000000000000000000000000000000000000000000000000000000000000000000000000000000000000000000000000000000000000000000000000000000000000000000000000000000000000000000000000000000000000000000000000
	0000000000000000000000000000000000000000000000000000008000000000000000000000004D0000005D1900000000000000000000000000000000000000000000000000000000000000000000000000000000000000000000000000000000000000000000000000000000000000000000000000000000000000000000
	00000000000000000000000000000000000000000000000000000000000000000000000000000000000000000000000000000000000000000000000000000000000000000000000000000000000000000000000000000000000000000000000000000000000000000000000000000000000000000000000000000000000000
	000000000000000000000000000000000000000000000000000000000000000000000000000000000000000000000000000000000000000000000000000000000000000000000000000000000000000000000000000000000000000000000000004D00000039C7000000000000000000000000000000000000000000000000
	00000000000000000000000000000000000000000000000000000000000000000000000000000000000000000000000000000000000000000000000000000000000000000000000000000000000000000000000000000000000000000000000000000000000000000000000000000000000000000000000000000000000000
	00000000000000000000000000000000000000000000000000000000000000000000000000000000000000000000000000000000000000000000000000000000000000000000000000000000000000000000000000000000000000000000000000000000000000000000000000000000000000000000000000000000000000
	000000000000000000000000800000000000000000000000000000004D000000CEAE000000000000000000000000000000000000000000000000000000000000000000000000000000000000000000000000000000000000000000000000000000000000000000000000000000000000000000000000000000000000000000
	00000000000000000000000000000000000000000000000000000000000000000000000000000000000000000000000000000000000000000000000000000000000000000000000000000000000000000000000000000000000000000000000000000000000000000000000000000000000000000000000000000000000000
	0000000000000000000000000000000000000000000000000000000000000000000000000000000000000000000000000000000000000000000000000000000000000000000000000000000000000000000000000000000000004E050000CEAE00000000000000000000000000000000000000000000000000000000000000
	00000000000000000000000000000000000000000000000000000000000000000000000000000000000000000000000000000000000000000000000000000000000000000000000000000000000000000000000000000000000000000000000000000000000000000000000000000000000000000000000000000000000000
	00000000000000000000000000000000000000000000000000000000000000000000000000000000000000000000000000000000000000000000000000000000000000000000000000000000000000000000000000000000000000000000000000000000000000000000000000000000000000000000000000000000000000
	000000000000000000000000000000000000000000000000004E05000088EE000000000000000000000000000000000000000000000000000000000000000000000000000000000000000000000000000000000000000000000000000000000000000000000000000000000000000000000000000000000000000000000000
	00000000000000000000000000000000000000000000000000000000000000000000000000000000000000000000000000000000000000000000000000000000000000000000000000000000000000000000000000000000000000000000000000000000000000000000000000000000000000000000000000000000000000
	0000000000000000000000000000000000000000000000000000000000000000000000000000000000000000000000000000000000000000000000000000000000000000000000000000004B06000088EE00000000000000000000000000000000000000000000000000000000000000000000000000000000000000000000
	00000000000000000000000000000000000000000000000000000000000000000000000000000000000000000000000000000000000000000000000000000000000000000000000000000000000000000000000000000000000000000000000000000000000000000000000000000000000000000000000000000000000000
	00000000000000000000000000000000000000000000000000000000000000000000000000000000000000000000000000000000000000000000000000000000000000000000000000000000000000000000000000000000000000000000000000000000000000000000000000000000000000000000000000000000004B06
	000088EE000000000000000000000000000000000000000000000000000000000000000000000000000000000000000000000000000000000000000000000000000000000000000000000000000000000000000000000000000000000000000000000000000000000000000000000000000000000000000000000000000000
	00000000000000000000000000000000000000000000000000000000000000000000000000000000000000000000000000000000000000000000000000000000000000000000000000000000000000000000000000000000000000000000000000000000000000000000000000000000000000000000000000000000000000
	0000000000000000000000000000000000000000000000000000000000000000000000000000000000000000000000004B0600007BAB00000000000000000000000000000000000000000000000000000000000000000000000000000000000000000000000000000000000000000000000000000000000000000000000000
	00000000000000000000000000000000000000000000000000000000000000000000000000000000000000000000000000000000000000000000000000000000000000000000000000000000000000000000000000000000000000000000000000000000000000000000000000000000000000000000000000000000000000
	0000000000000000000000000000000000000000000000000000000000000000000000000000000000000000000000000000000000000000000000000000000000000000000000000000000000000000000000000000480100007FC20000000000000000000000000000000000000000000000000000000000000000000000
	00000000000000000000000000000000000000000000000000000000000000000000000000000000000000000000000000000000000000000000000000000000000000000000000000000000000000000000000000000000000000000000000000000000000000000000000000000000000000000000000000000000000000
	00000000000000000000000000000000000000000000000000000000000000000000000000000000000000000000000000000000000000000000000000000000000000000000000000000000000000000000000000000000000000000000000000000000000000000000000000000000000000000000000000000000000000
	0000000000000000000000000000000000000000000000000000000000500F0000F4BF0000000000000000000000000000000000000000000000000000000000000000000000000000000000000000000000000000000000000000000000000000000000000000000000000000000000000000000000000000000000000000
	00000000000000000000000000000000000000000000000000000000000000000000000000000000000000000000000000000000000000000000000000000000000000000000000000000000000000000000000000000000000000000000000000000000000000000000000000000000000000000000000000000000000000
	000000000000000000000000000000000000000000000000000000000000000000000000000000000000000000000000000000000000000000000000000000000000000000000000000000000000000000000080000000800000000000000000000000500F00007FC200000000000000000000000000000000000000000000
	00000000000000000000000000000000000000000000000000000000000000000000000000000000000000000000000000000000000000000000000000000000000000000000000000000000000000000000000000000000000000000000000000000000000000000000000000000000000000000000000000000000000000
	00000000000000000000000000000000000000000000000000000000000000000000000000000000000000000000000000000000000000000000000000000000000000000000000000000000000000000000000000000000000000000000000000000000000000000000000000000000000000000000000000000000000000
	000000000000000000000000000000000000000000000000000000000000000000000000000000000000500F00000F4900000000000000000000000000000000000000000000000000000000000000000000000000000000000000000000000000000000000000000000000000000000000000000000000000000000000000
	00000000000000000000000000000000000000000000000000000000000000000000000000000000000000000000000000000000000000000000000000000000000000000000000000000000000000000000000000000000000000000000000000000000000000000000000000000000000000000000000000000000000000
	000000000000000000000000000000000000000000000000000000000000000000000000000000000000000000000000000000000000000000000000000000000000000000000000000000000000000000000000000000004A3300000F49000000000000000000000000000000000000000000000000000000000000000000
	00000000000000000000000000000000000000000000000000000000000000000000000000000000000000000000000000000000000000000000000000000000000000000000000000000000000000000000000000000000000000000000000000000000000000000000000000000000000000000000000000000000000000
	00000000000000000000000000000000000000000000000000000000000000000000000000000000000000000000000000000000000000000000000000000000000000000000000000000000000000000000000000000000000000000000000000000000000000000000000000000000000000000000000000000000000000
	000000000000004A3300000F49000000000000000000000000000000000000000000000000000000000000000000000000000000000000000000000000000000000000000000000000000000000000000000000000000000000000000000000000000000000000000000000000000000000000000000000000000000000000
	00000000000000000000000000000000000000000000000000000000000000000000000000000000000000000000000000000000000000000000000000000000000000000000000000000000000000000000000000000000000000000000000000000000000000000000000000000000000000000000000000000000000000
	00000000000000000000000000000000000000000000000000000000000000000000000000000000000000000000000000000000004A33000088940000000000000000000000000000000000000000000000000000000000000000000000000000000000000000000000000000000000000000000000000000000000000000
	00000000000000000000000000000000000000000000000000000000000000000000000000000000000000000000000000000000000000000000000000000000000000000000000000000000000000000000000000002716000088940000000000000000000000000000000000000000000000000000000000000000000000
	0000000000000000000000000000000000000000000000000000000000000000000000000000000000000000000000000000000000000000000000000000000000000000000000000000000000000000000000000000000000000000000000000000000000000000000000000000000000000000000000271600006A620000
	00000000000000000000000000000000000000000000000000000000000000000000000000000000000000000000000000000000000000000000000000000000000000000000000000000000000000000000000000000000000000000000000000000000000000000000000000000000000000000000000000000000000000
	00000000000000000000000000241500006A62000000000000000000000000000000000000000000000000000000000000000000000000000000000000000000000000000000000000000000000000000000000000000000000000000000000000000000000000000000000000000000000000000000000000000000000000
	0000000000000000000000000000000000000000000000000000000000000000000024150000F628000000000000000000000000000000000000000000000000000000000000000000000000000000000000000000000000000000000000000000000000000000000000000000000000000000000000000000000000000000
	000000000000000000000000000000000000000000000000000000000000000000000000000000000000000000000000000000000000000000000000000000000000000000000000000000000000000000000000000000000000000000000000000000000000000000000000000000000000003317000017F6000004000000
	00000020000080000200000000000010000040000100000000000008000020000080000000000004000010000040000000000002000008000020000000000001000004008010000000000000400002000008000020000000000001000004000010000000000000800002000008000000000000400001000004000000000000
	20000080002314000009CF0000000000000000000000000000000000000000000000000000000000000000000000000000000000000000000000000000000000000000000000000000000000000000000000000000000000000000000000000000000000000000000000000000000000000000000000000000000000000000
	00000000000000000000000000000000000000000000000000000000000000000000000000000000000000000000000000000000000000000000000000000000000000000000000000000000000000000000000000000000000000000000000000000000000000000000000000000000000000000000000000000000000000
	00000000000000000000000000000000000000421D000009CF000000000000000000000000000000000000000000000000000000000000000000000000000000000000000000000000000000000000000000000000000000000000000000000000000000000000000000000000000000000000000000000000000000000000
	00000000000000000000000000000000000000000000000000000000000000000000000000000000000000000000000000000000000000000000000000000000000000000000000000000000000000000000000000000000000000000000000000000000000000000000000000000000000000000000000000000000000000
	000000000000000000000000000000000000000000000000000000000000000000421D00009E7800000000000000000000000000000000000000000000000000000000000000000000000000000000000000000000000000000000000000000000000000000000000000000000000000000000000000000000000000000000
	00000000000000000000000000000000000000000000000000000000000000000000000000000000000000000000000000000000000000000000000000000000000000000000000000000000000000000000000000000000000000000000000000000000000000000000000000000000000000000000000000000000000000
	00000000000000000000000000000000000000000000000000000000000000000000003F1C00009E780000000000000000000000000000000000000000000000000000000000000000000000000000000000000000000000000000000000000000000000000000000000000000000000000000000000000000000000000000
	00000000000000000000000000000000000000000000000000000000000000000000000000000000000000000000000000000000000000000000000000000000000000000000000000000000000000000000000000000000000000000000000000000000000000000000000000000000000000000000000000000000000000
	000000000000000000000000000000000000000000000000000000000000000000000000003F1C00009E78000000000000000000000000000000000000000000000000000000000000000000000000000000000000000000000000000000000000000000000000000000000000000000000000000000000000000000000000
	00000000000000000000000000000000000000000000000000000000000000000000000000000000000000000000000000000000000000000000000000000000000000000000000000000000000000000000000000000000000000000000000000000000000000000000000000000000000000000000000000000000000000
	0000000000000000000000000000000000000000000000000000000000000000000000000000003F1C00009E7800000000000000000000000000000000000000000000000000000000000000000000000000000000000000000000000000000000000000000000000000000000000000000000000000000000000000000000
	00000000000000000000000000000000000000000000000000000000000000000000000000000000000000000000000000000000000000000000000000000000000000000000000000000000000000000000000000000000000000000000000000000000000000000000000000000000000000000000000000000000000000
	00000000000000000000000000000000000000000000000000000000000000000000000000000000003F1C00009E780000000000000000000000000000000000000000000000000000000000000000000000000000000000000000000000000000000000000000000000000000000000000000000000000000000000000000
	00000000000000000000000000000000000000000000000000000000000000000000000000000000000000000000000000000000000000000000000000000000000000000000000000000000000000000000000000000000000000000000000000000000000000000000000000000000000000000000000000000000000000
	000000000000000000000000000000000000000000000000000000000000000000000000000000000000003F1C00009E78000000000000000000000000000000000000000000000000000000000000000000000000000000000000000000000000000000000000000000000000000000000000000000000000000000000000
	00000000000000000000000000000000000000000000000000000000000000000000000000000000000000000000000000000000000000000000000000000000000000000000000000000000000000000000000000000000000000000000000000000000000000000000000000000000000000000000000000000000000000
	0000000000000000000000000000000000000000000000000000000000000000000000000000000000000000003F1C00009E7800000000000000000000000000000000000000000000000000000000000000000000000000000000000000000000000000000000000000000000000000000000000000000000000000000000
	00000000000000000000000000000000000000000000000000000000000000000000000000000000000000000000000000000000000000000000000000000000000000000000000000000000000000000000000000000000000000000000000000000000000000000000000000000000000000000000000000000000000000
	00000000000000000000000000000000000000000000000000000000000000000000000000000000000000000000003F1C00000F490000000000000000000000000000000000000000000000000000000000000000000000000000000000000000000000000000000000000000000000000000000000000000000000000000
	00000000000000000000000000000000000000000000000000000000000000000000000000000000000000000000000000000000000000000000000000000000000000000000000000000000000000000000000000000000000000000000000000000000000000000000000000000000000000000000000000000000000000
	0000000000000000000000000000000000000000000000000000000000000000000000000000000000000000000000000000000000000000000000000000000000000000000000000000000000000000000000000000000000000000004A3300000F4900000000000000000000000000000000000000000000000000000000
	00000000000000000000000000000000000000000000000000000000000000000000000000000000000000000000000000000000000000000000000000000000000000000000000000000000000000000000000000000000000000000000000000000000000000000000000000000000000000000000000000000000000000
	00000000000000000000000000000000000000000000000000000000000000000000000000000000000000000000000000000000000000000000000000000000000000000000000000000000000000000000000000000000000000000000000000000000000000000000000000000000000000000000000000000000000000
	0000000000000000000000004A3300000F4900000000000000000000000000000000000000000000000000000000000000000000000000000000000000000000000000000000000000000000000000000000000000000000000000000000000000000000000000000000000000000000000000000000000000000000000000
	00000000000000000000000000000000000000000000000000000000000000000000000000000000000000000000000000000000000000000000000000000000000000000000000000000000000000000000000000000000000000000000000000000000000000000000000000000000000000000000000000000000000000
	000000000000000000000000000000000000000000000000000000000000000000000000000000000000000000000000000000000000000000004A330000A717000000000000000000000000000000000000000000000000000000000000000000000000000000000000000000000000000000000000000000000000000000
	00000000000000000000000000000000000000000000000000000000000000000000000000000000000000000000000000000000000000000000000000000000000000000000000000000000000000000000000000000000000000000000000000000000000000000000000000000000000000000000000000000000000000
	000000000000000000000000000000000000000000000000000000000000000000000000000000000000000000000000000000000000000000000000000000000000000000000000000000000000000000000000000000000000000047320000E5AF0000000000000000000000000000000000000000000000000000000000
	00000000000000000000000000000000000000000000000000000000000000000000000000000000000000000000000000000000000000000000000000000000000000000000000000000000000000000000000000000000000000000000000000000000000000000000000000000000000000000000000000000000000000
	00000000000000000000000000000000000000000000000000000000000000000000000000000000000000000000000000000000000000000000000000000000000000000000000000000000000000000000000000000000000000000000000000000000000000000000000000000000000000000000000000000000000000
	0000000000000000000000000000000000000000000000000000004E340000E5AF00000000000000000000000000000000000000000000000000000000000000000000000000000000000000000000000000000000000000000000000000000000000000000000000000000000000000000000000000000000000000000000
	00000000000000000000000000000000000000000000000000000000000000000000000000000000000000000000000000000000000000000000000000000000000000000000000000000000000000000000000000000000000000000000000000000000000000000000000000000000000000000000000000000000000000
	00000000000000000000000000000000000000000000000000000000000000000000000000000000000000000000000000000000000000000000000000000000000000000000000000000000000000000000000000000000004E340000E5AF0000000000000000000000000000000000000000000000000000000000000000
	00000000000000000000000000000000000000000000000000000000000000000000000000000000000000000000000000000000000000000000000000000000000000000000000000000000000000000000000000000000000000000000000000000000000000000000000000000000000000000000000000000000000000
	00000000000000000000000000000000000000000000000000000000000000000000000000000000000000000000000000000000000000000000000000000000000000000000000000000000000000000000000000000000000000000000000000000000000000000000000000000000000000000000000000000000000000
	0000000000000000000000000000000000000000000000004E3400009B3900000000000000000000000000000000000000000000000000000000000000000000000000000000000000000000000000000000000000000000000000000000000000000000000000000000000000000000000000000000000000000000000000
	00000000000000000000000000000000000000000000000000000000000000000000000000000000000000000000000000000000000000000000000000000000000000000000000000000000000000000000000000000000000000000000000000000000000000000000000000000000000000000000000000000000000000
	00000000000000000000000000000000000000000000000000000000000000000000000000000000000000000000000000000000000000000000000000000000000000000000000000004B1000009B390000000000000000000000000000000000000000000000000000000000000000000000000000000000000000000000
	00000000000000000000000000000000000000000000000000000000000000000000000000000000000000000000000000000000000000000000000000000000000000000000000000000000000000000000000000000000000000000000000000000000000000000000000000000000000000000000000000000000000000
	000000000000000000000000000000000000000000000000000000000000000000000000000000000000000000000000000000000000000000000000000000000000000000000000000000000000000000000000000000000000000000000000000000000000000000000000000000000000000000000000000000004B1000
	0088A100000000000000000001000000000000000000000000000000000000000000000000000000000000000000000000000000000000000000000000000000000000000000000000000000000000000000000000000000000000000000000000000000000000000000000000000000000000000000000000000000000000
	00000000000000000000000000000000000000000000000000000000000000000000000000000000000000000000000000000000000000000000000000000000000000000000000000000000000000000000000000000000000000000000000000000000000000000000000000000000000000000000000000000000000000
	00000000000000000000000000000000000000000000000000000000000000000000008000000000000000000000004B1000000F790000000000000000000000000000000000000000000000000000000000000000000000000000000000000000000000000000000000000000000000000000000000000000000000000000
	00000000000000000000000000000000000000000000000000000000000000000000000000000000000000000000000000000000000000000000000000000000000000000000000000000000000000000000000028070000E01100000000000000000000000000010000000000000000000000000000000000000000000000
	0000000000000000000000000000000000000000000000000000000000000000000000000000000000000000000000000000000000000000000000000000000000000000000000000000000000000000000000000000000000000000000000000000000000000000008000000000000000000000000000000028070000E007
	000000FFFF06FFFF0082FF00807800807FFC807FFF867FFF8042FF80403880403FFC403FFFC63FFFC022FFC02018C0201FFC201FFFE61FFFE012FFE01008E0100FFC100FFFF60FFFF00BFFF00801F00807FC0807FFFE07FFF8037FF80405780403F80403FFFE03FFFC077FFC02017C0201FA0201FFFC01FFFE077FFE01037E
	0100F80100FFFD00FFFF067FFF00837F00807900807FFC0000000627080000483200000000000000000000010000000000000000008000000000000000004000000000000000000000000000800000000000000000400000000000000000000000002080000000000000000040000000000000000020000000000000000000
	00000000400000100000000000200000000000000000100000000000000000000000000020000000000000080010000000000000000008000000000000000000000000001000000000000000000800040000000000000400000000000000000000000000080000000000000000040000000000020000020000000000000000
	00000000000400000000000000000200000000000000000101000000000000000000000000020000000000000000010000000000000000008000000000000000000000000001000000000000000000800000000000000000400000000000000000500A00007816000000000000000080000000000000800040000000008000
	40000000000000400000000000204000200000000000002000000000000020001010000000000010000000000000100008000000000800080000000000000800040000000000000400040000000004000200000000000002000000000002020001000000000000010000000000000100008100000000000080000000000000
	80004000000000280900009C50000000004000000000200100000000000000000020000080001000000000000000000040100000000008000000000020000000000800000000040010000000000000800004000008000200000000400000000004020000000001200000000002000000000100100000000000000000010000
	080000800000000000000000040080000000004000000000020000000000400000000020010000000000000028020000F48C0000000000000000000000000000000000000000000000000000000000000000000000000000000000000000000000000000000000000000000000000000000000000000000000000000000000
	000000000000000000000000000000000000000000000000000000000000000000000000000000000000000000000000000000000000000000000000000000000000000000000000000000000027030000A7020000000000000000000000000000000000000000000000000000000000000000000000000000000000000000
	00000000000000000000000000000000000000000000000000000000000000000000000000000000000000000000000000000000000000000000000000000000000000000000000000000000000000000000000000000000000000000000000000000000000025040000A70200000000000000000000000000000000000000
	00000000000000000000000000000000000000000000000000000000000000000000000000000000000000000000000000000000000000000000000000000000000000000000000000000000000000000000000000000000000000000000000000000000000000000000000000000000000000000000000000000000000000
	250400000D4A00000000000000000001000000010000000000000000000000000000000000000000000000000000000000000000000000000000000000000000000000000000000000000000000000000000000000000000000000000000000000000000000000000000000000000000000000000000000000000000000000
	0000000000000000000000000080000000800000000000000000000000260E0000AE260000000000000000000000000000000000000000000000000000000000000000000000000000000000000000000000000000000000000000000000000000000000000000000000000000000000000000000000000000000000000000
	00000000000000000000000000000000000000000000000000000000000000000000000000000000000000000000000000000000000000000000260E000046FA000000000000000000000000000000000000000000000000000000000000000000000000000000000000000000000000000000000000000000000000000000
	0000000000000000000000000000000000000000000000000000000000000000000000000000000000000000000000000000000000000000000000000000000000000000000000000000000000000000000000000000000000000000000000280D0000CEB10000400081004000010200000002002000002020400020004080
	00000080000000001010000010102000000020400000004008000000080800000008100000001020040000200400000000040000000408000200081002000010000000000002000001020400010004080000000800000000008100000081020000000204000000040040000000408000400081004000010200000002002000
	0000204000280D0000EAD70000000000000000000100000000000000000000000000000000000000000000000000000000000000000000000000000000000000000000000000000000000000000000000000000000000000000000000000000000000000000000000000000000000000000000000000000000000000000000
	000000000000000000000000000000000000000000000000000000000000800000000000000000000000280D0000E78100000000000000000000000000000000000000000000000000000000000000000000000000000000000000000000000000000000000000000000000000000000000000000000000000000000000000
	00000000000000000000000000000000000000000000000000000000000000000000000000000000000000000000000000000000000000000000000000000000000000000000000000000000000000000000000000000000000000000000000000000000000000000000000000000000000000000000000000000000000000
	000000000000000000000000000000000000000000000000000000000000000000000000000000000000000000000000000000000000000000000000000000000000000000000000000000000000000000000000000000000000000000000000000000004D0C0000425F000000000000000000000000000100000000000000
	00000000000000000000000000000000000000000000000000000000000000000000000000000000000000000000000000000000000000000000000000000000000000000000000000000000000000000000000000000000000000000000000000000000000000000000000000000000000000000000000000000000000000
	00000000000000000000000000000000000000000000000000000000000000000000000000000000000000000000000000000000000000000000000000000000000000000000000000000000000000000000000000000000000000000000000000000000000000000000000000000000000000000000000000000000000000
	000000000000000000000000000000800000000000000000000000000000004D0C000075DD000000000000000000000000000000000000000000000000000000000000000000000000000000000000000000000000000000000000000000000000000000000000000000000000000000000000000000000000000000000000
	00000000000000000000000000000000000000000000000000000000000000000000000000000000000000000000000000000000000000000000000000000000000000000000000000000000000000000000000000000000000000000000000000000000000000000000000000000000000000000000000000000000000000
	0000000000000000000000000000000000000000000000000000000000000000000000000000000000000000000000000000000000000000000000000000000000000000000000000000000000000000000000000000000000000000004E0B000075DD00000000000000000000000000000000000000000000000000000000
	00000000000000000000000000000000000000000000000000000000000000000000000000000000000000000000000000000000000000000000000000000000000000000000000000000000000000000000000000000000000000000000000000000000000000000000000000000000000000000000000000000000000000
	00000000000000000000000000000000000000000000000000000000000000000000000000000000000000000000000000000000000000000000000000000000000000000000000000000000000000000000000000000000000000000000000000000000000000000000000000000000000000000000000000000000000000
	000000000000000000000000000000000000000000000000000000004E0B000075DD000000000000000000000000000000000000000000000000000000000000000000000000000000000000000000000000000000000000000000000000000000000000000000000000000000000000000000000000000000000000000000
	00000000000000000000000000000000000000000000000000000000000000000000000000000000000000000000000000000000000000000000000000000000000000000000000000000000000000000000000000000000000000000000000000000000000000000000000000000000000000000000000000000000000000
	0000000000000000000000000000000000000000000000000000000000000000000000000000000000000000000000000000000000000000000000000000000000000000000000000000000000000000000000000000000000004E0B00005D1900000000000000000000000000000000000000000000000000000000000000
	00000000000000000000000000000000000000000000000000000000000000000000000000000000000000000000000000000000000000000000000000000000000000000000000000000000000000000000000000000000000000000000000000000000000000000000000000000000000000000000000000000000000000
	00000000000000000000000000000000000000000000000000000000000000000000000000000000000000000000000000000000000000000000000000000000000000000000000000000000000000000000000000000000000000000000000000000000000000000000000000000000000000000000000000000000000000
	0000000000000000000000000000000000000000004D0000005D1900000000000000000000000000000000000000000000000000000000000000000000000000000000000000000000000000000000000000000000000000000000000000000000000000000000000000000000000000000000000000000000000000000000
	00000000000000000000000000000000000000000000000000000000000000000000000000000000000000000000000000000000000000000000000000000000000000000000000000000000000000000000000000000000000000000000000000000000000000000000000000000000000000000000000000000000000000
	000000000000000000000000000000000000000000000000000000000000000000000000000000000000000000000000000000000000000000000000000000000000000000000000000000000000004D0000005D19000000000000000000000000000000000000000000000000000000000000000000000000000000000000
	00000000000000000000000000000000000000000000000000000000000000000000000000000000000000000000000000000000000000000000000000000000000000000000000000000000000000000000000000000000000000000000000000000000000000000000000000000000000000000000000000000000000000
	00000000000000000000000000000000000000000000000000000000000000000000000000000000000000000000000000000000000000000000000000000000000000000000000000000000000000000000000000000000000000000000000000000000000000000000000000000000000000000000000000000000000000
	000000000000000000004D0000005D19000000000000000000000000000000000000000000000000000000000000000000000000000000000000000000000000000000000000000000000000000000000000000000000000000000000000000000000000000000000000000000000000000000000000000000000000000000
	00000000000000000000000000000000000000000000000000000000000000000000000000000000000000000000000000000000000000000000000000000000000000000000000000000000000000000000000000000000000000000000000000000000000000000000000000000000000000000000000000000000000000
	00000000000000000000000000000000000000000000000000000000000000000000000000000000000000000000000000000000000000000000000000000000000000004D0000002B2D0000000000000000000100000001000000000000000000000000000000000000000000000000000000000000000000000000000000
	00000000000000000000000000000000000000000000000000000000000000000000000000000000000000000000000000000000000000000000000000000000000000000000000000000000000000000000000000000000000000000000000000000000000000000000000000000000000000000000000000000000000000
	00000000000000000000000000000000000000000000000000000000000000000000000000000000000000000000000000000000000000000000000000000000000000000000000000000000000000000000000000000000000000000000000000000000000000000000000000000000000080000000800000000000000000
	0000004E050000CEAE00000000000000000000000000000000000000000000000000000000000000000000000000000000000000000000000000000000000000000000000000000000000000000000000000000000000000000000000000000000000000000000000000000000000000000000000000000000000000000000
	00000000000000000000000000000000000000000000000000000000000000000000000000000000000000000000000000000000000000000000000000000000000000000000000000000000000000000000000000000000000000000000000000000000000000000000000000000000000000000000000000000000000000
	00000000000000000000000000000000000000000000000000000000000000000000000000000000000000000000000000000000000000000000000000000000004E05000088EE0000000000000000000000000000000000000000000000000000000000000000000000000000000000000000000000000000000000000000
	00000000000000000000000000000000000000000000000000000000000000000000000000000000000000000000000000000000000000000000000000000000000000000000000000000000000000000000000000000000000000000000000000000000000000000000000000000000000000000000000000000000000000
	000000000000000000000000000000000000000000000000000000000000000000000000000000000000000000000000000000000000000000000000000000000000000000000000000000000000000000000000000000000000000000000000000000000000000000000000000000000000004B06000088EE000000000000
	00000000000000000000000000000000000000000000000000000000000000000000000000000000000000000000000000000000000000000000000000000000000000000000000000000000000000000000000000000000000000000000000000000000000000000000000000000000000000000000000000000000000000
	00000000000000000000000000000000000000000000000000000000000000000000000000000000000000000000000000000000000000000000000000000000000000000000000000000000000000000000000000000000000000000000000000000000000000000000000000000000000000000000000000000000000000
	00000000000000000000000000000000000000000000000000000000000000000000000000004B0600009B760000000000000000000100000000000000000000000000000000000000000000000000000000000000000000000000000000000000000000000000000000000000000000000000000000000000000000000000
	00000000000000000000000000000000000000000000000000000000000000000000000000000000000000000000000000000000000000000000000000000000000000000000000000000000000000000000000000000000000000000000000000000000000000000000000000000000000000000000000000000000000000
	000000000000000000000000000000000000000000000000000000000000000000000000000000000000000000000000000000000000000000000000000000000000000000000000000000008000000000000000000000004B0600007BAB000000000000000000000000000000000000000000000000000000000000000000
	00000000000000000000000000000000000000000000000000000000000000000000000000000000000000000000000000000000000000000000000000000000000000000000000000000000000000000000000000000000000000000000000000000000000000000000000000000000000000000000000000000000000000
	00000000000000000000000000000000000000000000000000000000000000000000000000000000000000000000000000000000000000000000000000000000000000000000000000000000000000000000000000000000000000000000000000000000000000000000000000000000000000000000000000000000000048
	010000E6020000000000000000000000000001000000000000000000000000000000000000000000000000000000000000000000000000000000000000000000000000000000000000000000000000000000000000000000000000000000000000000000000000000000000000000000000000000000000000000000000000
	00000000000000000000000000000000000000000000000000000000000000000000000000000000000000000000000000000000000000000000000000000000000000000000000000000000000000000000000000000000000000000000000000000000000000000000000000000000000000000000000000000000000000
	000000000000000000000000000000000000000000000000000000000000000000000000000000000000000000000000000000000080000000000000000000000000000000500F00007FC200000000000000000000000000000000000000000000000000000000000000000000000000000000000000000000000000000000
	00000000000000000000000000000000000000000000000000000000000000000000000000000000000000000000000000000000000000000000000000000000000000000000000000000000000000000000000000000000000000000000000000000000000000000000000000000000000000000000000000000000000000
	00000000000000000000000000000000000000000000000000000000000000000000000000000000000000000000000000000000000000000000000000000000000000000000000000000000000000000000000000000000000000000000000000000000000000000000000000000000000000000000000000000000000000
	000000000000000000000000500F00007FC200000000000000000000000000000000000000000000000000000000000000000000000000000000000000000000000000000000000000000000000000000000000000000000000000000000000000000000000000000000000000000000000000000000000000000000000000
	00000000000000000000000000000000000000000000000000000000000000000000000000000000000000000000000000000000000000000000000000000000000000000000000000000000000000000000000000000000000000000000000000000000000000000000000000000000000000000000000000000000000000
	00000000000000000000000000000000000000000000000000000000000000000000000000000000000000000000000000000000000000000000000000000000000000000000000000000000000000000000500F00009B39000000000000000000000000000000000000000000000000000000000000000000000000000000
	00000000000000000000000000000000000000000000000000000000000000000000000000000000000000000000000000000000000000000000000000000000000000000000000000000000000000000000000000000000000000000000000000000000000000000000000000000000000000000000000000000000000000
	00000000000000000000000000000000000000000000000000000000000000000000000000000000000000000000000000000000000000000000000000000000000000000000000000000000000000000000000000000000000000000000000000000000000000000000000000000000000000000000000000000000000000
	00000000004B1000009B390000000000000000000000000000000000000000000000000000000000000000000000000000000000000000000000000000000000000000000000000000000000000000000000000000000000000000000000000000000000000000000000000000000000000000000000000000000000000000
	00000000000000000000000000000000000000000000000000000000000000000000000000000000000000000000000000000000000000000000000000000000000000000000000000000000000000000000000000000000000000000000000000000000000000000000000000000000000000000000000000000000000000
	000000000000000000000000000000000000000000000000000000000000000000000000000000000000000000000000000000000000004B1000009B39000000000000000000000000000000000000000000000000000000000000000000000000000000000000000000000000000000000000000000000000000000000000
	00000000000000000000000000000000000000000000000000000000000000000000000000000000000000000000000000000000000000000000000000000000000000000000000000000000000000000000000000000000000000000000000000000000000000000000000000000000000000000000000000000000000000
	0000000000000000000000000000000000000000000000000000000000000000000000000000000000000000000000000000000000000000000000000000000000000000000000000000000000000000000000000000000000000000000000000000000000000000004B1000000F7900000000000000000000000000000000
	00000000000000000000000000000000000000000000000000000000000000000000000000000000000000000000000000000000000000000000000000000000000000000000000000000000000000000000000000000000000000000000000000000000000000000000000000000000000000000000000000000000000000
	000000000000000000000000000000280700000F7900000000000000000000000000000000000000000000000000000000000000000000000000000000000000000000000000000000000000000000000000000000000000000000000000000000000000000000000000000000000000000000000000000000000000000000
	0000000000000000000000000000000000000000000000000000000000000000000000000000000000000000000000000000000028070000ABEA000000FFFF06FFFF0083FF00807900807FFC807FFF867FFF8042FF80403880403FFC403FFFC63FFFC022FFC02018C0201FFC201FFFE61FFFE012FFE01008E0100FFC100FFF
	F60FFFF00BFFF00801F00807FC0807FFFE07FFF8037FF80405780403F80403FFFE03FFFC077FFC02017C0201FA0201FFFC01FFFE077FFE01037E0100F80100FFFD00FFFF06FFFF0083FF00807900807FFC00000006270800004832000000000000000000000100000000000000000080000000000000000040000000000000
	00000000000000800000000000000000400000000000000000000000002080000000000000000040000000000000000020000000000000000000000000004000001000000000002000000000000000001000000000000000000000000000200000000000000800100000000000000000080000000000000000000000000010
	00000000000000000800040000000000000400000000000000000000000000080000000000000000040000000000020000020000000000000000000000000004000000000000000002000000000000000001010000000000000000000000000200000000000000000100000000000000000080000000000000000000000000
	01000000000000000000800000000000000000400000000000000000500A00007816000000000000000080000000000000800040000000008000400000000000004000000000002040002000000000000020000000000000200010100000000000100000000000001000080000000008000800000000000008000400000000
	0000040004000000000400020000000000000200000000000202000100000000000001000000000000010000810000000000008000000000000080004000000000280900009C500000000040000000002001000000000000000000200000800010000000000000000000401000000000080000000000200000000008000000
	000400100000000000008000040000080002000000004000000000040200000000012000000000020000000001001000000000000000000100000800008000000000000000000400800000000040000000000200000000004000000000200100000000000000280200001FB500000000000000000001000000000000000000
	00000000000000000000000000000000000000000000000000000000000000000000000000000000000000000000000000000000000000000000000000000000000000000000000000000000000000000000000000000000000000000000000000000000000000000000000000000000000000000000000000000080000000
	000000000000000027030000A7020000000000000000000000000000000000000000000000000000000000000000000000000000000000000000000000000000000000000000000000000000000000000000000000000000000000000000000000000000000000000000000000000000000000000000000000000000000000
	00000000000000000000000000000000000000000000000000000000000000000025040000BA8300000000000000000000000000010000000000000000000000000000000000000000000000000000000000000000000000000000000000000000000000000000000000000000000000000000000000000000000000000000
	0000000000000000000000000000000000000000000000000000000000000000000000000000000000008000000000000000000000000000000025040000AE26000000000000000000000000000000000000000000000000000000000000000000000000000000000000000000000000000000000000000000000000000000
	000000000000000000000000000000000000000000000000000000000000000000000000000000000000000000000000000000000000000000000000000000000000000000000000000000000000000000000000000000260E0000AE2600000000000000000000000000000000000000000000000000000000000000000000
	0000000000000000000000000000000000000000000000000000000000000000000000000000000000000000000000000000000000000000000000000000000000000000000000000000000000000000000000000000000000000000000000000000000000000000000000000000000000000000260E000046FA0000000000
	00000000000000000000000000000000000000000000000000000000000000000000000000000000000000000000000000000000000000000000000000000000000000000000000000000000000000000000000000000000000000000000000000000000000000000000000000000000000000000000000000000000000000
	0000000000000000000000000000000000000000000000000000280D0000CEB10000400081004000010200000002002000002020400020004080000000800000000010100000101020000000204000000040080000000808000000081000000010200400002004000000000400000004080002000810020000100000000000
	020000010204000100040800000008000000000081000000810200000002040000000400400000004080004000810040000102000000020020000000204000280D000046FA00000000000000000000000000000000000000000000000000000000000000000000000000000000000000000000000000000000000000000000
	00000000000000000000000000000000000000000000000000000000000000000000000000000000000000000000000000000000000000000000000000000000000000000000000000000000000000000000000000000000000000000000000000000000280D0000E781000000000000000000000000000000000000000000
	00000000000000000000000000000000000000000000000000000000000000000000000000000000000000000000000000000000000000000000000000000000000000000000000000000000000000000000000000000000000000000000000000000000000000000000000000000000000000000000000000000000000000
	00000000000000000000000000000000000000000000000000000000000000000000000000000000000000000000000000000000000000000000000000000000000000000000000000000000000000000000000000000000000000000000000000000000000000000000000000000000000000000000000000000000000000
	000000000000000000000000000000000000000000000000000000000000004D0C0000E781000000000000000000000000000000000000000000000000000000000000000000000000000000000000000000000000000000000000000000000000000000000000000000000000000000000000000000000000000000000000
	00000000000000000000000000000000000000000000000000000000000000000000000000000000000000000000000000000000000000000000000000000000000000000000000000000000000000000000000000000000000000000000000000000000000000000000000000000000000000000000000000000000000000
	00000000000000000000000000000000000000000000000000000000000000000000000000000000000000000000000000000000000000000000000000000000000000000000000000000000000000000000000000000000004D0C0000905E0000000000000000000100000001000000000000000000000000000000000000
	00000000000000000000000000000000000000000000000000000000000000000000000000000000000000000000000000000000000000000000000000000000000000000000000000000000000000000000000000000000000000000000000000000000000000000000000000000000000000000000000000000000000000
	00000000000000000000000000000000000000000000000000000000000000000000000000000000000000000000000000000000000000000000000000000000000000000000000000000000000000000000000000000000000000000000000000000000000000000000000000000000000000000000000000000000000000
	0000000000000000800000008000000000000000000000004E0B000075DD00000000000000000000000000000000000000000000000000000000000000000000000000000000000000000000000000000000000000000000000000000000000000000000000000000000000000000000000000000000000000000000000000
	00000000000000000000000000000000000000000000000000000000000000000000000000000000000000000000000000000000000000000000000000000000000000000000000000000000000000000000000000000000000000000000000000000000000000000000000000000000000000000000000000000000000000
	00000000000000000000000000000000000000000000000000000000000000000000000000000000000000000000000000000000000000000000000000000000000000000000000000000000000000000000000000004E0B000075DD0000000000000000000000000000000000000000000000000000000000000000000000
	00000000000000000000000000000000000000000000000000000000000000000000000000000000000000000000000000000000000000000000000000000000000000000000000000000000000000000000000000000000000000000000000000000000000000000000000000000000000000000000000000000000000000
	00000000000000000000000000000000000000000000000000000000000000000000000000000000000000000000000000000000000000000000000000000000000000000000000000000000000000000000000000000000000000000000000000000000000000000000000000000000000000000000000000000000000000
	0000000000000000000000000000000000000000004E0B00005D1900000000000000000000000000000000000000000000000000000000000000000000000000000000000000000000000000000000000000000000000000000000000000000000000000000000000000000000000000000000000000000000000000000000
	00000000000000000000000000000000000000000000000000000000000000000000000000000000000000000000000000000000000000000000000000000000000000000000000000000000000000000000000000000000000000000000000000000000000000000000000000000000000000000000000000000000000000
	000000000000000000000000000000000000000000000000000000000000000000000000000000000000000000000000000000000000000000000000000000000000000000000000000000000000004D000000AA62000000000000000000000000000000000000000000000000000000000000000000000000000000000000
	00000000000000000000000000000000000000000000000000000000000000000000000000000000000000000000000000000000000000000000000000000000000000000000000000000000000000000000000000000000000000000000000000000000000000000000000000000000000000000000000000000000000000
	00000000000000000000000000000000000000000000000000000000000000000000000000000000000000000000000000000000000000000000000000000000000000000000000000000000000000000000000000000000000000000000000000000000000000000000000000000000000000000000000000000000008000
	000000000000000000004D0000005D19000000000000000000000000000000000000000000000000000000000000000000000000000000000000000000000000000000000000000000000000000000000000000000000000000000000000000000000000000000000000000000000000000000000000000000000000000000
	00000000000000000000000000000000000000000000000000000000000000000000000000000000000000000000000000000000000000000000000000000000000000000000000000000000000000000000000000000000000000000000000000000000000000000000000000000000000000000000000000000000000000
	00000000000000000000000000000000000000000000000000000000000000000000000000000000000000000000000000000000000000000000000000000000000000004D00000039C70000000000000000000000000000000000000000000000000000000000000000000000000000000000000000000000000000000000
	00000000000000000000000000000000000000000000000000000000000000000000000000000000000000000000000000000000000000000000000000000000000000000000000000000000000000000000000000000000000000000000000000000000000000000000000000000000000000000000000000000000000000
	0000000000000000000000000000000000000000000000000000000000000000000000000000000000000000000000000000000000000000000000000000000000000000000000000000000000000000000000000000000000000000000000000000000000000000000000000000800000000000000000000000000000004D
	000000CEAE0000000000000000000000000000000000000000000000000000000000000000000000000000000000000000000000000000000000000000000000000000000000000000000000000000000000000000000000000000000000000000000000000000000000000000000000000000000000000000000000000000
	00000000000000000000000000000000000000000000000000000000000000000000000000000000000000000000000000000000000000000000000000000000000000000000000000000000000000000000000000000000000000000000000000000000000000000000000000000000000000000000000000000000000000
	000000000000000000000000000000000000000000000000000000000000000000000000000000000000000000000000000000000000000000000000004E050000CEAE000000000000000000000000000000000000000000000000000000000000000000000000000000000000000000000000000000000000000000000000
	00000000000000000000000000000000000000000000000000000000000000000000000000000000000000000000000000000000000000000000000000000000000000000000000000000000000000000000000000000000000000000000000000000000000000000000000000000000000000000000000000000000000000
	0000000000000000000000000000000000000000000000000000000000000000000000000000000000000000000000000000000000000000000000000000000000000000000000000000000000000000000000000000000000000000000000000000000000000000000000000000000000000000000000000000004E050000
	88EE0000000000000000000000000000000000000000000000000000000000000000000000000000000000000000000000000000000000000000000000000000000000000000000000000000000000000000000000000000000000000000000000000000000000000000000000000000000000000000000000000000000000
	00000000000000000000000000000000000000000000000000000000000000000000000000000000000000000000000000000000000000000000000000000000000000000000000000000000000000000000000000000000000000000000000000000000000000000000000000000000000000000000000000000000000000
	000000000000000000000000000000000000000000000000000000000000000000000000000000000000000000004B06000088EE000000000000000000000000000000000000000000000000000000000000000000000000000000000000000000000000000000000000000000000000000000000000000000000000000000
	00000000000000000000000000000000000000000000000000000000000000000000000000000000000000000000000000000000000000000000000000000000000000000000000000000000000000000000000000000000000000000000000000000000000000000000000000000000000000000000000000000000000000
	0000000000000000000000000000000000000000000000000000000000000000000000000000000000000000000000000000000000000000000000000000000000000000000000000000000000000000000000000000000000000000000000004B06000088EE00000000000000000000000000000000000000000000000000
	00000000000000000000000000000000000000000000000000000000000000000000000000000000000000000000000000000000000000000000000000000000000000000000000000000000000000000000000000000000000000000000000000000000000000000000000000000000000000000000000000000000000000
	00000000000000000000000000000000000000000000000000000000000000000000000000000000000000000000000000000000000000000000000000000000000000000000000000000000000000000000000000000000000000000000000000000000000000000000000000000000000000000000000000000000000000
	000000000000000000000000000000000000004B0600007BAB000000000000000000000000000000000000000000000000000000000000000000000000000000000000000000000000000000000000000000000000000000000000000000000000000000000000000000000000000000000000000000000000000000000000
	00000000000000000000000000000000000000000000000000000000000000000000000000000000000000000000000000000000000000000000000000000000000000000000000000000000000000000000000000000000000000000000000000000000000000000000000000000000000000000000000000000000000000
	000000000000000000000000000000000000000000000000000000000000000000000000000000000000000000000000000000000000000000480100007FC200000000000000000000000000000000000000000000000000000000000000000000000000000000000000000000000000000000000000000000000000000000
	00000000000000000000000000000000000000000000000000000000000000000000000000000000000000000000000000000000000000000000000000000000000000000000000000000000000000000000000000000000000000000000000000000000000000000000000000000000000000000000000000000000000000
	00000000000000000000000000000000000000000000000000000000000000000000000000000000000000000000000000000000000000000000000000000000000000000000000000000000000000000000000000000000000000000000000000000000000000000000000000000000000000000000000000000000000000
	500F0000F4BF00000000000000000000000000000000000000000000000000000000000000000000000000000000000000000000000000000000000000000000000000000000000000000000000000000000000000000000000000000000000000000000000000000000000000000000000000000000000000000000000000
	00000000000000000000000000000000000000000000000000000000000000000000000000000000000000000000000000000000000000000000000000000000000000000000000000000000000000000000000000000000000000000000000000000000000000000000000000000000000000000000000000000000000000
	00000000000000000000000000000000000000000000000000000000000000000000000000000000000000000000000000000000000080000000800000000000000000000000500F00007FC2000000000000000000000000000000000000000000000000000000000000000000000000000000000000000000000000000000
	00000000000000000000000000000000000000000000000000000000000000000000000000000000000000000000000000000000000000000000000000000000000000000000000000000000000000000000000000000000000000000000000000000000000000000000000000000000000000000000000000000000000000
	00000000000000000000000000000000000000000000000000000000000000000000000000000000000000000000000000000000000000000000000000000000000000000000000000000000000000000000000000000000000000000000000000000000000000000000000000000000000000000000000000000000000000
	00000000000000000000000000500F00009B39000000000000000000000000000000000000000000000000000000000000000000000000000000000000000000000000000000000000000000000000000000000000000000000000000000000000000000000000000000000000000000000000000000000000000000000000
	00000000000000000000000000000000000000000000000000000000000000000000000000000000000000000000000000000000000000000000000000000000000000000000000000000000000000000000000000000000000000000000000000000000000000000000000000000000000000000000000000000000000000
	0000000000000000000000000000000000000000000000000000000000000000000000000000000000000000000000000000000000000000000000000000004B1000009B3900000000000000000000000000000000000000000000000000000000000000000000000000000000000000000000000000000000000000000000
	00000000000000000000000000000000000000000000000000000000000000000000000000000000000000000000000000000000000000000000000000000000000000000000000000000000000000000000000000000000000000000000000000000000000000000000000000000000000000000000000000000000000000
	00000000000000000000000000000000000000000000000000000000000000000000000000000000000000000000000000000000000000000000000000000000000000000000000000000000000000000000000000000000000000000000000000000000000000000000000000000000004B10000088A10000000000000000
	00010000000000000000000000000000000000000000000000000000000000000000000000000000000000000000000000000000000000000000000000000000000000000000000000000000000000000000000000000000000000000000000000000000000000000000000000000000000000000000000000000000000000
	00000000000000000000000000000000000000000000000000000000000000000000000000000000000000000000000000000000000000000000000000000000000000000000000000000000000000000000000000000000000000000000000000000000000000000000000000000000000000000000000000000000000000
	0000000000000000000000000000000000000000000000008000000000000000000000004B1000000F7900000000000000000000000000000000000000000000000000000000000000000000000000000000000000000000000000000000000000000000000000000000000000000000000000000000000000000000000000
	0000000000000000000000000000000000000000000000000000000000000000000000000000000000000000000000000000000000000000000000000000000000000000000000000028070000E011000000000000000000000000000100000000000000000000000000000000000000000000000000000000000000000000
	000000000000000000000000000000000000000000000000000000000000000000000000000000000000000000000000000000000000000000000000000000000000000000000000000000000000000000000000000000000000000000008000000000000000000000000000000028070000E007000000FFFF06FFFF0082FF
	00807800807FFC807FFF867FFF8042FF80403880403FFC403FFFC63FFFC022FFC02018C0201FFC201FFFE61FFFE012FFE01008E0100FFC100FFFF60FFFF00BFFF00801F00807FC0807FFFE07FFF8037FF80405780403F80403FFFE03FFFC077FFC02017C0201FA0201FFFC01FFFE077FFE01037E0100F80100FFFD00FFFF06
	7FFF00837F00807900807FFC00000006270800004832000000000000000000000100000000000000000080000000000000000040000000000000000000000000008000000000000000004000000000000000000000000020800000000000000000400000000000000000200000000000000000000000000040000010000000
	00002000000000000000001000000000000000000000000000200000000000000800100000000000000000080000000000000000000000000010000000000000000008000400000000000004000000000000000000000000000800000000000000000400000000000200000200000000000000000000000000040000000000
	0000000200000000000000000101000000000000000000000000020000000000000000010000000000000000008000000000000000000000000001000000000000000000800000000000000000400000000000000000500A000078160000000000000000800000000000008000400000000080004000000000000040000000
	00002040002000000000000020000000000000200010100000000000100000000000001000080000000008000800000000000008000400000000000004000400000000040002000000000000020000000000020200010000000000000100000000000001000081000000000000800000000000008000400000000028090000
	9C500000000040000000002001000000000000000000200000800010000000000000000000401000000000080000000000200000000008000000000400100000000000008000040000080002000000004000000000040200000000012000000000020000000001001000000000000000000100000800008000000000000000
	00040080000000004000000000020000000000400000000020010000000000000028020000F48C00000000000000000000000000000000000000000000000000000000000000000000000000000000000000000000000000000000000000000000000000000000000000000000000000000000000000000000000000000000
	00000000000000000000000000000000000000000000000000000000000000000000000000000000000000000000000000000000000000000000000000000000000027030000A70200000000000000000000000000000000000000000000000000000000000000000000000000000000000000000000000000000000000000
	0000000000000000000000000000000000000000000000000000000000000000000000000000000000000000000000000000000000000000000000000000000000000000000000000000000000000000000000000000000000000025040000A702000000000000000000000000000000000000000000000000000000000000
	0000000000000000000000000000000000000000000000000000000000000000000000000000000000000000000000000000000000000000000000000000000000000000000000000000000000000000000000000000000000000000000000000000000000000000000000000000000000000000250400000D4A0000000000
	00000000010000000100000000000000000000000000000000000000000000000000000000000000000000000000000000000000000000000000000000000000000000000000000000000000000000000000000000000000000000000000000000000000000000000000000000000000000000000000000000000000000000
	000080000000800000000000000000000000260E0000AE2600000000000000000000000000000000000000000000000000000000000000000000000000000000000000000000000000000000000000000000000000000000000000000000000000000000000000000000000000000000000000000000000000000000000000
	0000000000000000000000000000000000000000000000000000000000000000000000000000000000000000000000260E000046FA0000000000000000000000000000000000000000000000000000000000000000000000000000000000000000000000000000000000000000000000000000000000000000000000000000
	000000000000000000000000000000000000000000000000000000000000000000000000000000000000000000000000000000000000000000000000000000000000000000000000000000000000000000000000280D0000CEB100004000810040000102000000020020000020204000200040800000008000000000101000
	00101020000000204000000040080000000808000000081000000010200400002004000000000400000004080002000810020000100000000000020000010204000100040800000008000000000081000000810200000002040000000400400000004080004000810040000102000000020020000000204000280D0000EAD7
	00000000000000000001000000000000000000000000000000000000000000000000000000000000000000000000000000000000000000000000000000000000000000000000000000000000000000000000000000000000000000000000000000000000000000000000000000000000000000000000000000000000000000
	00000000000000000000000000000000000000800000000000000000000000280D0000E781000000000000000000000000000000000000000000000000000000000000000000000000000000000000000000000000000000000000000000000000000000000000000000000000000000000000000000000000000000000000
	00000000000000000000000000000000000000000000000000000000000000000000000000000000000000000000000000000000000000000000000000000000000000000000000000000000000000000000000000000000000000000000000000000000000000000000000000000000000000000000000000000000000000
	00000000000000000000000000000000000000000000000000000000000000000000000000000000000000000000000000000000000000000000000000000000000000000000000000000000000000000000000000000000004D0C0000425F0000000000000000000000000001000000000000000000000000000000000000
	00000000000000000000000000000000000000000000000000000000000000000000000000000000000000000000000000000000000000000000000000000000000000000000000000000000000000000000000000000000000000000000000000000000000000000000000000000000000000000000000000000000000000
	00000000000000000000000000000000000000000000000000000000000000000000000000000000000000000000000000000000000000000000000000000000000000000000000000000000000000000000000000000000000000000000000000000000000000000000000000000000000000000000000000000000000000
	00000000800000000000000000000000000000004D0C000075DD0000000000000000000000000000000000000000000000000000000000000000000000000000000000000000000000000000000000000000000000000000000000000000000000000000000000000000000000000000000000000000000000000000000000
	00000000000000000000000000000000000000000000000000000000000000000000000000000000000000000000000000000000000000000000000000000000000000000000000000000000000000000000000000000000000000000000000000000000000000000000000000000000000000000000000000000000000000
	000000000000000000000000000000000000000000000000000000000000000000000000000000000000000000000000000000000000000000000000000000000000000000000000000000000000000000004E0B000075DD000000000000000000000000000000000000000000000000000000000000000000000000000000
	00000000000000000000000000000000000000000000000000000000000000000000000000000000000000000000000000000000000000000000000000000000000000000000000000000000000000000000000000000000000000000000000000000000000000000000000000000000000000000000000000000000000000
	00000000000000000000000000000000000000000000000000000000000000000000000000000000000000000000000000000000000000000000000000000000000000000000000000000000000000000000000000000000000000000000000000000000000000000000000000000000000000000000000000000000000000
	00000000000000000000000000000000004E0B000075DD0000000000000000000000000000000000000000000000000000000000000000000000000000000000000000000000000000000000000000000000000000000000000000000000000000000000000000000000000000000000000000000000000000000000000000
	00000000000000000000000000000000000000000000000000000000000000000000000000000000000000000000000000000000000000000000000000000000000000000000000000000000000000000000000000000000000000000000000000000000000000000000000000000000000000000000000000000000000000
	000000000000000000000000000000000000000000000000000000000000000000000000000000000000000000000000000000000000000000000000000000000000000000000000000000000000004E0B00005D19000000000000000000000000000000000000000000000000000000000000000000000000000000000000
	00000000000000000000000000000000000000000000000000000000000000000000000000000000000000000000000000000000000000000000000000000000000000000000000000000000000000000000000000000000000000000000000000000000000000000000000000000000000000000000000000000000000000
	00000000000000000000000000000000000000000000000000000000000000000000000000000000000000000000000000000000000000000000000000000000000000000000000000000000000000000000000000000000000000000000000000000000000000000000000000000000000000000000000000000000000000
	000000000000000000004D0000005D19000000000000000000000000000000000000000000000000000000000000000000000000000000000000000000000000000000000000000000000000000000000000000000000000000000000000000000000000000000000000000000000000000000000000000000000000000000
	00000000000000000000000000000000000000000000000000000000000000000000000000000000000000000000000000000000000000000000000000000000000000000000000000000000000000000000000000000000000000000000000000000000000000000000000000000000000000000000000000000000000000
	00000000000000000000000000000000000000000000000000000000000000000000000000000000000000000000000000000000000000000000000000000000000000004D0000005D190000000000000000000000000000000000000000000000000000000000000000000000000000000000000000000000000000000000
	00000000000000000000000000000000000000000000000000000000000000000000000000000000000000000000000000000000000000000000000000000000000000000000000000000000000000000000000000000000000000000000000000000000000000000000000000000000000000000000000000000000000000
	0000000000000000000000000000000000000000000000000000000000000000000000000000000000000000000000000000000000000000000000000000000000000000000000000000000000000000000000000000000000000000000000000000000000000000000000000000000000000000000000000000000000004D
	0000005D190000000000000000000000000000000000000000000000000000000000000000000000000000000000000000000000000000000000000000000000000000000000000000000000000000000000000000000000000000000000000000000000000000000000000000000000000000000000000000000000000000
	00000000000000000000000000000000000000000000000000000000000000000000000000000000000000000000000000000000000000000000000000000000000000000000000000000000000000000000000000000000000000000000000000000000000000000000000000000000000000000000000000000000000000
	0000000000000000000000000000000000000000000000000000000000000000000000000000000000000000000000000000000000000000004D0000002B2D00000000000000000001000000010000000000000000000000000000000000000000000000000000000000000000000000000000000000000000000000000000
	00000000000000000000000000000000000000000000000000000000000000000000000000000000000000000000000000000000000000000000000000000000000000000000000000000000000000000000000000000000000000000000000000000000000000000000000000000000000000000000000000000000000000
	00000000000000000000000000000000000000000000000000000000000000000000000000000000000000000000000000000000000000000000000000000000000000000000000000000000000000000000000000000000000000000000000000000000000000800000008000000000000000000000004E050000CEAE0000
	00000000000000000000000000000000000000000000000000000000000000000000000000000000000000000000000000000000000000000000000000000000000000000000000000000000000000000000000000000000000000000000000000000000000000000000000000000000000000000000000000000000000000
	00000000000000000000000000000000000000000000000000000000000000000000000000000000000000000000000000000000000000000000000000000000000000000000000000000000000000000000000000000000000000000000000000000000000000000000000000000000000000000000000000000000000000
	0000000000000000000000000000000000000000000000000000000000000000000000000000000000000000000000000000000000004E05000088EE00000000000000000000000000000000000000000000000000000000000000000000000000000000000000000000000000000000000000000000000000000000000000
	00000000000000000000000000000000000000000000000000000000000000000000000000000000000000000000000000000000000000000000000000000000000000000000000000000000000000000000000000000000000000000000000000000000000000000000000000000000000000000000000000000000000000
	00000000000000000000000000000000000000000000000000000000000000000000000000000000000000000000000000000000000000000000000000000000000000000000000000000000000000000000000000000000000000000000000000000000000000004B06000088EE0000000000000000000000000000000000
	00000000000000000000000000000000000000000000000000000000000000000000000000000000000000000000000000000000000000000000000000000000000000000000000000000000000000000000000000000000000000000000000000000000000000000000000000000000000000000000000000000000000000
	00000000000000000000000000000000000000000000000000000000000000000000000000000000000000000000000000000000000000000000000000000000000000000000000000000000000000000000000000000000000000000000000000000000000000000000000000000000000000000000000000000000000000
	0000000000000000000000000000000000000000000000000000004B0600009B7600000000000000000001000000000000000000000000000000000000000000000000000000000000000000000000000000000000000000000000000000000000000000000000000000000000000000000000000000000000000000000000
	00000000000000000000000000000000000000000000000000000000000000000000000000000000000000000000000000000000000000000000000000000000000000000000000000000000000000000000000000000000000000000000000000000000000000000000000000000000000000000000000000000000000000
	00000000000000000000000000000000000000000000000000000000000000000000000000000000000000000000000000000000000000000000000000000000008000000000000000000000004B0600007BAB0000000000000000000000000000000000000000000000000000000000000000000000000000000000000000
	00000000000000000000000000000000000000000000000000000000000000000000000000000000000000000000000000000000000000000000000000000000000000000000000000000000000000000000000000000000000000000000000000000000000000000000000000000000000000000000000000000000000000
	0000000000000000000000000000000000000000000000000000000000000000000000000000000000000000000000000000000000000000000000000000000000000000000000000000000000000000000000000000000000000000000000000000000000000000000000000000000000000048010000E602000000000000
	00000000000000010000000000000000000000000000000000000000000000000000000000000000000000000000000000000000000000000000000000000000000000000000000000000000000000000000000000000000000000000000000000000000000000000000000000000000000000000000000000000000000000
	00000000000000000000000000000000000000000000000000000000000000000000000000000000000000000000000000000000000000000000000000000000000000000000000000000000000000000000000000000000000000000000000000000000000000000000000000000000000000000000000000000000000000
	00000000000000000000000000000000000000000000000000000000000000000000000000000000000080000000000000000000000000000000500F00007FC2000000000000000000000000000000000000000000000000000000000000000000000000000000000000000000000000000000000000000000000000000000
	00000000000000000000000000000000000000000000000000000000000000000000000000000000000000000000000000000000000000000000000000000000000000000000000000000000000000000000000000000000000000000000000000000000000000000000000000000000000000000000000000000000000000
	00000000000000000000000000000000000000000000000000000000000000000000000000000000000000000000000000000000000000000000000000000000000000000000000000000000000000000000000000000000000000000000000000000000000000000000000000000000000000000000000000000000000000
	00500F00007FC2000000000000000000000000000000000000000000000000000000000000000000000000000000000000000000000000000000000000000000000000000000000000000000000000000000000000000000000000000000000000000000000000000000000000000000000000000000000000000000000000
	00000000000000000000000000000000000000000000000000000000000000000000000000000000000000000000000000000000000000000000000000000000000000000000000000000000000000000000000000000000000000000000000000000000000000000000000000000000000000000000000000000000000000
	0000000000000000000000000000000000000000000000000000000000000000000000000000000000000000000000000000000000000000000000000000000000000000000000500F00009B390000000000000000000000000000000000000000000000000000000000000000000000000000000000000000000000000000
	00000000000000000000000000000000000000000000000000000000000000000000000000000000000000000000000000000000000000000000000000000000000000000000000000000000000000000000000000000000000000000000000000000000000000000000000000000000000000000000000000000000000000
	000000000000000000000000000000000000000000000000000000000000000000000000000000000000000000000000000000000000000000000000000000000000000000000000000000000000000000000000000000000000000000000000000000000000000000000000000000000000000000000000004B1000009B39
	00000000000000000000000000000000000000000000000000000000000000000000000000000000000000000000000000000000000000000000000000000000000000000000000000000000000000000000000000000000000000000000000000000000000000000000000000000000000000000000000000000000000000
	00000000000000000000000000000000000000000000000000000000000000000000000000000000000000000000000000000000000000000000000000000000000000000000000000000000000000000000000000000000000000000000000000000000000000000000000000000000000000000000000000000000000000
	00000000000000000000000000000000000000000000000000000000000000000000000000000000000000004B1000009B390000000000000000000000000000000000000000000000000000000000000000000000000000000000000000000000000000000000000000000000000000000000000000000000000000000000
	00000000000000000000000000000000000000000000000000000000000000000000000000000000000000000000000000000000000000000000000000000000000000000000000000000000000000000000000000000000000000000000000000000000000000000000000000000000000000000000000000000000000000
	000000000000000000000000000000000000000000000000000000000000000000000000000000000000000000000000000000000000000000000000000000000000000000000000000000000000000000000000000000000000000000004B1000000F79000000000000000000000000000000000000000000000000000000
	00000000000000000000000000000000000000000000000000000000000000000000000000000000000000000000000000000000000000000000000000000000000000000000000000000000000000000000000000000000000000000000000000000000000000000000000000000000000000000000000000000000000000
	00000000280700000F79000000000000000000000000000000000000000000000000000000000000000000000000000000000000000000000000000000000000000000000000000000000000000000000000000000000000000000000000000000000000000000000000000000000000000000000000000000000000000000
	000000000000000000000000000000000000000000000000000000000000000000000000000000000028070000ABEA000000FFFF06FFFF0083FF00807900807FFC807FFF867FFF8042FF80403880403FFC403FFFC63FFFC022FFC02018C0201FFC201FFFE61FFFE012FFE01008E0100FFC100FFFF60FFFF00BFFF00801F008
	07FC0807FFFE07FFF8037FF80405780403F80403FFFE03FFFC077FFC02017C0201FA0201FFFC01FFFE077FFE01037E0100F80100FFFD00FFFF06FFFF0083FF00807900807FFC000000062708000048320000000000000000000001000000000000000000800000000000000000400000000000000000000000000080000000
	00000000004000000000000000000000000020800000000000000000400000000000000000200000000000000000000000000040000010000000000020000000000000000010000000000000000000000000002000000000000008001000000000000000000800000000000000000000000000100000000000000000080004
	00000000000004000000000000000000000000000800000000000000000400000000000200000200000000000000000000000000040000000000000000020000000000000000010100000000000000000000000002000000000000000001000000000000000000800000000000000000000000000100000000000000000080
	0000000000000000400000000000000000500A000078160000000000000000800000000000008000400000000080004000000000000040000000000020400020000000000000200000000000002000101000000000001000000000000010000800000000080008000000000000080004000000000000040004000000000400
	020000000000000200000000000202000100000000000001000000000000010000810000000000008000000000000080004000000000280900009C5000000000400000000020010000000000000000002000008000100000000000000000004010000000000800000000002000000000080000000004001000000000000080
	00040000080002000000004000000000040200000000012000000000020000000001001000000000000000000100000800008000000000000000000400800000000040000000000200000000004000000000200100000000000000280200001FB5000000000000000000010000000000000000000000000000000000000000
	00000000000000000000000000000000000000000000000000000000000000000000000000000000000000000000000000000000000000000000000000000000000000000000000000000000000000000000000000000000000000000000000000000000000000000000000000000000800000000000000000000000270300
	00A70200000000000000000000000000000000000000000000000000000000000000000000000000000000000000000000000000000000000000000000000000000000000000000000000000000000000000000000000000000000000000000000000000000000000000000000000000000000000000000000000000000000
	0000000000000000000000000000000000000000000025040000BA83000000000000000000000000000100000000000000000000000000000000000000000000000000000000000000000000000000000000000000000000000000000000000000000000000000000000000000000000000000000000000000000000000000
	000000000000000000000000000000000000000000000000000000000000008000000000000000000000000000000025040000AE260000000000000000000000000000000000000000000000000000000000000000000000000000000000000000000000000000000000000000000000000000000000000000000000000000
	00000000000000000000000000000000000000000000000000000000000000000000000000000000000000000000000000000000000000000000000000000000000000000000000000000000260E0000AE26000000000000000000000000000000000000000000000000000000000000000000000000000000000000000000
	000000000000000000000000000000000000000000000000000000000000000000000000000000000000000000000000000000000000000000000000000000000000000000000000000000000000000000000000000000000000000000000000000000000000000000260E000046FA00000000000000000000000000000000
	00000000000000000000000000000000000000000000000000000000000000000000000000000000000000000000000000000000000000000000000000000000000000000000000000000000000000000000000000000000000000000000000000000000000000000000000000000000000000000000000000000000000000
	000000000000000000000000000000280D0000CEB100004000810040000102000000020020000020204000200040800000008000000000101000001010200000002040000000400800000008080000000810000000102004000020040000000004000000040800020008100200001000000000000200000102040001000408
	00000008000000000081000000810200000002040000000400400000004080004000810040000102000000020020000000204000280D000046FA000000000000000000000000000000000000000000000000000000000000000000000000000000000000000000000000000000000000000000000000000000000000000000
	0000000000000000000000000000000000000000000000000000000000000000000000000000000000000000000000000000000000000000000000000000000000000000000000000000000000000000000000000000000000280D0000E7810000000000000000000000000000000000000000000000000000000000000000
	00000000000000000000000000000000000000000000000000000000000000000000000000000000000000000000000000000000000000000000000000000000000000000000000000000000000000000000000000000000000000000000000000000000000000000000000000000000000000000000000000000000000000
	00000000000000000000000000000000000000000000000000000000000000000000000000000000000000000000000000000000000000000000000000000000000000000000000000000000000000000000000000000000000000000000000000000000000000000000000000000000000000000000000000000000000000
	00000000000000000000000000000000000000004D0C0000E7810000000000000000000000000000000000000000000000000000000000000000000000000000000000000000000000000000000000000000000000000000000000000000000000000000000000000000000000000000000000000000000000000000000000
	00000000000000000000000000000000000000000000000000000000000000000000000000000000000000000000000000000000000000000000000000000000000000000000000000000000000000000000000000000000000000000000000000000000000000000000000000000000000000000000000000000000000000
	0000000000000000000000000000000000000000000000000000000000000000000000000000000000000000000000000000000000000000000000000000000000000000000000000000000000004D0C0000905E00000000000000000001000000010000000000000000000000000000000000000000000000000000000000
	00000000000000000000000000000000000000000000000000000000000000000000000000000000000000000000000000000000000000000000000000000000000000000000000000000000000000000000000000000000000000000000000000000000000000000000000000000000000000000000000000000000000000
	00000000000000000000000000000000000000000000000000000000000000000000000000000000000000000000000000000000000000000000000000000000000000000000000000000000000000000000000000000000000000000000000000000000000000000000000000000000000000000000000000000000800000
	008000000000000000000000004E0B000075DD000000000000000000000000000000000000000000000000000000000000000000000000000000000000000000000000000000000000000000000000000000000000000000000000000000000000000000000000000000000000000000000000000000000000000000000000
	00000000000000000000000000000000000000000000000000000000000000000000000000000000000000000000000000000000000000000000000000000000000000000000000000000000000000000000000000000000000000000000000000000000000000000000000000000000000000000000000000000000000000
	0000000000000000000000000000000000000000000000000000000000000000000000000000000000000000000000000000000000000000000000000000000000000000000000000000004E0B000075DD00000000000000000000000000000000000000000000000000000000000000000000000000000000000000000000
	00000000000000000000000000000000000000000000000000000000000000000000000000000000000000000000000000000000000000000000000000000000000000000000000000000000000000000000000000000000000000000000000000000000000000000000000000000000000000000000000000000000000000
	00000000000000000000000000000000000000000000000000000000000000000000000000000000000000000000000000000000000000000000000000000000000000000000000000000000000000000000000000000000000000000000000000000000000000000000000000000000000000000000000000000000000000
	000000000000000000004E0B00005D19000000000000000000000000000000000000000000000000000000000000000000000000000000000000000000000000000000000000000000000000000000000000000000000000000000000000000000000000000000000000000000000000000000000000000000000000000000
	00000000000000000000000000000000000000000000000000000000000000000000000000000000000000000000000000000000000000000000000000000000000000000000000000000000000000000000000000000000000000000000000000000000000000000000000000000000000000000000000000000000000000
	00000000000000000000000000000000000000000000000000000000000000000000000000000000000000000000000000000000000000000000000000000000000000004D000000AA620000000000000000000000000000000000000000000000000000000000000000000000000000000000000000000000000000000000
	00000000000000000000000000000000000000000000000000000000000000000000000000000000000000000000000000000000000000000000000000000000000000000000000000000000000000000000000000000000000000000000000000000000000000000000000000000000000000000000000000000000000000
	0000000000000000000000000000000000000000000000000000000000000000000000000000000000000000000000000000000000000000000000000000000000000000000000000000000000000000000000000000000000000000000000000000000000000000000000000000000000008000000000000000000000004D
	0000005D190000000000000000000000000000000000000000000000000000000000000000000000000000000000000000000000000000000000000000000000000000000000000000000000000000000000000000000000000000000000000000000000000000000000000000000000000000000000000000000000000000
	00000000000000000000000000000000000000000000000000000000000000000000000000000000000000000000000000000000000000000000000000000000000000000000000000000000000000000000000000000000000000000000000000000000000000000000000000000000000000000000000000000000000000
	0000000000000000000000000000000000000000000000000000000000000000000000000000000000000000000000000000000000000000004D00000039C700000000000000000000000000000000000000000000000000000000000000000000000000000000000000000000000000000000000000000000000000000000
	00000000000000000000000000000000000000000000000000000000000000000000000000000000000000000000000000000000000000000000000000000000000000000000000000000000000000000000000000000000000000000000000000000000000000000000000000000000000000000000000000000000000000
	000000000000000000000000000000000000000000000000000000000000000000000000000000000000000000000000000000000000000000000000000000000000000000000000000000000000000000000000000000000000000000000000000000800000000000000000000000000000004D000000CEAE000000000000
	00000000000000000000000000000000000000000000000000000000000000000000000000000000000000000000000000000000000000000000000000000000000000000000000000000000000000000000000000000000000000000000000000000000000000000000000000000000000000000000000000000000000000
	00000000000000000000000000000000000000000000000000000000000000000000000000000000000000000000000000000000000000000000000000000000000000000000000000000000000000000000000000000000000000000000000000000000000000000000000000000000000000000000000000000000000000
	00000000000000000000000000000000000000000000000000000000000000000000000000000000000000000000000000004E050000CEAE0000000000000000000000000000000000000000000000000000000000000000000000000000000000000000000000000000000000000000000000000000000000000000000000
	00000000000000000000000000000000000000000000000000000000000000000000000000000000000000000000000000000000000000000000000000000000000000000000000000000000000000000000000000000000000000000000000000000000000000000000000000000000000000000000000000000000000000
	000000000000000000000000000000000000000000000000000000000000000000000000000000000000000000000000000000000000000000000000000000000000000000000000000000000000000000000000000000000000000000000000000000000000000000000000000000004E05000088EE000000000000000000
	00000000000000000000000000000000000000000000000000000000000000000000000000000000000000000000000000000000000000000000000000000000000000000000000000000000000000000000000000000000000000000000000000000000000000000000000000000000000000000000000000000000000000
	00000000000000000000000000000000000000000000000000000000000000000000000000000000000000000000000000000000000000000000000000000000000000000000000000000000000000000000000000000000000000000000000000000000000000000000000000000000000000000000000000000000000000
	00000000000000000000000000000000000000000000000000000000000000000000004B06000088EE0000000000000000000000000000000000000000000000000000000000000000000000000000000000000000000000000000000000000000000000000000000000000000000000000000000000000000000000000000
	00000000000000000000000000000000000000000000000000000000000000000000000000000000000000000000000000000000000000000000000000000000000000000000000000000000000000000000000000000000000000000000000000000000000000000000000000000000000000000000000000000000000000
	000000000000000000000000000000000000000000000000000000000000000000000000000000000000000000000000000000000000000000000000000000000000000000000000000000000000000000000000004B06000088EE000000000000000000000000000000000000000000000000000000000000000000000000
	00000000000000000000000000000000000000000000000000000000000000000000000000000000000000000000000000000000000000000000000000000000000000000000000000000000000000000000000000000000000000000000000000000000000000000000000000000000000000000000000000000000000000
	00000000000000000000000000000000000000000000000000000000000000000000000000000000000000000000000000000000000000000000000000000000000000000000000000000000000000000000000000000000000000000000000000000000000000000000000000000000000000000000000000000000000000
	00000000000000004B0600007BAB0000000000000000000000000000000000000000000000000000000000000000000000000000000000000000000000000000000000000000000000000000000000000000000000000000000000000000000000000000000000000000000000000000000000000000000000000000000000
	00000000000000000000000000000000000000000000000000000000000000000000000000000000000000000000000000000000000000000000000000000000000000000000000000000000000000000000000000000000000000000000000000000000000000000000000000000000000000000000000000000000000000
	00000000000000000000000000000000000000000000000000000000000000000000000000000000000000000000480100007FC2000000000000000000000000000000000000000000000000000000000000000000000000000000000000000000000000000000000000000000000000000000000000000000000000000000
	00000000000000000000000000000000000000000000000000000000000000000000000000000000000000000000000000000000000000000000000000000000000000000000000000000000000000000000000000000000000000000000000000000000000000000000000000000000000000000000000000000000000000
	0000000000000000000000000000000000000000000000000000000000000000000000000000000000000000000000000000000000000000000000000000000000000000000000000000000000000000000000000000000000000000000000000000000000000000000000000000000000000000500F0000F4BF0000000000
	00000000000000000000000000000000000000000000000000000000000000000000000000000000000000000000000000000000000000000000000000000000000000000000000000000000000000000000000000000000000000000000000000000000000000000000000000000000000000000000000000000000000000
	00000000000000000000000000000000000000000000000000000000000000000000000000000000000000000000000000000000000000000000000000000000000000000000000000000000000000000000000000000000000000000000000000000000000000000000000000000000000000000000000000000000000000
	0000000000000000000000000000000000000000000000000000000000000000000000000000000000000080000000800000000000000000000000500F00007FC20000000000000000000000000000000000000000000000000000000000000000000000000000000000000000000000000000000000000000000000000000
	00000000000000000000000000000000000000000000000000000000000000000000000000000000000000000000000000000000000000000000000000000000000000000000000000000000000000000000000000000000000000000000000000000000000000000000000000000000000000000000000000000000000000
	00000000000000000000000000000000000000000000000000000000000000000000000000000000000000000000000000000000000000000000000000000000000000000000000000000000000000000000000000000000000000000000000000000000000000000000000000000000000000000000000000000000000000
	0000500F00009B390000000000000000000000000000000000000000000000000000000000000000000000000000000000000000000000000000000000000000000000000000000000000000000000000000000000000000000000000000000000000000000000000000000000000000000000000000000000000000000000
	00000000000000000000000000000000000000000000000000000000000000000000000000000000000000000000000000000000000000000000000000000000000000000000000000000000000000000000000000000000000000000000000000000000000000000000000000000000000000000000000000000000000000
	000000000000000000000000000000000000000000000000000000000000000000000000000000000000000000000000000000004B1000009B39000000000000000000000000000000000000000000000000000000000000000000000000000000000000000000000000000000000000000000000000000000000000000000
	00000000000000000000000000000000000000000000000000000000000000000000000000000000000000000000000000000000000000000000000000000000000000000000000000000000000000000000000000000000000000000000000000000000000000000000000000000000000000000000000000000000000000
	0000000000000000000000000000000000000000000000000000000000000000000000000000000000000000000000000000000000000000000000000000000000000000000000000000000000000000000000000000000000000000000000000000000000004B1000005E6800000000000000000001000000000000000000
	00000000000000000000000000000000000000000000000000000000000000000000000000000000000000000000000000000000000000000000000000000000000000000000000000000000000000000000000000000000000000000000000000000000000000000000000000000000000000000000000000000000000000
	00000000000000000000000000000000000000000000000000000000000000000000000000000000000000000000000000000000000000000000000000000000000000000000000000000000000000000000000000000000000000000000000000000000000000000000000000000000000000000000000000000000000000
	000000000000000000000000000000000000000000000000004B1000000F79000000000000000000000000000000000000000000000000000000000000000000000000000000000000000000000000000000000000000000000000000000000000000000000000000000000000000000000000000000000000000000000000
	000000000000000000000000000000000000000000000000000000000000000000000000000000000000000000000000000000000000000000000000000028070000CE790000000000000000000000000001000000000000000000000000000000000000000000000000000000000000000000000000000000000000000000
	00000000000000000000000000000000000000000000000000000000000000000000000000000000000000000000000000000000000000000000000000000000000000000000000000000000000000000000000000000000000000000000000000000028070000E007000000FFFF06FFFF0082FF00807800807FFC807FFF86
	7FFF8042FF80403880403FFC403FFFC63FFFC022FFC02018C0201FFC201FFFE61FFFE012FFE01008E0100FFC100FFFF60FFFF00BFFF00801F00807FC0807FFFE07FFF8037FF80405780403F80403FFFE03FFFC077FFC02017C0201FA0201FFFC01FFFE077FFE01037E0100F80100FFFD00FFFF067FFF00837F00807900807F
	FC000000062708000048320000000000000000000001000000000000000000800000000000000000400000000000000000000000000080000000000000000040000000000000000000000000208000000000000000004000000000000000002000000000000000000000000000400000100000000000200000000000000000
	10000000000000000000000000002000000000000008001000000000000000000800000000000000000000000000100000000000000000080004000000000000040000000000000000000000000008000000000000000004000000000002000002000000000000000000000000000400000000000000000200000000000000
	000101000000000000000000000000020000000000000000010000000000000000008000000000000000000000000001000000000000000000800000000000000000400000000000000000500A0000781600000000000000008000000000000080004000000000800040000000000000400000000000204000200000000000
	00200000000000002000101000000000001000000000000010000800000000080008000000000000080004000000000000040004000000000400020000000000000200000000000202000100000000000001000000000000010000810000000000008000000000000080004000000000280900009C50000000004000000000
	20010000000000000000002000008000100000000000000000004010000000000800000000002000000000080000000004001000000000000080000400000800020000000040000000000402000000000120000000000200000000010010000000000000000001000008000080000000000000000004008000000000400000
	0000020000000000400000000020010000000000000028020000F48C000000000000000000000000000000000000000000000000000000000000000000000000000000000000000000000000000000000000000000000000000000000000000000000000000000000000000000000000000000000000000000000000000000
	0000000000000000000000000000000000000000000000000000000000000000000000000000000000000000000000000000000000000027030000A702000000000000000000000000000000000000000000000000000000000000000000000000000000000000000000000000000000000000000000000000000000000000
	000000000000000000000000000000000000000000000000000000000000000000000000000000000000000000000000000000000000000000000000000000000000000000000000000000000000000025040000A7020000000000000000000000000000000000000000000000000000000000000000000000000000000000
	00000000000000000000000000000000000000000000000000000000000000000000000000000000000000000000000000000000000000000000000000000000000000000000000000000000000000000000000000000000000000000000000000000000000000000025040000AA7700000000000000000001000000010000
	00000000000000000000000000000000000000000000000000000000000000000000000000000000000000000000000000000000000000000000000000000000000000000000000000000000000000000000000000000000000000000000000000000000000000000000000000000000000000000000000000000000000000
	00000000000000260E0000AE26000000000000000000000000000000000000000000000000000000000000000000000000000000000000000000000000000000000000000000000000000000000000000000000000000000000000000000000000000000000000000000000000000000000000000000000000000000000000
	000000000000000000000000000000000000000000000000000000000000000000000000260E000046FA00000000000000000000000000000000000000000000000000000000000000000000000000000000000000000000000000000000000000000000000000000000000000000000000000000000000000000000000000
	00000000000000000000000000000000000000000000000000000000000000000000000000000000000000000000000000000000000000000000000000000000000000000000000000280D0000CEB1000040008100400001020000000200200000202040002000408000000080000000001010000010102000000020400000
	0040080000000808000000081000000010200400002004000000000400000004080002000810020000100000000000020000010204000100040800000008000000000081000000810200000002040000000400400000004080004000810040000102000000020020000000204000280D000083AB0000000000000000000100
	00000000000000000000000000000000000000000000000000000000000000000000000000000000000000000000000000000000000000000000000000000000000000000000000000000000000000000000000000000000000000000000000000000000000000000000000000000000000000000000000000000000000000
	0000000000000000000000000000000000000000280D0000E7810000000000000000000000000000000000000000000000000000000000000000000000000000000000000000000000000000000000000000000000000000000000000000000000000000000000000000000000000000000000000000000000000000000000
	00000000000000000000000000000000000000000000000000000000000000000000000000000000000000000000000000000000000000000000000000000000000000000000000000000000000000000000000000000000000000000000000000000000000000000000000000000000000000000000000000000000000000
	0000000000000000000000000000000000000000000000000000000000000000000000000000000000000000000000000000000000000000000000000000000000000000000000000000000000004D0C0000268100000000000000000000000000010000000000000000000000000000000000000000000000000000000000
	00000000000000000000000000000000000000000000000000000000000000000000000000000000000000000000000000000000000000000000000000000000000000000000000000000000000000000000000000000000000000000000000000000000000000000000000000000000000000000000000000000000000000
	00000000000000000000000000000000000000000000000000000000000000000000000000000000000000000000000000000000000000000000000000000000000000000000000000000000000000000000000000000000000000000000000000000000000000000000000000000000000000000000000000000000000000
	0000000000000000004D0C000075DD00000000000000000000000000000000000000000000000000000000000000000000000000000000000000000000000000000000000000000000000000000000000000000000000000000000000000000000000000000000000000000000000000000000000000000000000000000000
	00000000000000000000000000000000000000000000000000000000000000000000000000000000000000000000000000000000000000000000000000000000000000000000000000000000000000000000000000000000000000000000000000000000000000000000000000000000000000000000000000000000000000
	00000000000000000000000000000000000000000000000000000000000000000000000000000000000000000000000000000000000000000000000000000000000000000000004E0B000075DD0000000000000000000000000000000000000000000000000000000000000000000000000000000000000000000000000000
	00000000000000000000000000000000000000000000000000000000000000000000000000000000000000000000000000000000000000000000000000000000000000000000000000000000000000000000000000000000000000000000000000000000000000000000000000000000000000000000000000000000000000
	00000000000000000000000000000000000000000000000000000000000000000000000000000000000000000000000000000000000000000000000000000000000000000000000000000000000000000000000000000000000000000000000000000000000000000000000000000000000000000000000000000000000000
	0000000000004E0B000075DD00000000000000000000000000000000000000000000000000000000000000000000000000000000000000000000000000000000000000000000000000000000000000000000000000000000000000000000000000000000000000000000000000000000000000000000000000000000000000
	00000000000000000000000000000000000000000000000000000000000000000000000000000000000000000000000000000000000000000000000000000000000000000000000000000000000000000000000000000000000000000000000000000000000000000000000000000000000000000000000000000000000000
	00000000000000000000000000000000000000000000000000000000000000000000000000000000000000000000000000000000000000000000000000000000000000004E0B00005D190000000000000000000000000000000000000000000000000000000000000000000000000000000000000000000000000000000000
	00000000000000000000000000000000000000000000000000000000000000000000000000000000000000000000000000000000000000000000000000000000000000000000000000000000000000000000000000000000000000000000000000000000000000000000000000000000000000000000000000000000000000
	0000000000000000000000000000000000000000000000000000000000000000000000000000000000000000000000000000000000000000000000000000000000000000000000000000000000000000000000000000000000000000000000000000000000000000000000000000000000000000000000000000000000004D
	0000005D190000000000000000000000000000000000000000000000000000000000000000000000000000000000000000000000000000000000000000000000000000000000000000000000000000000000000000000000000000000000000000000000000000000000000000000000000000000000000000000000000000
	00000000000000000000000000000000000000000000000000000000000000000000000000000000000000000000000000000000000000000000000000000000000000000000000000000000000000000000000000000000000000000000000000000000000000000000000000000000000000000000000000000000000000
	0000000000000000000000000000000000000000000000000000000000000000000000000000000000000000000000000000000000000000004D0000005D1900000000000000000000000000000000000000000000000000000000000000000000000000000000000000000000000000000000000000000000000000000000
	00000000000000000000000000000000000000000000000000000000000000000000000000000000000000000000000000000000000000000000000000000000000000000000000000000000000000000000000000000000000000000000000000000000000000000000000000000000000000000000000000000000000000
	000000000000000000000000000000000000000000000000000000000000000000000000000000000000000000000000000000000000000000000000000000000000000000000000000000000000000000000000000000000000000000000000000000000000000000000000000000000000004D0000005D19000000000000
	00000000000000000000000000000000000000000000000000000000000000000000000000000000000000000000000000000000000000000000000000000000000000000000000000000000000000000000000000000000000000000000000000000000000000000000000000000000000000000000000000000000000000
	00000000000000000000000000000000000000000000000000000000000000000000000000000000000000000000000000000000000000000000000000000000000000000000000000000000000000000000000000000000000000000000000000000000000000000000000000000000000000000000000000000000000000
	000000000000000000000000000000000000000000000000000000000000000000000000000000000000000000004D000000CAFF000000000000000000010000000100000000000000000000000000000000000000000000000000000000000000000000000000000000000000000000000000000000000000000000000000
	00000000000000000000000000000000000000000000000000000000000000000000000000000000000000000000000000000000000000000000000000000000000000000000000000000000000000000000000000000000000000000000000000000000000000000000000000000000000000000000000000000000000000
	0000000000000000000000000000000000000000000000000000000000000000000000000000000000000000000000000000000000000000000000000000000000000000000000000000000000000000000000000000000000000000000000000000000000000000000000004E050000CEAE00000000000000000000000000
	00000000000000000000000000000000000000000000000000000000000000000000000000000000000000000000000000000000000000000000000000000000000000000000000000000000000000000000000000000000000000000000000000000000000000000000000000000000000000000000000000000000000000
	00000000000000000000000000000000000000000000000000000000000000000000000000000000000000000000000000000000000000000000000000000000000000000000000000000000000000000000000000000000000000000000000000000000000000000000000000000000000000000000000000000000000000
	000000000000000000000000000000000000000000000000000000000000000000000000000000000000004E05000088EE000000000000000000000000000000000000000000000000000000000000000000000000000000000000000000000000000000000000000000000000000000000000000000000000000000000000
	00000000000000000000000000000000000000000000000000000000000000000000000000000000000000000000000000000000000000000000000000000000000000000000000000000000000000000000000000000000000000000000000000000000000000000000000000000000000000000000000000000000000000
	0000000000000000000000000000000000000000000000000000000000000000000000000000000000000000000000000000000000000000000000000000000000000000000000000000000000000000000000000000000000000000004B06000088EE00000000000000000000000000000000000000000000000000000000
	00000000000000000000000000000000000000000000000000000000000000000000000000000000000000000000000000000000000000000000000000000000000000000000000000000000000000000000000000000000000000000000000000000000000000000000000000000000000000000000000000000000000000
	00000000000000000000000000000000000000000000000000000000000000000000000000000000000000000000000000000000000000000000000000000000000000000000000000000000000000000000000000000000000000000000000000000000000000000000000000000000000000000000000000000000000000
	000000000000000000000000000000004B0600004DBF000000000000000000010000000000000000000000000000000000000000000000000000000000000000000000000000000000000000000000000000000000000000000000000000000000000000000000000000000000000000000000000000000000000000000000
	00000000000000000000000000000000000000000000000000000000000000000000000000000000000000000000000000000000000000000000000000000000000000000000000000000000000000000000000000000000000000000000000000000000000000000000000000000000000000000000000000000000000000
	0000000000000000000000000000000000000000000000000000000000000000000000000000000000000000000000000000000000000000000000000000000000004B0600007BAB00000000000000000000000000000000000000000000000000000000000000000000000000000000000000000000000000000000000000
	00000000000000000000000000000000000000000000000000000000000000000000000000000000000000000000000000000000000000000000000000000000000000000000000000000000000000000000000000000000000000000000000000000000000000000000000000000000000000000000000000000000000000
	000000000000000000000000000000000000000000000000000000000000000000000000000000000000000000000000000000000000000000000000000000000000000000000000000000000000000000000000000000000000000000000000000000000000000048010000BEC20000000000000000000000000001000000
	00000000000000000000000000000000000000000000000000000000000000000000000000000000000000000000000000000000000000000000000000000000000000000000000000000000000000000000000000000000000000000000000000000000000000000000000000000000000000000000000000000000000000
	00000000000000000000000000000000000000000000000000000000000000000000000000000000000000000000000000000000000000000000000000000000000000000000000000000000000000000000000000000000000000000000000000000000000000000000000000000000000000000000000000000000000000
	0000000000000000000000000000000000000000000000000000000000000000000000000000000000000000000000500F00007FC20000000000000000000000000000000000000000000000000000000000000000000000000000000000000000000000000000000000000000000000000000000000000000000000000000
	00000000000000000000000000000000000000000000000000000000000000000000000000000000000000000000000000000000000000000000000000000000000000000000000000000000000000000000000000000000000000000000000000000000000000000000000000000000000000000000000000000000000000
	000000000000000000000000000000000000000000000000000000000000000000000000000000000000000000000000000000000000000000000000000000000000000000000000000000000000000000000000000000000000000000000000000000000000000000000000000000000000000000500F00007FC200000000
	00000000000000000000000000000000000000000000000000000000000000000000000000000000000000000000000000000000000000000000000000000000000000000000000000000000000000000000000000000000000000000000000000000000000000000000000000000000000000000000000000000000000000
	00000000000000000000000000000000000000000000000000000000000000000000000000000000000000000000000000000000000000000000000000000000000000000000000000000000000000000000000000000000000000000000000000000000000000000000000000000000000000000000000000000000000000
	000000000000000000000000000000000000000000000000000000000000000000000000000000000000000000000000000000000000000000000000500F00009B3900000000000000000000000000000000000000000000000000000000000000000000000000000000000000000000000000000000000000000000000000
	00000000000000000000000000000000000000000000000000000000000000000000000000000000000000000000000000000000000000000000000000000000000000000000000000000000000000000000000000000000000000000000000000000000000000000000000000000000000000000000000000000000000000
	00000000000000000000000000000000000000000000000000000000000000000000000000000000000000000000000000000000000000000000000000000000000000000000000000000000000000000000000000000000000000000000000000000000000000000000000000004B1000009B390000000000000000000000
	00000000000000000000000000000000000000000000000000000000000000000000000000000000000000000000000000000000000000000000000000000000000000000000000000000000000000000000000000000000000000000000000000000000000000000000000000000000000000000000000000000000000000
	00000000000000000000000000000000000000000000000000000000000000000000000000000000000000000000000000000000000000000000000000000000000000000000000000000000000000000000000000000000000000000000000000000000000000000000000000000000000000000000000000000000000000
	0000000000000000000000000000000000000000000000000000000000000000004B1000009B3900000000000000000000000000000000000000000000000000000000000000000000000000000000000000000000000000000000000000000000000000000000000000000000000000000000000000000000000000000000
	00000000000000000000000000000000000000000000000000000000000000000000000000000000000000000000000000000000000000000000000000000000000000000000000000000000000000000000000000000000000000000000000000000000000000000000000000000000000000000000000000000000000000
	00000000000000000000000000000000000000000000000000000000000000000000000000000000000000000000000000000000000000000000000000000000000000000000000000000000000000000000004B1000000F790000000000000000000000000000000000000000000000000000000000000000000000000000
	000000000000000000000000000000000000000000000000000000000000000000000000000000000000000000000000000000000000000000000000000000000000000000000000000000000000000000000000000000000000000000000000000000000000000000000000000000000000000000000000280700000F7900
	00000000000000000000000000000000000000000000000000000000000000000000000000000000000000000000000000000000000000000000000000000000000000000000000000000000000000000000000000000000000000000000000000000000000000000000000000000000000000000000000000000000000000
	00000000000000000000000000000000000000000000000000000000000028070000E456000000FFFF06FFFF0083FF00807900807FFC807FFF867FFF8042FF80403880403FFC403FFFC63FFFC022FFC02018C0201FFC201FFFE61FFFE012FFE01008E0100FFC100FFFF60FFFF00BFFF00801F00807FC0807FFFE07FFF8037F
	F80405780403F80403FFFE03FFFC077FFC02017C0201FA0201FFFC01FFFE077FFE01037E0100F80100FFFD00FFFF067FFF00837F00807900807FFC0000000627080000483200000000000000000000010000000000000000008000000000000000004000000000000000000000000000800000000000000000400000000000
	00000000000000208000000000000000004000000000000000002000000000000000000000000000400000100000000000200000000000000000100000000000000000000000000020000000000000080010000000000000000008000000000000000000000000001000000000000000000800040000000000000400000000
	00000000000000000008000000000000000004000000000002000002000000000000000000000000000400000000000000000200000000000000000101000000000000000000000000020000000000000000010000000000000000008000000000000000000000000001000000000000000000800000000000000000400000
	000000000000500A0000781600000000000000008000000000000080004000000000800040000000000000400000000000204000200000000000002000000000000020001010000000000010000000000000100008000000000800080000000000000800040000000000000400040000000004000200000000000002000000
	00000202000100000000000001000000000000010000810000000000008000000000000080004000000000280900009C50000000004000000000200100000000000000000020000080001000000000000000000040100000000008000000000020000000000800000000040010000000000000800004000008000200000000
	40000000000402000000000120000000000200000000010010000000000000000001000008000080000000000000000004008000000000400000000002000000000040000000002001000000000000002802000031DD0000000000000000000100000000000000000000000000000000000000000000000000000000000000
	000000000000000000000000000000000000000000000000000000000000000000000000000000000000000000000000000000000000000000000000000000000000000000000000000000000000000000000000000000000000000000000000000000000000000000000000000000000027030000A7020000000000000000
	00000000000000000000000000000000000000000000000000000000000000000000000000000000000000000000000000000000000000000000000000000000000000000000000000000000000000000000000000000000000000000000000000000000000000000000000000000000000000000000000000000000000000
	00000000000000000000002504000066020000000000000000000000000001000000000000000000000000000000000000000000000000000000000000000000000000000000000000000000000000000000000000000000000000000000000000000000000000000000000000000000000000000000000000000000000000
	00000000000000000000000000000000000000000000000000000000000000000000000025040000AE2600000000000000000000000000000000000000000000000000000000000000000000000000000000000000000000000000000000000000000000000000000000000000000000000000000000000000000000000000
	0000000000000000000000000000000000000000000000000000000000000000000000000000000000000000000000000000000000000000000000000000000000260E0000AE260000000000000000000000000000000000000000000000000000000000000000000000000000000000000000000000000000000000000000
	00000000000000000000000000000000000000000000000000000000000000000000000000000000000000000000000000000000000000000000000000000000000000000000000000000000000000000000000000000000000000000000260E000046FA000000000000000000000000000000000000000000000000000000
	00000000000000000000000000000000000000000000000000000000000000000000000000000000000000000000000000000000000000000000000000000000000000000000000000000000000000000000000000000000000000000000000000000000000000000000000000000000000000000000000000000000000000
	00000000280D0000CEB1000040008100400001020000000200200000202040002000408000000080000000001010000010102000000020400000004008000000080800000008100000001020040000200400000000040000000408000200081002000010000000000002000001020400010004080000000800000000008100
	0000810200000002040000000400400000004080004000810040000102000000020020000000204000280D000046FA0000000000000000000000000000000000000000000000000000000000000000000000000000000000000000000000000000000000000000000000000000000000000000000000000000000000000000
	000000000000000000000000000000000000000000000000000000000000000000000000000000000000000000000000000000000000000000000000000000000000000000000000000000000000280D0000E78100000000000000000000000000000000000000000000000000000000000000000000000000000000000000
	00000000000000000000000000000000000000000000000000000000000000000000000000000000000000000000000000000000000000000000000000000000000000000000000000000000000000000000000000000000000000000000000000000000000000000000000000000000000000000000000000000000000000
	00000000000000000000000000000000000000000000000000000000000000000000000000000000000000000000000000000000000000000000000000000000000000000000000000000000000000000000000000000000000000000000000000000000000000000000000000000000000000000000000000000000000000
	0000000000000000004D0C0000E78100000000000000000000000000000000000000000000000000000000000000000000000000000000000000000000000000000000000000000000000000000000000000000000000000000000000000000000000000000000000000000000000000000000000000000000000000000000
	00000000000000000000000000000000000000000000000000000000000000000000000000000000000000000000000000000000000000000000000000000000000000000000000000000000000000000000000000000000000000000000000000000000000000000000000000000000000000000000000000000000000000
	000000000000000000000000000000000000000000000000000000000000000000000000000000000000000000000000000000000000000000000000000000000000004D0C0000718C000000000000000000010000000100000000000000000000000000000000000000000000000000000000000000000000000000000000
	00000000000000000000000000000000000000000000000000000000000000000000000000000000000000000000000000000000000000000000000000000000000000000000000000000000000000000000000000000000000000000000000000000000000000000000000000000000000000000000000000000000000000
	00000000000000000000000000000000000000000000000000000000000000000000000000000000000000000000000000000000000000000000000000000000000000000000000000000000000000000000000000000000000000000000000000000000000000000000000000000000000000000000000000000000000000
	00004E0B000075DD0000000000000000000000000000000000000000000000000000000000000000000000000000000000000000000000000000000000000000000000000000000000000000000000000000000000000000000000000000000000000000000000000000000000000000000000000000000000000000000000
	00000000000000000000000000000000000000000000000000000000000000000000000000000000000000000000000000000000000000000000000000000000000000000000000000000000000000000000000000000000000000000000000000000000000000000000000000000000000000000000000000000000000000
	000000000000000000000000000000000000000000000000000000000000000000000000000000000000000000000000000000000000000000000000000000004E0B000075DD000000000000000000000000000000000000000000000000000000000000000000000000000000000000000000000000000000000000000000
	00000000000000000000000000000000000000000000000000000000000000000000000000000000000000000000000000000000000000000000000000000000000000000000000000000000000000000000000000000000000000000000000000000000000000000000000000000000000000000000000000000000000000
	0000000000000000000000000000000000000000000000000000000000000000000000000000000000000000000000000000000000000000000000000000000000000000000000000000000000000000000000000000000000000000000000000000000000000000000000000000000000000000000000000000000000004E
	0B00005D190000000000000000000000000000000000000000000000000000000000000000000000000000000000000000000000000000000000000000000000000000000000000000000000000000000000000000000000000000000000000000000000000000000000000000000000000000000000000000000000000000
	00000000000000000000000000000000000000000000000000000000000000000000000000000000000000000000000000000000000000000000000000000000000000000000000000000000000000000000000000000000000000000000000000000000000000000000000000000000000000000000000000000000000000
	0000000000000000000000000000000000000000000000000000000000000000000000000000000000000000000000000000000000000000004D0000005D1900000000000000000000000000000000000000000000000000000000000000000000000000000000000000000000000000000000000000000000000000000000
	00000000000000000000000000000000000000000000000000000000000000000000000000000000000000000000000000000000000000000000000000000000000000000000000000000000000000000000000000000000000000000000000000000000000000000000000000000000000000000000000000000000000000
	000000000000000000000000000000000000000000000000000000000000000000000000000000000000000000000000000000000000000000000000000000000000000000000000000000000000000000000000000000000000000000000000000000000000000000000000000000000000004D0000005D19000000000000
	00000000000000000000000000000000000000000000000000000000000000000000000000000000000000000000000000000000000000000000000000000000000000000000000000000000000000000000000000000000000000000000000000000000000000000000000000000000000000000000000000000000000000
	00000000000000000000000000000000000000000000000000000000000000000000000000000000000000000000000000000000000000000000000000000000000000000000000000000000000000000000000000000000000000000000000000000000000000000000000000000000000000000000000000000000000000
	000000000000000000000000000000000000000000000000000000000000000000000000000000000000000000004D0000005D19000000000000000000000000000000000000000000000000000000000000000000000000000000000000000000000000000000000000000000000000000000000000000000000000000000
	00000000000000000000000000000000000000000000000000000000000000000000000000000000000000000000000000000000000000000000000000000000000000000000000000000000000000000000000000000000000000000000000000000000000000000000000000000000000000000000000000000000000000
	00000000000000000000000000000000000000000000000000000000000000000000000000000000000000000000000000000000000000000000000000000000000000000000000000000000000000000000000000000000000000000000000000000000000000004D000000CEAE0000000000000000000000000000000000
	00000000000000000000000000000000000000000000000000000000000000000000000000000000000000000000000000000000000000000000000000000000000000000000000000000000000000000000000000000000000000000000000000000000000000000000000000000000000000000000000000000000000000
	00000000000000000000000000000000000000000000000000000000000000000000000000000000000000000000000000000000000000000000000000000000000000000000000000000000000000000000000000000000000000000000000000000000000000000000000000000000000000000000000000000000000000
	0000000000000000000000000000000000000000000000000000000000000000000000000000004E050000CEAE00000000000000000000000000000000000000000000000000000000000000000000000000000000000000000000000000000000000000000000000000000000000000000000000000000000000000000000
	00000000000000000000000000000000000000000000000000000000000000000000000000000000000000000000000000000000000000000000000000000000000000000000000000000000000000000000000000000000000000000000000000000000000000000000000000000000000000000000000000000000000000
	00000000000000000000000000000000000000000000000000000000000000000000000000000000000000000000000000000000000000000000000000000000000000000000000000000000000000000000000000000000000000000000000000000000004E05000088EE0000000000000000000000000000000000000000
	00000000000000000000000000000000000000000000000000000000000000000000000000000000000000000000000000000000000000000000000000000000000000000000000000000000000000000000000000000000000000000000000000000000000000000000000000000000000000000000000000000000000000
	00000000000000000000000000000000000000000000000000000000000000000000000000000000000000000000000000000000000000000000000000000000000000000000000000000000000000000000000000000000000000000000000000000000000000000000000000000000000000000000000000000000000000
	0000000000000000000000000000000000000000000000004B06000088EE00000000000000000000000000000000000000000000000000000000000000000000000000000000000000000000000000000000000000000000000000000000000000000000000000000000000000000000000000000000000000000000000000
	00000000000000000000000000000000000000000000000000000000000000000000000000000000000000000000000000000000000000000000000000000000000000000000000000000000000000000000000000000000000000000000000000000000000000000000000000000000000000000000000000000000000000
	00000000000000000000000000000000000000000000000000000000000000000000000000000000000000000000000000000000000000000000000000000000000000000000000000004B06000088EE0000000000000000000000000000000000000000000000000000000000000000000000000000000000000000000000
	00000000000000000000000000000000000000000000000000000000000000000000000000000000000000000000000000000000000000000000000000000000000000000000000000000000000000000000000000000000000000000000000000000000000000000000000000000000000000000000000000000000000000
	000000000000000000000000000000000000000000000000000000000000000000000000000000000000000000000000000000000000000000000000000000000000000000000000000000000000000000000000000000000000000000000000000000000000000000000000000000000000000000000000000000004B0600
	007BAB00000000000000000000000000000000000000000000000000000000000000000000000000000000000000000000000000000000000000000000000000000000000000000000000000000000000000000000000000000000000000000000000000000000000000000000000000000000000000000000000000000000
	00000000000000000000000000000000000000000000000000000000000000000000000000000000000000000000000000000000000000000000000000000000000000000000000000000000000000000000000000000000000000000000000000000000000000000000000000000000000000000000000000000000000000
	0000000000000000000000000000000000000000000000000000000000000000000000480100007FC20000000000000000000000000000000000000000000000000000000000000000000000000000000000000000000000000000000000000000000000000000000000000000000000000000000000000000000000000000
	00000000000000000000000000000000000000000000000000000000000000000000000000000000000000000000000000000000000000000000000000000000000000000000000000000000000000000000000000000000000000000000000000000000000000000000000000000000000000000000000000000000000000
	000000000000000000000000000000000000000000000000000000000000000000000000000000000000000000000000000000000000000000000000000000000000000000000000000000000000000000000000000000000000000000000000000000000000000000500F00007FC200000000000000000000000000000000
	00000000000000000000000000000000000000000000000000000000000000000000000000000000000000000000000000000000000000000000000000000000000000000000000000000000000000000000000000000000000000000000000000000000000000000000000000000000000000000000000000000000000000
	00000000000000000000000000000000000000000000000000000000000000000000000000000000000000000000000000000000000000000000000000000000000000000000000000000000000000000000000000000000000000000000000000000000000000000000000000000000000000000000000000000000000000
	000000000000000000000000000000000000000000000000000000000000000000000000000000000000000000000000500F00007FC200000000000000000000000000000000000000000000000000000000000000000000000000000000000000000000000000000000000000000000000000000000000000000000000000
	00000000000000000000000000000000000000000000000000000000000000000000000000000000000000000000000000000000000000000000000000000000000000000000000000000000000000000000000000000000000000000000000000000000000000000000000000000000000000000000000000000000000000
	00000000000000000000000000000000000000000000000000000000000000000000000000000000000000000000000000000000000000000000000000000000000000000000000000000000000000000000000000000000000000000000000000000000000000000000000000000000000000000000500F00002F4D000000
	00000000000000000000000000000000000000000000000000000000000000000000000000000000000000000000000000000000000000000000000000000000000000000000000000000000000000000000000000000000000000000000000000000000000000000000000000000000000000000000000000000000000000
	00000000000000000000000000000000000000000000000000000000000000000000000000000000000000000000000000000000000000000000000000000000000000000000000000000000000000000000000000000000000000000000000000000000000000000000000000000000000000000000000000000000000000
	0000000000000000000000000000000000000000000000000000000000000000000000000000000000000000000000000000000000000000004F350000514B0000000028000802000001800014000401005000C001000002000028006002000000000014008401000000C0000A000200802800600100000100001400300100
	000040000A008200800100600004000100401400300000000080000A001800800000600005000100400000300002000080200A001800000000408005000C004000003000028000802000001800010000401005000C004000002000028006002000009800014000401000000C00000000200802800600200000100001400340
	1000000C0000A000200800000600008000100401400300100000080000A001200800000600005000100400400300008000080200A0018008000004000050001004000083000028000802002001800000000401005000C004000002000028000802000081800014000401005000C0000000020000280060020000014F350000
	46990000000028000802000001800014000401005000C000000002000028006002000000000014008401000000C0000A000200802800600000000100001400300100000040000A008200800000600004000100401400300000000080000A001800800000600005000100400000300002000080200A00180000000040800500
	0C004000003000028000802000001800010000401005000C004000002000028006002000009800014000401000000C000000002008028006002000001000014003401000000C0000A000200800000600008000100401400300100000080000A001200800000600005000100400400300000000080200A00180080000040000
	50001004000003000028000802002001800000000401005000C004000002000028000802000001800014000401005000C0000000020000280060020000014F35000014E00000000000000000000000000000008000800000000100400040000000000000000000000000008000810000000000400040000000000000000000
	00008000800000000000000040004100000000000000800000000000800000000000400040000000000000000000800080000000000040000000000040000000000000008000800000000000000040004000000000000000000000008000000000000000400040000000000000000000000000008000000000000000400000
	00000000000000000000000000000000000000000040000000000040000000000000000000000000000000000000004000000000800000000000002000000000000000000000004000400000000000200000000080000000000000000040004000000000000000208020000000000000000000000040004000000000002000
	204F3500009B39000000000000000000000000000000000000000000000000000000000000000000000000000000000000000000000000000000000000000000000000000000000000000000000000000000000000000000000000000000000000000000000000000000000000000000000000000000000000000000000000
	00000000000000000000000000000000000000000000000000000000000000000000000000000000000000000000000000000000000000000000000000000000000000000000000000000000000000000000000000000000000000000000000000000000000000000000000000000000000000000000000000000000000000
	0000000000000000000000000000000000000000000000000000000000000000000000000000000000000000000000000000004B1000009B3900000000000000000000000000000000000000000000000000000000000000000000000000000000000000000000000000000000000000000000000000000000000000000000
	00000000000000000000000000000000000000000000000000000000000000000000000000000000000000000000000000000000000000000000000000000000000000000000000000000000000000000000000000000000000000000000000000000000000000000000000000000000000000000000000000000000000000
	00000000000000000000000000000000000000000000000000000000000000000000000000000000000000000000000000000000000000000000000000000000000000000000000000000000000000000000000000000000000000000000000000000000004B10000088A10000000000000000000100000000000000000000
	00000000000000000000000000000000000000000000000000000000000000000000000000000000000000000000000000000000000000000000000000000000000000000000000000000000000000000000000000000000000000000000000000000000000000000000000000000000000000000000000000000000000000
	00000000000000000000000000000000000000000000000000000000000000000000000000000000000000000000000000000000000000000000000000000000000000000000000000000000000000000000000000000000000000000000000000000000000000000000000000000000000000000000000000000000000000
	0000000000000000000000008000000000000000000000004B1000000F7900000000000000000000000000000000000000000000000000000000000000000000000000000000000000000000000000000000000000000000000000000000000000000000000000000000000000000000000000000000000000000000000000
	0000000000000000000000000000000000000000000000000000000000000000000000000000000000000000000000000000000000000000000000000028070000E011000000000000000000000000000100000000000000000000000000000000000000000000000000000000000000000000000000000000000000000000
	000000000000000000000000000000000000000000000000000000000000000000000000000000000000000000000000000000000000000000000000000000000000000000000000000000000000000000008000000000000000000000000000000028070000E007000000FFFF06FFFF0082FF00807800807FFC807FFF867F
	FF8042FF80403880403FFC403FFFC63FFFC022FFC02018C0201FFC201FFFE61FFFE012FFE01008E0100FFC100FFFF60FFFF00BFFF00801F00807FC0807FFFE07FFF8037FF80405780403F80403FFFE03FFFC077FFC02017C0201FA0201FFFC01FFFE077FFE01037E0100F80100FFFD00FFFF067FFF00837F00807900807FFC
	00000006270800004832000000000000000000000100000000000000000080000000000000000040000000000000000000000000008000000000000000004000000000000000000000000020800000000000000000400000000000000000200000000000000000000000000040000010000000000020000000000000000010
	00000000000000000000000000200000000000000800100000000000000000080000000000000000000000000010000000000000000008000400000000000004000000000000000000000000000800000000000000000400000000000200000200000000000000000000000000040000000000000000020000000000000000
	0101000000000000000000000000020000000000000000010000000000000000008000000000000000000000000001000000000000000000800000000000000000400000000000000000500A000078160000000000000000800000000000008000400000000080004000000000000040000000000020400020000000000000
	200000000000002000101000000000001000000000000010000800000000080008000000000000080004000000000000040004000000000400020000000000000200000000000202000100000000000001000000000000010000810000000000008000000000000080004000000000280900009C5000000000400000000020
	01000000000000000000200000800010000000000000000000401000000000080000000000200000000008000000000400100000000000008000040000080002000000004000000000040200000000012000000000020000000001001000000000000000000100000800008000000000000000000400800000000040000000
	00020000000000400000000020010000000000000028020000F48C00000000000000000000000000000000000000000000000000000000000000000000000000000000000000000000000000000000000000000000000000000000000000000000000000000000000000000000000000000000000000000000000000000000
	00000000000000000000000000000000000000000000000000000000000000000000000000000000000000000000000000000000000027030000A70200000000000000000000000000000000000000000000000000000000000000000000000000000000000000000000000000000000000000000000000000000000000000
	0000000000000000000000000000000000000000000000000000000000000000000000000000000000000000000000000000000000000000000000000000000000000000000000000000000000000025040000A702000000000000000000000000000000000000000000000000000000000000000000000000000000000000
	0000000000000000000000000000000000000000000000000000000000000000000000000000000000000000000000000000000000000000000000000000000000000000000000000000000000000000000000000000000000000000000000000000000000000000250400000D4A0000000000000000000100000001000000
	00000000000000000000000000000000000000000000000000000000000000000000000000000000000000000000000000000000000000000000000000000000000000000000000000000000000000000000000000000000000000000000000000000000000000000000000000000000000000000080000000800000000000
	000000000000260E0000AE2600000000000000000000000000000000000000000000000000000000000000000000000000000000000000000000000000000000000000000000000000000000000000000000000000000000000000000000000000000000000000000000000000000000000000000000000000000000000000
	0000000000000000000000000000000000000000000000000000000000000000000000260E000046FA0000000000000000000000000000000000000000000000000000000000000000000000000000000000000000000000000000000000000000000000000000000000000000000000000000000000000000000000000000
	000000000000000000000000000000000000000000000000000000000000000000000000000000000000000000000000000000000000000000000000000000000000000000000000280D0000CEB100004000810040000102000000020020000020204000200040800000008000000000101000001010200000002040000000
	40080000000808000000081000000010200400002004000000000400000004080002000810020000100000000000020000010204000100040800000008000000000081000000810200000002040000000400400000004080004000810040000102000000020020000000204000280D0000EAD7000000000000000000010000
	00000000000000000000000000000000000000000000000000000000000000000000000000000000000000000000000000000000000000000000000000000000000000000000000000000000000000000000000000000000000000000000000000000000000000000000000000000000000000000000000000000000000000
	00000000000000800000000000000000000000280D0000E781000000000000000000000000000000000000000000000000000000000000000000000000000000000000000000000000000000000000000000000000000000000000000000000000000000000000000000000000000000000000000000000000000000000000
	00000000000000000000000000000000000000000000000000000000000000000000000000000000000000000000000000000000000000000000000000000000000000000000000000000000000000000000000000000000000000000000000000000000000000000000000000000000000000000000000000000000000000
	00000000000000000000000000000000000000000000000000000000000000000000000000000000000000000000000000000000000000000000000000000000000000000000000000000000004D0C0000425F0000000000000000000000000001000000000000000000000000000000000000000000000000000000000000
	00000000000000000000000000000000000000000000000000000000000000000000000000000000000000000000000000000000000000000000000000000000000000000000000000000000000000000000000000000000000000000000000000000000000000000000000000000000000000000000000000000000000000
	00000000000000000000000000000000000000000000000000000000000000000000000000000000000000000000000000000000000000000000000000000000000000000000000000000000000000000000000000000000000000000000000000000000000000000000000000000000000000000000008000000000000000
	00000000000000004D0C000075DD0000000000000000000000000000000000000000000000000000000000000000000000000000000000000000000000000000000000000000000000000000000000000000000000000000000000000000000000000000000000000000000000000000000000000000000000000000000000
	00000000000000000000000000000000000000000000000000000000000000000000000000000000000000000000000000000000000000000000000000000000000000000000000000000000000000000000000000000000000000000000000000000000000000000000000000000000000000000000000000000000000000
	000000000000000000000000000000000000000000000000000000000000000000000000000000000000000000000000000000000000000000000000000000000000000000004E0B000075DD000000000000000000000000000000000000000000000000000000000000000000000000000000000000000000000000000000
	00000000000000000000000000000000000000000000000000000000000000000000000000000000000000000000000000000000000000000000000000000000000000000000000000000000000000000000000000000000000000000000000000000000000000000000000000000000000000000000000000000000000000
	00000000000000000000000000000000000000000000000000000000000000000000000000000000000000000000000000000000000000000000000000000000000000000000000000000000000000000000000000000000000000000000000000000000000000000000000000000000000000000000000000000000000000
	00000000004E0B000075DD0000000000000000000000000000000000000000000000000000000000000000000000000000000000000000000000000000000000000000000000000000000000000000000000000000000000000000000000000000000000000000000000000000000000000000000000000000000000000000
	00000000000000000000000000000000000000000000000000000000000000000000000000000000000000000000000000000000000000000000000000000000000000000000000000000000000000000000000000000000000000000000000000000000000000000000000000000000000000000000000000000000000000
	000000000000000000000000000000000000000000000000000000000000000000000000000000000000000000000000000000000000000000000000000000000000004E0B00005D19000000000000000000000000000000000000000000000000000000000000000000000000000000000000000000000000000000000000
	00000000000000000000000000000000000000000000000000000000000000000000000000000000000000000000000000000000000000000000000000000000000000000000000000000000000000000000000000000000000000000000000000000000000000000000000000000000000000000000000000000000000000
	00000000000000000000000000000000000000000000000000000000000000000000000000000000000000000000000000000000000000000000000000000000000000000000000000000000000000000000000000000000000000000000000000000000000000000000000000000000000000000000000000000000004D00
	00005D19000000000000000000000000000000000000000000000000000000000000000000000000000000000000000000000000000000000000000000000000000000000000000000000000000000000000000000000000000000000000000000000000000000000000000000000000000000000000000000000000000000
	00000000000000000000000000000000000000000000000000000000000000000000000000000000000000000000000000000000000000000000000000000000000000000000000000000000000000000000000000000000000000000000000000000000000000000000000000000000000000000000000000000000000000
	00000000000000000000000000000000000000000000000000000000000000000000000000000000000000000000000000000000000000004D0000005D190000000000000000000000000000000000000000000000000000000000000000000000000000000000000000000000000000000000000000000000000000000000
	00000000000000000000000000000000000000000000000000000000000000000000000000000000000000000000000000000000000000000000000000000000000000000000000000000000000000000000000000000000000000000000000000000000000000000000000000000000000000000000000000000000000000
	0000000000000000000000000000000000000000000000000000000000000000000000000000000000000000000000000000000000000000000000000000000000000000000000000000000000000000000000000000000000000000000000000000000000000000000000000000000000004D0000005D1900000000000000
	00000000000000000000000000000000000000000000000000000000000000000000000000000000000000000000000000000000000000000000000000000000000000000000000000000000000000000000000000000000000000000000000000000000000000000000000000000000000000000000000000000000000000
	00000000000000000000000000000000000000000000000000000000000000000000000000000000000000000000000000000000000000000000000000000000000000000000000000000000000000000000000000000000000000000000000000000000000000000000000000000000000000000000000000000000000000
	0000000000000000000000000000000000000000000000000000000000000000000000000000000000000000004D0000002B2D00000000000000000001000000010000000000000000000000000000000000000000000000000000000000000000000000000000000000000000000000000000000000000000000000000000
	00000000000000000000000000000000000000000000000000000000000000000000000000000000000000000000000000000000000000000000000000000000000000000000000000000000000000000000000000000000000000000000000000000000000000000000000000000000000000000000000000000000000000
	00000000000000000000000000000000000000000000000000000000000000000000000000000000000000000000000000000000000000000000000000000000000000000000000000000000000000000000000000000000000000800000008000000000000000000000004E050000CEAE0000000000000000000000000000
	00000000000000000000000000000000000000000000000000000000000000000000000000000000000000000000000000000000000000000000000000000000000000000000000000000000000000000000000000000000000000000000000000000000000000000000000000000000000000000000000000000000000000
	00000000000000000000000000000000000000000000000000000000000000000000000000000000000000000000000000000000000000000000000000000000000000000000000000000000000000000000000000000000000000000000000000000000000000000000000000000000000000000000000000000000000000
	0000000000000000000000000000000000000000000000000000000000000000000000000000000000004E05000088EE00000000000000000000000000000000000000000000000000000000000000000000000000000000000000000000000000000000000000000000000000000000000000000000000000000000000000
	00000000000000000000000000000000000000000000000000000000000000000000000000000000000000000000000000000000000000000000000000000000000000000000000000000000000000000000000000000000000000000000000000000000000000000000000000000000000000000000000000000000000000
	00000000000000000000000000000000000000000000000000000000000000000000000000000000000000000000000000000000000000000000000000000000000000000000000000000000000000000000000000000000000000004B06000088EE0000000000000000000000000000000000000000000000000000000000
	00000000000000000000000000000000000000000000000000000000000000000000000000000000000000000000000000000000000000000000000000000000000000000000000000000000000000000000000000000000000000000000000000000000000000000000000000000000000000000000000000000000000000
	00000000000000000000000000000000000000000000000000000000000000000000000000000000000000000000000000000000000000000000000000000000000000000000000000000000000000000000000000000000000000000000000000000000000000000000000000000000000000000000000000000000000000
	0000000000000000000000000000004B0600009B7600000000000000000001000000000000000000000000000000000000000000000000000000000000000000000000000000000000000000000000000000000000000000000000000000000000000000000000000000000000000000000000000000000000000000000000
	00000000000000000000000000000000000000000000000000000000000000000000000000000000000000000000000000000000000000000000000000000000000000000000000000000000000000000000000000000000000000000000000000000000000000000000000000000000000000000000000000000000000000
	00000000000000000000000000000000000000000000000000000000000000000000000000000000000000000000000000000000008000000000000000000000004B0600007BAB0000000000000000000000000000000000000000000000000000000000000000000000000000000000000000000000000000000000000000
	00000000000000000000000000000000000000000000000000000000000000000000000000000000000000000000000000000000000000000000000000000000000000000000000000000000000000000000000000000000000000000000000000000000000000000000000000000000000000000000000000000000000000
	0000000000000000000000000000000000000000000000000000000000000000000000000000000000000000000000000000000000000000000000000000000000000000000000000000000000000000000000000000000000000000000000000000000000000048010000E602000000000000000000000000000100000000
	00000000000000000000000000000000000000000000000000000000000000000000000000000000000000000000000000000000000000000000000000000000000000000000000000000000000000000000000000000000000000000000000000000000000000000000000000000000000000000000000000000000000000
	00000000000000000000000000000000000000000000000000000000000000000000000000000000000000000000000000000000000000000000000000000000000000000000000000000000000000000000000000000000000000000000000000000000000000000000000000000000000000000000000000000000000000
	00000000000000000000000000000000000000000000000000000000000080000000000000000000000000000000500F00007FC2000000000000000000000000000000000000000000000000000000000000000000000000000000000000000000000000000000000000000000000000000000000000000000000000000000
	00000000000000000000000000000000000000000000000000000000000000000000000000000000000000000000000000000000000000000000000000000000000000000000000000000000000000000000000000000000000000000000000000000000000000000000000000000000000000000000000000000000000000
	0000000000000000000000000000000000000000000000000000000000000000000000000000000000000000000000000000000000000000000000000000000000000000000000000000000000000000000000000000000000000000000000000000000000000000000000000000000000000000500F00007FC20000000000
	00000000000000000000000000000000000000000000000000000000000000000000000000000000000000000000000000000000000000000000000000000000000000000000000000000000000000000000000000000000000000000000000000000000000000000000000000000000000000000000000000000000000000
	00000000000000000000000000000000000000000000000000000000000000000000000000000000000000000000000000000000000000000000000000000000000000000000000000000000000000000000000000000000000000000000000000000000000000000000000000000000000000000000000000000000000000
	0000000000000000000000000000000000000000000000000000000000000000000000000000000000000000000000000000000000000000000000500F00009B390000000000000000000000000000000000000000000000000000000000000000000000000000000000000000000000000000000000000000000000000000
	00000000000000000000000000000000000000000000000000000000000000000000000000000000000000000000000000000000000000000000000000000000000000000000000000000000000000000000000000000000000000000000000000000000000000000000000000000000000000000000000000000000000000
	000000000000000000000000000000000000000000000000000000000000000000000000000000000000000000000000000000000000000000000000000000000000000000000000000000000000000000000000000000000000000000000000000000000000000000000000004B1000009B39000000000000000000000000
	00000000000000000000000000000000000000000000000000000000000000000000000000000000000000000000000000000000000000000000000000000000000000000000000000000000000000000000000000000000000000000000000000000000000000000000000000000000000000000000000000000000000000
	00000000000000000000000000000000000000000000000000000000000000000000000000000000000000000000000000000000000000000000000000000000000000000000000000000000000000000000000000000000000000000000000000000000000000000000000000000000000000000000000000000000000000
	00000000000000000000000000000000000000000000000000000000000000004B1000009B390000000000000000000000000000000000000000000000000000000000000000000000000000000000000000000000000000000000000000000000000000000000000000000000000000000000000000000000000000000000
	00000000000000000000000000000000000000000000000000000000000000000000000000000000000000000000000000000000000000000000000000000000000000000000000000000000000000000000000000000000000000000000000000000000000000000000000000000000000000000000000000000000000000
	000000000000000000000000000000000000000000000000000000000000000000000000000000000000000000000000000000000000000000000000000000000000000000000000000000000000000000004B1000000F79000000000000000000000000000000000000000000000000000000000000000000000000000000
	0000000000000000000000000000000000000000000000000000000000000000000000000000000000000000000000000000000000000000000000000000000000000000000000000000000000000000000000000000000000000000000000000000000000000000000000000000000000000000000000280700000F790000
	00000000000000000000000000000000000000000000000000000000000000000000000000000000000000000000000000000000000000000000000000000000000000000000000000000000000000000000000000000000000000000000000000000000000000000000000000000000000000000000000000000000000000
	000000000000000000000000000000000000000000000000000000000028070000ABEA000000FFFF06FFFF0083FF00807900807FFC807FFF867FFF8042FF80403880403FFC403FFFC63FFFC022FFC02018C0201FFC201FFFE61FFFE012FFE01008E0100FFC100FFFF60FFFF00BFFF00801F00807FC0807FFFE07FFF8037FF8
	0405780403F80403FFFE03FFFC077FFC02017C0201FA0201FFFC01FFFE077FFE01037E0100F80100FFFD00FFFF06FFFF0083FF00807900807FFC000000062708000048320000000000000000000001000000000000000000800000000000000000400000000000000000000000000080000000000000000040000000000000
	00000000000020800000000000000000400000000000000000200000000000000000000000000040000010000000000020000000000000000010000000000000000000000000002000000000000008001000000000000000000800000000000000000000000000100000000000000000080004000000000000040000000000
	00000000000000000800000000000000000400000000000200000200000000000000000000000000040000000000000000020000000000000000010100000000000000000000000002000000000000000001000000000000000000800000000000000000000000000100000000000000000080000000000000000040000000
	0000000000500A000078160000000000000000800000000000008000400000000080004000000000000040000000000020400020000000000000200000000000002000101000000000001000000000000010000800000000080008000000000000080004000000000000040004000000000400020000000000000200000000
	000202000100000000000001000000000000010000810000000000008000000000000080004000000000280900009C5000000000400000000020010000000000000000002000008000100000000000000000004010000000000800000000002000000000080000000004001000000000000080000400000800020000000040
	00000000040200000000012000000000020000000001001000000000000000000100000800008000000000000000000400800000000040000000000200000000004000000000200100000000000000280200001FB5000000000000000000010000000000000000000000000000000000000000000000000000000000000000
	0000000000000000000000000000000000000000000000000000000000000000000000000000000000000000000000000000000000000000000000000000000000000000000000000000000000000000000000000000000000000000000000000000000080000000000000000000000027030000A702000000000000000000
	00000000000000000000000000000000000000000000000000000000000000000000000000000000000000000000000000000000000000000000000000000000000000000000000000000000000000000000000000000000000000000000000000000000000000000000000000000000000000000000000000000000000000
	0000000000000000000025040000BA83000000000000000000000000000100000000000000000000000000000000000000000000000000000000000000000000000000000000000000000000000000000000000000000000000000000000000000000000000000000000000000000000000000000000000000000000000000
	000000000000000000000000000000000000008000000000000000000000000000000025040000AE260000000000000000000000000000000000000000000000000000000000000000000000000000000000000000000000000000000000000000000000000000000000000000000000000000000000000000000000000000
	00000000000000000000000000000000000000000000000000000000000000000000000000000000000000000000000000000000000000000000000000000000260E0000AE26000000000000000000000000000000000000000000000000000000000000000000000000000000000000000000000000000000000000000000
	000000000000000000000000000000000000000000000000000000000000000000000000000000000000000000000000000000000000000000000000000000000000000000000000000000000000000000000000000000000000000000260E000046FA00000000000000000000000000000000000000000000000000000000
	00000000000000000000000000000000000000000000000000000000000000000000000000000000000000000000000000000000000000000000000000000000000000000000000000000000000000000000000000000000000000000000000000000000000000000000000000000000000000000000000000000000000000
	000000280D0000CEB100004000810040000102000000020020000020204000200040800000008000000000101000001010200000002040000000400800000008080000000810000000102004000020040000000004000000040800020008100200001000000000000200000102040001000408000000080000000000810000
	00810200000002040000000400400000004080004000810040000102000000020020000000204000280D000046FA000000000000000000000000000000000000000000000000000000000000000000000000000000000000000000000000000000000000000000000000000000000000000000000000000000000000000000
	0000000000000000000000000000000000000000000000000000000000000000000000000000000000000000000000000000000000000000000000000000000000000000000000000000000000280D0000E7810000000000000000000000000000000000000000000000000000000000000000000000000000000000000000
	00000000000000000000000000000000000000000000000000000000000000000000000000000000000000000000000000000000000000000000000000000000000000000000000000000000000000000000000000000000000000000000000000000000000000000000000000000000000000000000000000000000000000
	00000000000000000000000000000000000000000000000000000000000000000000000000000000000000000000000000000000000000000000000000000000000000000000000000000000000000000000000000000000000000000000000000000000000000000000000000000000000000000000000000000000000000
	00000000000000004D0C0000E7810000000000000000000000000000000000000000000000000000000000000000000000000000000000000000000000000000000000000000000000000000000000000000000000000000000000000000000000000000000000000000000000000000000000000000000000000000000000
	00000000000000000000000000000000000000000000000000000000000000000000000000000000000000000000000000000000000000000000000000000000000000000000000000000000000000000000000000000000000000000000000000000000000000000000000000000000000000000000000000000000000000
	0000000000000000000000000000000000000000000000000000000000000000000000000000000000000000000000000000000000000000000000000000000000004D0C0000905E00000000000000000001000000010000000000000000000000000000000000000000000000000000000000000000000000000000000000
	00000000000000000000000000000000000000000000000000000000000000000000000000000000000000000000000000000000000000000000000000000000000000000000000000000000000000000000000000000000000000000000000000000000000000000000000000000000000000000000000000000000000000
	00000000000000000000000000000000000000000000000000000000000000000000000000000000000000000000000000000000000000000000000000000000000000000000000000000000000000000000000000000000000000000000000000000000000000000000000000000000800000008000000000000000000000
	004E0B000075DD000000000000000000000000000000000000000000000000000000000000000000000000000000000000000000000000000000000000000000000000000000000000000000000000000000000000000000000000000000000000000000000000000000000000000000000000000000000000000000000000
	00000000000000000000000000000000000000000000000000000000000000000000000000000000000000000000000000000000000000000000000000000000000000000000000000000000000000000000000000000000000000000000000000000000000000000000000000000000000000000000000000000000000000
	0000000000000000000000000000000000000000000000000000000000000000000000000000000000000000000000000000000000000000000000000000004E0B000075DD00000000000000000000000000000000000000000000000000000000000000000000000000000000000000000000000000000000000000000000
	00000000000000000000000000000000000000000000000000000000000000000000000000000000000000000000000000000000000000000000000000000000000000000000000000000000000000000000000000000000000000000000000000000000000000000000000000000000000000000000000000000000000000
	00000000000000000000000000000000000000000000000000000000000000000000000000000000000000000000000000000000000000000000000000000000000000000000000000000000000000000000000000000000000000000000000000000000000000000000000000000000000000000000000000000000004E0B
	00005D19000000000000000000000000000000000000000000000000000000000000000000000000000000000000000000000000000000000000000000000000000000000000000000000000000000000000000000000000000000000000000000000000000000000000000000000000000000000000000000000000000000
	00000000000000000000000000000000000000000000000000000000000000000000000000000000000000000000000000000000000000000000000000000000000000000000000000000000000000000000000000000000000000000000000000000000000000000000000000000000000000000000000000000000000000
	00000000000000000000000000000000000000000000000000000000000000000000000000000000000000000000000000000000000000004D0000006F330000000000000000000100000000000000000000000000000000000000000000000000000000000000000000000000000000000000000000000000000000000000
	00000000000000000000000000000000000000000000000000000000000000000000000000000000000000000000000000000000000000000000000000000000000000000000000000000000000000000000000000000000000000000000000000000000000000000000000000000000000000000000000000000000000000
	0000000000000000000000000000000000000000000000000000000000000000000000000000000000000000000000000000000000000000000000000000000000000000000000000000000000000000000000000000000000000000000000000000000000008000000000000000000000004D0000005D1900000000000000
	00000000000000000000000000000000000000000000000000000000000000000000000000000000000000000000000000000000000000000000000000000000000000000000000000000000000000000000000000000000000000000000000000000000000000000000000000000000000000000000000000000000000000
	00000000000000000000000000000000000000000000000000000000000000000000000000000000000000000000000000000000000000000000000000000000000000000000000000000000000000000000000000000000000000000000000000000000000000000000000000000000000000000000000000000000000000
	0000000000000000000000000000000000000000000000000000000000000000000000000000000000000000004D000000F8C700000000000000000000000000010000000000000000000000000000000000000000000000000000000000000000000000000000000000000000000000000000000000000000000000000000
	00000000000000000000000000000000000000000000000000000000000000000000000000000000000000000000000000000000000000000000000000000000000000000000000000000000000000000000000000000000000000000000000000000000000000000000000000000000000000000000000000000000000000
	000000000000000000000000000000000000000000000000000000000000000000000000000000000000000000000000000000000000000000000000000000000000000000000000000000000000000000000000000000800000000000000000000000000000004D000000CEAE000000000000000000000000000000000000
	00000000000000000000000000000000000000000000000000000000000000000000000000000000000000000000000000000000000000000000000000000000000000000000000000000000000000000000000000000000000000000000000000000000000000000000000000000000000000000000000000000000000000
	00000000000000000000000000000000000000000000000000000000000000000000000000000000000000000000000000000000000000000000000000000000000000000000000000000000000000000000000000000000000000000000000000000000000000000000000000000000000000000000000000000000000000
	00000000000000000000000000000000000000000000000000000000000000000000000000004E050000CEAE0000000000000000000000000000000000000000000000000000000000000000000000000000000000000000000000000000000000000000000000000000000000000000000000000000000000000000000000
	00000000000000000000000000000000000000000000000000000000000000000000000000000000000000000000000000000000000000000000000000000000000000000000000000000000000000000000000000000000000000000000000000000000000000000000000000000000000000000000000000000000000000
	000000000000000000000000000000000000000000000000000000000000000000000000000000000000000000000000000000000000000000000000000000000000000000000000000000000000000000000000000000000000000000000000000000004E05000088EE000000000000000000000000000000000000000000
	00000000000000000000000000000000000000000000000000000000000000000000000000000000000000000000000000000000000000000000000000000000000000000000000000000000000000000000000000000000000000000000000000000000000000000000000000000000000000000000000000000000000000
	00000000000000000000000000000000000000000000000000000000000000000000000000000000000000000000000000000000000000000000000000000000000000000000000000000000000000000000000000000000000000000000000000000000000000000000000000000000000000000000000000000000000000
	00000000000000000000000000000000000000000000004B06000088EE0000000000000000000000000000000000000000000000000000000000000000000000000000000000000000000000000000000000000000000000000000000000000000000000000000000000000000000000000000000000000000000000000000
	00000000000000000000000000000000000000000000000000000000000000000000000000000000000000000000000000000000000000000000000000000000000000000000000000000000000000000000000000000000000000000000000000000000000000000000000000000000000000000000000000000000000000
	000000000000000000000000000000000000000000000000000000000000000000000000000000000000000000000000000000000000000000000000000000000000000000000000004B06000088EE000000000000000000000000000000000000000000000000000000000000000000000000000000000000000000000000
	00000000000000000000000000000000000000000000000000000000000000000000000000000000000000000000000000000000000000000000000000000000000000000000000000000000000000000000000000000000000000000000000000000000000000000000000000000000000000000000000000000000000000
	0000000000000000000000000000000000000000000000000000000000000000000000000000000000000000000000000000000000000000000000000000000000000000000000000000000000000000000000000000000000000000000000000000000000000000000000000000000000000000000000000000004B060000
	7BAB0000000000000000000000000000000000000000000000000000000000000000000000000000000000000000000000000000000000000000000000000000000000000000000000000000000000000000000000000000000000000000000000000000000000000000000000000000000000000000000000000000000000
	00000000000000000000000000000000000000000000000000000000000000000000000000000000000000000000000000000000000000000000000000000000000000000000000000000000000000000000000000000000000000000000000000000000000000000000000000000000000000000000000000000000000000
	00000000000000000000000000000000000000000000000000000000000000000000480100007FC2000000000000000000000000000000000000000000000000000000000000000000000000000000000000000000000000000000000000000000000000000000000000000000000000000000000000000000000000000000
	00000000000000000000000000000000000000000000000000000000000000000000000000000000000000000000000000000000000000000000000000000000000000000000000000000000000000000000000000000000000000000000000000000000000000000000000000000000000000000000000000000000000000
	0000000000000000000000000000000000000000000000000000000000000000000000000000000000000000000000000000000000000000000000000000000000000000000000000000000000000000000000000000000000000000000000000000000000000000500F0000F0EE0000000000000000000100000001000000
	00000000000000000000000000000000000000000000000000000000000000000000000000000000000000000000000000000000000000000000000000000000000000000000000000000000000000000000000000000000000000000000000000000000000000000000000000000000000000000000000000000000000000
	00000000000000000000000000000000000000000000000000000000000000000000000000000000000000000000000000000000000000000000000000000000000000000000000000000000000000000000000000000000000000000000000000000000000000000000000000000000000000000000000000000000000000
	0000000000000000000000000000000000000000000000000000000000000080000000800000000000000000000000500F00007FC20000000000000000000000000000000000000000000000000000000000000000000000000000000000000000000000000000000000000000000000000000000000000000000000000000
	00000000000000000000000000000000000000000000000000000000000000000000000000000000000000000000000000000000000000000000000000000000000000000000000000000000000000000000000000000000000000000000000000000000000000000000000000000000000000000000000000000000000000
	000000000000000000000000000000000000000000000000000000000000000000000000000000000000000000000000000000000000000000000000000000000000000000000000000000000000000000000000000000000000000000000000000000000000000000000000000000000000000000500F00009B3900000000
	00000000000000000000000000000000000000000000000000000000000000000000000000000000000000000000000000000000000000000000000000000000000000000000000000000000000000000000000000000000000000000000000000000000000000000000000000000000000000000000000000000000000000
	00000000000000000000000000000000000000000000000000000000000000000000000000000000000000000000000000000000000000000000000000000000000000000000000000000000000000000000000000000000000000000000000000000000000000000000000000000000000000000000000000000000000000
	000000000000000000000000000000000000000000000000000000000000000000000000000000004B1000009B39000000000000000000000000000000000000000000000000000000000000000000000000000000000000000000000000000000000000000000000000000000000000000000000000000000000000000000
	00000000000000000000000000000000000000000000000000000000000000000000000000000000000000000000000000000000000000000000000000000000000000000000000000000000000000000000000000000000000000000000000000000000000000000000000000000000000000000000000000000000000000
	0000000000000000000000000000000000000000000000000000000000000000000000000000000000000000000000000000000000000000000000000000000000000000000000000000000000000000000000000000000000004B1000005E6800000000000000000001000000000000000000000000000000000000000000
	00000000000000000000000000000000000000000000000000000000000000000000000000000000000000000000000000000000000000000000000000000000000000000000000000000000000000000000000000000000000000000000000000000000000000000000000000000000000000000000000000000000000000
	00000000000000000000000000000000000000000000000000000000000000000000000000000000000000000000000000000000000000000000000000000000000000000000000000000000000000000000000000000000000000000000000000000000000000000000000000000000000000000000000000000000000000
	000000000000000000000000004B1000000F79000000000000000000000000000000000000000000000000000000000000000000000000000000000000000000000000000000000000000000000000000000000000000000000000000000000000000000000000000000000000000000000000000000000000000000000000
	000000000000000000000000000000000000000000000000000000000000000000000000000000000000000000000000000028070000CE790000000000000000000000000001000000000000000000000000000000000000000000000000000000000000000000000000000000000000000000000000000000000000000000
	00000000000000000000000000000000000000000000000000000000000000000000000000000000000000000000000000000000000000000000000000000000000000000000000000000000000000000000000000000028070000E007000000FFFF06FFFF0082FF00807800807FFC807FFF867FFF8042FF80403880403FFC
	403FFFC63FFFC022FFC02018C0201FFC201FFFE61FFFE012FFE01008E0100FFC100FFFF60FFFF00BFFF00801F00807FC0807FFFE07FFF8037FF80405780403F80403FFFE03FFFC077FFC02017C0201FA0201FFFC01FFFE077FFE01037E0100F80100FFFD00FFFF067FFF00837F00807900807FFC0000000627080000483200
	00000000000000000001000000000000000000800000000000000000400000000000000000000000000080000000000000000040000000000000000000000000208000000000000000004000000000000000002000000000000000000000000000400000100000000000200000000000000000100000000000000000000000
	00002000000000000008001000000000000000000800000000000000000000000000100000000000000000080004000000000000040000000000000000000000000008000000000000000004000000000002000002000000000000000000000000000400000000000000000200000000000000000101000000000000000000
	000000020000000000000000010000000000000000008000000000000000000000000001000000000000000000800000000000000000400000000000000000500A0000567E00000000000000008000000000000080004000000000800040000000000000400000000000204000200000000000002000000000000020001010
	00000000001000000000000010000800000000080008000000000000080004000000000000040004000000000400020000000000000200000000000202000100000000000001000000000000010000810000000080008000000000000080004000000000280900009C50000000004000000000200100000000000000000020
	00008000100000000000000000004010000000000800000000002000000000080000000004001000000000000080000400000800020000000040000000000402000000000120000000000200000000010010000000000000000001000008000080000000000000000004008000000000400000000002000000000040000000
	0020010000000000000028020000F48C000000000000000000000000000000000000000000000000000000000000000000000000000000000000000000000000000000000000000000000000000000000000000000000000000000000000000000000000000000000000000000000000000000000000000000000000000000
	0000000000000000000000000000000000000000000000000000000000000000000000000000000000000027030000A702000000000000000000000000000000000000000000000000000000000000000000000000000000000000000000000000000000000000000000000000000000000000000000000000000000000000
	000000000000000000000000000000000000000000000000000000000000000000000000000000000000000000000000000000000000000000000000000000000000000025040000A7020000000000000000000000000000000000000000000000000000000000000000000000000000000000000000000000000000000000
	000000000000000000000000000000000000000000000000000000000000000000000000000000000000000000000000000000000000000000000000000000000000000000000000000000000000000000000000000000000000000000250400000D4A00000000000000000001000000010000000000000000000000000000
	0000000000000000000000000000000000000000000000000000000000000000000000000000000000000000000000000000000000000000000000000000000000000000000000000000000000000000000000000000000000000000000000000000000000000000000080000000800000000000000000000000260E0000AE
	26000000000000000000000000000000000000000000000000000000000000000000000000000000000000000000000000000000000000000000000000000000000000000000000000000000000000000000000000000000000000000000000000000000000000000000000000000000000000000000000000000000000000
	000000000000000000000000000000000000000000000000260E000046FA00000000000000000000000000000000000000000000000000000000000000000000000000000000000000000000000000000000000000000000000000000000000000000000000000000000000000000000000000000000000000000000000000
	00000000000000000000000000000000000000000000000000000000000000000000000000000000000000000000000000000000000000000000000000280D0000CEB1000040008100400001020000000200200000202040002000408000000080000000001010000010102000000020400000004008000000080800000008
	1000000010200400002004000000000400000004080002000810020000100000000000020000010204000100040800000008000000000081000000810200000002040000000400400000004080004000810040000102000000020020000000204000280D0000EAD70000000000000000000100000000000000000000000000
	00000000000000000000000000000000000000000000000000000000000000000000000000000000000000000000000000000000000000000000000000000000000000000000000000000000000000000000000000000000000000000000000000000000000000000000000000000000000000000000000000000080000000
	0000000000000000280D0000E7810000000000000000000000000000000000000000000000000000000000000000000000000000000000000000000000000000000000000000000000000000000000000000000000000000000000000000000000000000000000000000000000000000000000000000000000000000000000
	00000000000000000000000000000000000000000000000000000000000000000000000000000000000000000000000000000000000000000000000000000000000000000000000000000000000000000000000000000000000000000000000000000000000000000000000000000000000000000000000000000000000000
	0000000000000000000000000000000000000000000000000000000000000000000000000000000000000000000000000000000000000000000000000000000000004D0C0000425F00000000000000000000000000010000000000000000000000000000000000000000000000000000000000000000000000000000000000
	00000000000000000000000000000000000000000000000000000000000000000000000000000000000000000000000000000000000000000000000000000000000000000000000000000000000000000000000000000000000000000000000000000000000000000000000000000000000000000000000000000000000000
	000000000000000000000000000000000000000000000000000000000000000000000000000000000000000000000000000000000000000000000000000000000000000000000000000000000000000000000000000000000000000000000000000000000000000000000000800000000000000000000000000000004D0C00
	0075DD00000000000000000000000000000000000000000000000000000000000000000000000000000000000000000000000000000000000000000000000000000000000000000000000000000000000000000000000000000000000000000000000000000000000000000000000000000000000000000000000000000000
	00000000000000000000000000000000000000000000000000000000000000000000000000000000000000000000000000000000000000000000000000000000000000000000000000000000000000000000000000000000000000000000000000000000000000000000000000000000000000000000000000000000000000
	00000000000000000000000000000000000000000000000000000000000000000000000000000000000000000000000000000000000000000000004E0B000075DD0000000000000000000000000000000000000000000000000000000000000000000000000000000000000000000000000000000000000000000000000000
	00000000000000000000000000000000000000000000000000000000000000000000000000000000000000000000000000000000000000000000000000000000000000000000000000000000000000000000000000000000000000000000000000000000000000000000000000000000000000000000000000000000000000
	000000000000000000000000000000000000000000000000000000000000000000000000000000000000000000000000000000000000000000000000000000000000000000000000000000000000000000000000000000000000000000000000000000000000000000000000000000000000000000000000004E0B000075DD
	00000000000000000000000000000000000000000000000000000000000000000000000000000000000000000000000000000000000000000000000000000000000000000000000000000000000000000000000000000000000000000000000000000000000000000000000000000000000000000000000000000000000000
	00000000000000000000000000000000000000000000000000000000000000000000000000000000000000000000000000000000000000000000000000000000000000000000000000000000000000000000000000000000000000000000000000000000000000000000000000000000000000000000000000000000000000
	00000000000000000000000000000000000000000000000000000000000000000000000000000000000000000000000000000000000000004E0B00005D190000000000000000000000000000000000000000000000000000000000000000000000000000000000000000000000000000000000000000000000000000000000
	00000000000000000000000000000000000000000000000000000000000000000000000000000000000000000000000000000000000000000000000000000000000000000000000000000000000000000000000000000000000000000000000000000000000000000000000000000000000000000000000000000000000000
	0000000000000000000000000000000000000000000000000000000000000000000000000000000000000000000000000000000000000000000000000000000000000000000000000000000000000000000000000000000000000000000000000000000000000000000000000000000000004D0000005D1900000000000000
	00000000000000000000000000000000000000000000000000000000000000000000000000000000000000000000000000000000000000000000000000000000000000000000000000000000000000000000000000000000000000000000000000000000000000000000000000000000000000000000000000000000000000
	00000000000000000000000000000000000000000000000000000000000000000000000000000000000000000000000000000000000000000000000000000000000000000000000000000000000000000000000000000000000000000000000000000000000000000000000000000000000000000000000000000000000000
	0000000000000000000000000000000000000000000000000000000000000000000000000000000000000000004D0000005D1900000000000000000000000000000000000000000000000000000000000000000000000000000000000000000000000000000000000000000000000000000000000000000000000000000000
	00000000000000000000000000000000000000000000000000000000000000000000000000000000000000000000000000000000000000000000000000000000000000000000000000000000000000000000000000000000000000000000000000000000000000000000000000000000000000000000000000000000000000
	000000000000000000000000000000000000000000000000000000000000000000000000000000000000000000000000000000000000000000000000000000000000000000000000000000000000000000000000000000000000000000000000000000000000004D0000005D19000000000000000000000000000000000000
	00000000000000000000000000000000000000000000000000000000000000000000000000000000000000000000000000000000000000000000000000000000000000000000000000000000000000000000000000000000000000000000000000000000000000000000000000000000000000000000000000000000000000
	00000000000000000000000000000000000000000000000000000000000000000000000000000000000000000000000000000000000000000000000000000000000000000000000000000000000000000000000000000000000000000000000000000000000000000000000000000000000000000000000000000000000000
	000000000000000000000000000000000000000000000000000000000000000000004D0000002B2D000000000000000000010000000100000000000000000000000000000000000000000000000000000000000000000000000000000000000000000000000000000000000000000000000000000000000000000000000000
	00000000000000000000000000000000000000000000000000000000000000000000000000000000000000000000000000000000000000000000000000000000000000000000000000000000000000000000000000000000000000000000000000000000000000000000000000000000000000000000000000000000000000
	0000000000000000000000000000000000000000000000000000000000000000000000000000000000000000000000000000000000000000000000000000000000000000000000000000000000000000800000008000000000000000000000004E050000CEAE00000000000000000000000000000000000000000000000000
	00000000000000000000000000000000000000000000000000000000000000000000000000000000000000000000000000000000000000000000000000000000000000000000000000000000000000000000000000000000000000000000000000000000000000000000000000000000000000000000000000000000000000
	00000000000000000000000000000000000000000000000000000000000000000000000000000000000000000000000000000000000000000000000000000000000000000000000000000000000000000000000000000000000000000000000000000000000000000000000000000000000000000000000000000000000000
	000000000000000000000000000000000000000000000000000000000000004E05000088EE000000000000000000000000000000000000000000000000000000000000000000000000000000000000000000000000000000000000000000000000000000000000000000000000000000000000000000000000000000000000
	00000000000000000000000000000000000000000000000000000000000000000000000000000000000000000000000000000000000000000000000000000000000000000000000000000000000000000000000000000000000000000000000000000000000000000000000000000000000000000000000000000000000000
	0000000000000000000000000000000000000000000000000000000000000000000000000000000000000000000000000000000000000000000000000000000000000000000000000000000000000000004B06000088EE00000000000000000000000000000000000000000000000000000000000000000000000000000000
	00000000000000000000000000000000000000000000000000000000000000000000000000000000000000000000000000000000000000000000000000000000000000000000000000000000000000000000000000000000000000000000000000000000000000000000000000000000000000000000000000000000000000
	00000000000000000000000000000000000000000000000000000000000000000000000000000000000000000000000000000000000000000000000000000000000000000000000000000000000000000000000000000000000000000000000000000000000000000000000000000000000000000000000000000000000000
	000000004B0600005E27000000000000000000000000000000000000000000000000000000000000000000000000000000000000000000000000000000000000000000000000000000000000000000000000000000000000000000000000000000000000000000000000000000000000000000000000000000000000000000
	00000000000000000000000000000000000000000000000000000000000000000000000000000000000000000000000000000000000000000000000000000000000000000000000000000000000000000000000000000000000000000000000000000000000000000000000000000000000000000000000000000000000000
	0000000000000000000000000000000000000000000000000000000000000000000000000000000000008000000000000000000000004B0600007BAB00000000000000000000000000000000000000000000000000000000000000000000000000000000000000000000000000000000000000000000000000000000000000
	00000000000000000000000000000000000000000000000000000000000000000000000000000000000000000000000000000000000000000000000000000000000000000000000000000000000000000000000000000000000000000000000000000000000000000000000000000000000000000000000000000000000000
	00000000000000000000000000000000000000000000000000000000000000000000000000000000000000000000000000000000000000000000000000000000000000000000000000000000000000000000000000000000000000004801000027020000000000000000000000000000000000000000000000000000000000
	00000000000000000000000000000000000000000000000000000000000000000000000000000000000000000000000000000000000000000000000000000000000000000000000000000000000000000000000000000000000000000000000000000000000000000000000000000000000000000000000000000000000000
	00000000000000000000000000000000000000000000000000000000000000000000000000000000000000000000000000000000000000000000000000000000000000000000000000000000000000000000000000000000000000000000000000000000000000000000000000000000000000000000000000000000000000
	0000000000000000000000000000000000000080000000000000000000000000000000500F00007FC20000000000000000000000000000000000000000000000000000000000000000000000000000000000000000000000000000000000000000000000000000000000000000000000000000000000000000000000000000
	00000000000000000000000000000000000000000000000000000000000000000000000000000000000000000000000000000000000000000000000000000000000000000000000000000000000000000000000000000000000000000000000000000000000000000000000000000000000000000000000000000000000000
	000000000000000000000000000000000000000000000000000000000000000000000000000000000000000000000000000000000000000000000000000000000000000000000000000000000000000000000000000000000000000000000000000000000000000000500F00007FC200000000000000000000000000000000
	00000000000000000000000000000000000000000000000000000000000000000000000000000000000000000000000000000000000000000000000000000000000000000000000000000000000000000000000000000000000000000000000000000000000000000000000000000000000000000000000000000000000000
	00000000000000000000000000000000000000000000000000000000000000000000000000000000000000000000000000000000000000000000000000000000000000000000000000000000000000000000000000000000000000000000000000000000000000000000000000000000000000000000000000000000000000
	000000000000000000000000000000000000000000000000000000000000000000000000000000000000000000000000500F00005A3900000000000000000000000000010000000000000000000000000000000000000000000000000000000000000000000000000000000000000000000000000000000000000000000000
	00000000000000000000000000000000000000000000000000000000000000000000000000000000000000000000000000000000000000000000000000000000000000000000000000000000000000000000000000000000000000000000000000000000000000000000000000000000000000000000000000000000000000
	00000000000000000000000000000000000000000000000000000000000000000000000000000000000000000000000000000000000000000000000000000000000000000000000000000000000000000000000000000000000000000000000000004B1000009B390000000000000000000000000000000000000000000000
	00000000000000000000000000000000000000000000000000000000000000000000000000000000000000000000000000000000000000000000000000000000000000000000000000000000000000000000000000000000000000000000000000000000000000000000000000000000000000000000000000000000000000
	00000000000000000000000000000000000000000000000000000000000000000000000000000000000000000000000000000000000000000000000000000000000000000000000000000000000000000000000000000000000000000000000000000000000000000000000000000000000000000000000000000000000000
	0000000000000000000000000000000000000000004B1000009B3900000000000000000000000000000000000000000000000000000000000000000000000000000000000000000000000000000000000000000000000000000000000000000000000000000000000000000000000000000000000000000000000000000000
	00000000000000000000000000000000000000000000000000000000000000000000000000000000000000000000000000000000000000000000000000000000000000000000000000000000000000000000000000000000000000000000000000000000000000000000000000000000000000000000000000000000000000
	00000000000000000000000000000000000000000000000000000000000000000000000000000000000000000000000000000000000000000000000000000000000000000000004B1000000F790000000000000000000000000000000000000000000000000000000000000000000000000000000000000000000000000000
	000000000000000000000000000000000000000000000000000000000000000000000000000000000000000000000000000000000000000000000000000000000000000000000000000000000000000000000000000000000000000000000000000000000000000000000000280700000F7900000000000000000000000000
	00000000000000000000000000000000000000000000000000000000000000000000000000000000000000000000000000000000000000000000000000000000000000000000000000000000000000000000000000000000000000000000000000000000000000000000000000000000000000000000000000000000000000
	00000000000000000000000000000000000028070000ABEA000000FFFF06FFFF0083FF00807900807FFC807FFF867FFF8042FF80403880403FFC403FFFC63FFFC022FFC02018C0201FFC201FFFE61FFFE012FFE01008E0100FFC100FFFF60FFFF00BFFF00801F00807FC0807FFFE07FFF8037FF80405780403F80403FFFE03
	FFFC077FFC02017C0201FA0201FFFC01FFFE077FFE01037E0100F80100FFFD00FFFF06FFFF0083FF00807900807FFC0000000627080000483200000000000000000000010000000000000000008000000000000000004000000000000000000000000000800000000000000000400000000000000000000000002080000000
	00000000004000000000000000002000000000000000000000000000400000100000000000200000000000000000100000000000000000000000000020000000000000080010000000000000000008000000000000000000000000001000000000000000000800040000000000000400000000000000000000000000080000
	00000000000004000000000002000002000000000000000000000000000400000000000000000200000000000000000101000000000000000000000000020000000000000000010000000000000000008000000000000000000000000001000000000000000000800000000000000000400000000000000000500A00007816
	00000000000000008000000000000080004000000000800040000000000000400000000000204000200000000000002000000000000020001010000000000010000000000000100008000000000800080000000000000800040000000000000400040000000004000200000000000002000000000002020001000000000000
	01000000000000010000810000000000008000000000000080004000000000280900009C50000000004000000000200100000000000000000020000080001000000000000000000040100000000008000000000020000000000800000000040010000000000000800004000008000200000000400000000004020000000001
	20000000000200000000010010000000000000000001000008000080000000000000000004008000000000400000000002000000000040000000002001000000000000002802000031DD0000000000000000000100000000000000000000000000000000000000000000000000000000000000000000000000000000000000
	000000000000000000000000000000000000000000000000000000000000000000000000000000000000000000000000000000000000000000000000000000000000000000000000000000000000000000000000000000000000000000000000000000000027030000A7020000000000000000000000000000000000000000
	00000000000000000000000000000000000000000000000000000000000000000000000000000000000000000000000000000000000000000000000000000000000000000000000000000000000000000000000000000000000000000000000000000000000000000000000000000000000000000000000000000000000025
	04000066020000000000000000000000000001000000000000000000000000000000000000000000000000000000000000000000000000000000000000000000000000000000000000000000000000000000000000000000000000000000000000000000000000000000000000000000000000000000000000000000000000
	00000000000000000000000000000000000000000000000025040000AE2600000000000000000000000000000000000000000000000000000000000000000000000000000000000000000000000000000000000000000000000000000000000000000000000000000000000000000000000000000000000000000000000000
	0000000000000000000000000000000000000000000000000000000000000000000000000000000000000000000000000000000000260E0000AE260000000000000000000000000000000000000000000000000000000000000000000000000000000000000000000000000000000000000000000000000000000000000000
	00000000000000000000000000000000000000000000000000000000000000000000000000000000000000000000000000000000000000000000000000000000000000000000000000000000000000000000260E00006892000000000000000000000000000000000000000000000000000000000000000000000000000000
	0000000000000000000000000000000000000000000000000000000000000000000000000000000000000000000000000000000000000000000000000000000000000000000000000000000000000000000000000000000000000000000000000000000000000080000000000000000000000000000000280D0000CEB10000
	40008100400001020000000200200000202040002000408000000080000000001010000010102000000020400000004008000000080800000008100000001020040000200400000000040000000408000200081002000010000000000002000001020400010004080000000800000000008100000081020000000204000000
	0400400000004080004000810040000102000000020020000000204000280D000046FA0000000000000000000000000000000000000000000000000000000000000000000000000000000000000000000000000000000000000000000000000000000000000000000000000000000000000000000000000000000000000000
	000000000000000000000000000000000000000000000000000000000000000000000000000000000000000000000000000000000000000000000000000000000000280D0000E78100000000000000000000000000000000000000000000000000000000000000000000000000000000000000000000000000000000000000
	00000000000000000000000000000000000000000000000000000000000000000000000000000000000000000000000000000000000000000000000000000000000000000000000000000000000000000000000000000000000000000000000000000000000000000000000000000000000000000000000000000000000000
	000000000000000000000000000000000000000000000000000000000000000000000000000000000000000000000000000000000000000000000000000000000000000000000000000000000000000000000000000000000000000000000000000000000000000000000000000000000000000000000000000000004D0C00
	00E78100000000000000000000000000000000000000000000000000000000000000000000000000000000000000000000000000000000000000000000000000000000000000000000000000000000000000000000000000000000000000000000000000000000000000000000000000000000000000000000000000000000
	00000000000000000000000000000000000000000000000000000000000000000000000000000000000000000000000000000000000000000000000000000000000000000000000000000000000000000000000000000000000000000000000000000000000000000000000000000000000000000000000000000000000000
	000000000000000000000000000000000000000000000000000000000000000000000000000000000000000000000000000000000000004D0C0000905E000000000000000000010000000100000000000000000000000000000000000000000000000000000000000000000000000000000000000000000000000000000000
	00000000000000000000000000000000000000000000000000000000000000000000000000000000000000000000000000000000000000000000000000000000000000000000000000000000000000000000000000000000000000000000000000000000000000000000000000000000000000000000000000000000000000
	0000000000000000000000000000000000000000000000000000000000000000000000000000000000000000000000000000000000000000000000000000000000000000000000000000000000000000000000000000000000000000000000000000000000800000008000000000000000000000004E0B000075DD00000000
	00000000000000000000000000000000000000000000000000000000000000000000000000000000000000000000000000000000000000000000000000000000000000000000000000000000000000000000000000000000000000000000000000000000000000000000000000000000000000000000000000000000000000
	00000000000000000000000000000000000000000000000000000000000000000000000000000000000000000000000000000000000000000000000000000000000000000000000000000000000000000000000000000000000000000000000000000000000000000000000000000000000000000000000000000000000000
	000000000000000000000000000000000000000000000000000000000000000000000000000000000000000000000000000000004E0B000075DD000000000000000000000000000000000000000000000000000000000000000000000000000000000000000000000000000000000000000000000000000000000000000000
	00000000000000000000000000000000000000000000000000000000000000000000000000000000000000000000000000000000000000000000000000000000000000000000000000000000000000000000000000000000000000000000000000000000000000000000000000000000000000000000000000000000000000
	0000000000000000000000000000000000000000000000000000000000000000000000000000000000000000000000000000000000000000000000000000000000000000000000000000000000000000000000000000000000000000000000000000000000000000000000000000000000004E0B00005D1900000000000000
	00000000000000000000000000000000000000000000000000000000000000000000000000000000000000000000000000000000000000000000000000000000000000000000000000000000000000000000000000000000000000000000000000000000000000000000000000000000000000000000000000000000000000
	00000000000000000000000000000000000000000000000000000000000000000000000000000000000000000000000000000000000000000000000000000000000000000000000000000000000000000000000000000000000000000000000000000000000000000000000000000000000000000000000000000000000000
	0000000000000000000000000000000000000000000000000000000000000000000000000000000000000000004D0000005D1900000000000000000000000000000000000000000000000000000000000000000000000000000000000000000000000000000000000000000000000000000000000000000000000000000000
	00000000000000000000000000000000000000000000000000000000000000000000000000000000000000000000000000000000000000000000000000000000000000000000000000000000000000000000000000000000000000000000000000000000000000000000000000000000000000000000000000000000000000
	000000000000000000000000000000000000000000000000000000000000000000000000000000000000000000000000000000000000000000000000000000000000000000000000000000000000000000000000000000000000000000000000000000000000004D0000005D19000000000000000000000000000000000000
	00000000000000000000000000000000000000000000000000000000000000000000000000000000000000000000000000000000000000000000000000000000000000000000000000000000000000000000000000000000000000000000000000000000000000000000000000000000000000000000000000000000000000
	00000000000000000000000000000000000000000000000000000000000000000000000000000000000000000000000000000000000000000000000000000000000000000000000000000000000000000000000000000000000000000000000000000000000000000000000000000000000000000000000000000000000000
	000000000000000000000000000000000000000000000000000000000000000000004D0000005D19000000000000000000000000000000000000000000000000000000000000000000000000000000000000000000000000000000000000000000000000000000000000000000000000000000000000000000000000000000
	00000000000000000000000000000000000000000000000000000000000000000000000000000000000000000000000000000000000000000000000000000000000000000000000000000000000000000000000000000000000000000000000000000000000000000000000000000000000000000000000000000000000000
	00000000000000000000000000000000000000000000000000000000000000000000000000000000000000000000000000000000000000000000000000000000000000000000000000000000000000000000000000000000000000004D000000CEAE0000000000000000000000000000000000000000000000000000000000
	00000000000000000000000000000000000000000000000000000000000000000000000000000000000000000000000000000000000000000000000000000000000000000000000000000000000000000000000000000000000000000000000000000000000000000000000000000000000000000000000000000000000000
	00000000000000000000000000000000000000000000000000000000000000000000000000000000000000000000000000000000000000000000000000000000000000000000000000000000000000000000000000000000000000000000000000000000000000000000000000000000000000000000000000000000000000
	0000000000000000000000000000000000000000000000000000004E050000CEAE00000000000000000000000000000000000000000000000000000000000000000000000000000000000000000000000000000000000000000000000000000000000000000000000000000000000000000000000000000000000000000000
	00000000000000000000000000000000000000000000000000000000000000000000000000000000000000000000000000000000000000000000000000000000000000000000000000000000000000000000000000000000000000000000000000000000000000000000000000000000000000000000000000000000000000
	00000000000000000000000000000000000000000000000000000000000000000000000000000000000000000000000000000000000000000000000000000000000000000000000000000000000000000000000000000000004E05000040910000000000000000000000000001000000000000000000000000000000000000
	00000000000000000000000000000000000000000000000000000000000000000000000000000000000000000000000000000000000000000000000000000000000000000000000000000000000000000000000000000000000000000000000000000000000000000000000000000000000000000000000000000000000000
	00000000000000000000000000000000000000000000000000000000000000000000000000000000000000000000000000000000000000000000000000000000000000000000000000000000000000000000000000000000000000000000000000000000000000000000000000000000000000000000000000000080000000
	0000000000000000000000004B06000088EE00000000000000000000000000000000000000000000000000000000000000000000000000000000000000000000000000000000000000000000000000000000000000000000000000000000000000000000000000000000000000000000000000000000000000000000000000
	00000000000000000000000000000000000000000000000000000000000000000000000000000000000000000000000000000000000000000000000000000000000000000000000000000000000000000000000000000000000000000000000000000000000000000000000000000000000000000000000000000000000000
	00000000000000000000000000000000000000000000000000000000000000000000000000000000000000000000000000000000000000000000000000004B06000088EE0000000000000000000000000000000000000000000000000000000000000000000000000000000000000000000000000000000000000000000000
	00000000000000000000000000000000000000000000000000000000000000000000000000000000000000000000000000000000000000000000000000000000000000000000000000000000000000000000000000000000000000000000000000000000000000000000000000000000000000000000000000000000000000
	000000000000000000000000000000000000000000000000000000000000000000000000000000000000000000000000000000000000000000000000000000000000000000000000000000000000000000000000000000000000000000000000000000000000000000000000000000004B0600007BAB000000000000000000
	00000000000000000000000000000000000000000000000000000000000000000000000000000000000000000000000000000000000000000000000000000000000000000000000000000000000000000000000000000000000000000000000000000000000000000000000000000000000000000000000000000000000000
	00000000000000000000000000000000000000000000000000000000000000000000000000000000000000000000000000000000000000000000000000000000000000000000000000000000000000000000000000000000000000000000000000000000000000000000000000000000000000000000000000000000000000
	0000000000000000000000000000000000000000000000480100007FC20000000000000000000000000000000000000000000000000000000000000000000000000000000000000000000000000000000000000000000000000000000000000000000000000000000000000000000000000000000000000000000000000000
	00000000000000000000000000000000000000000000000000000000000000000000000000000000000000000000000000000000000000000000000000000000000000000000000000000000000000000000000000000000000000000000000000000000000000000000000000000000000000000000000000000000000000
	000000000000000000000000000000000000000000000000000000000000000000000000000000000000000000000000000000000000000000000000000000000000000000000000000000000000000000000000000000000000000000500F0000F0EE00000000000000000001000000010000000000000000000000000000
	00000000000000000000000000000000000000000000000000000000000000000000000000000000000000000000000000000000000000000000000000000000000000000000000000000000000000000000000000000000000000000000000000000000000000000000000000000000000000000000000000000000000000
	00000000000000000000000000000000000000000000000000000000000000000000000000000000000000000000000000000000000000000000000000000000000000000000000000000000000000000000000000000000000000000000000000000000000000000000000000000000000000000000000000000000000000
	000000000000000000000000000000000000000080000000800000000000000000000000500F00007FC200000000000000000000000000000000000000000000000000000000000000000000000000000000000000000000000000000000000000000000000000000000000000000000000000000000000000000000000000
	00000000000000000000000000000000000000000000000000000000000000000000000000000000000000000000000000000000000000000000000000000000000000000000000000000000000000000000000000000000000000000000000000000000000000000000000000000000000000000000000000000000000000
	00000000000000000000000000000000000000000000000000000000000000000000000000000000000000000000000000000000000000000000000000000000000000000000000000000000000000000000000000000000000000000000000000000000000000000000500F00009B39000000000000000000000000000000
	00000000000000000000000000000000000000000000000000000000000000000000000000000000000000000000000000000000000000000000000000000000000000000000000000000000000000000000000000000000000000000000000000000000000000000000000000000000000000000000000000000000000000
	00000000000000000000000000000000000000000000000000000000000000000000000000000000000000000000000000000000000000000000000000000000000000000000000000000000000000000000000000000000000000000000000000000000000000000000000000000000000000000000000000000000000000
	00000000000000000000000000000000000000000000000000000000004B1000009B390000000000000000000000000000000000000000000000000000000000000000000000000000000000000000000000000000000000000000000000000000000000000000000000000000000000000000000000000000000000000000
	00000000000000000000000000000000000000000000000000000000000000000000000000000000000000000000000000000000000000000000000000000000000000000000000000000000000000000000000000000000000000000000000000000000000000000000000000000000000000000000000000000000000000
	000000000000000000000000000000000000000000000000000000000000000000000000000000000000000000000000000000000000000000000000000000000000000000000000000000000000004B10000088A1000000000000000000010000000000000000000000000000000000000000000000000000000000000000
	00000000000000000000000000000000000000000000000000000000000000000000000000000000000000000000000000000000000000000000000000000000000000000000000000000000000000000000000000000000000000000000000000000000000000000000000000000000000000000000000000000000000000
	00000000000000000000000000000000000000000000000000000000000000000000000000000000000000000000000000000000000000000000000000000000000000000000000000000000000000000000000000000000000000000000000000000000000000000000000000000000000000000080000000000000000000
	00004B1000000F790000000000000000000000000000000000000000000000000000000000000000000000000000000000000000000000000000000000000000000000000000000000000000000000000000000000000000000000000000000000000000000000000000000000000000000000000000000000000000000000
	00000000000000000000000000000000000000000000000000000000000000000000000000000028070000E01100000000000000000000000000010000000000000000000000000000000000000000000000000000000000000000000000000000000000000000000000000000000000000000000000000000000000000000
	0000000000000000000000000000000000000000000000000000000000000000000000000000000000000000000000000000000000000000000000008000000000000000000000000000000028070000E007000000FFFF06FFFF0082FF00807800807FFC807FFF867FFF8042FF80403880403FFC403FFFC63FFFC022FFC020
	18C0201FFC201FFFE61FFFE012FFE01008E0100FFC100FFFF60FFFF00BFFF00801F00807FC0807FFFE07FFF8037FF80405780403F80403FFFE03FFFC077FFC02017C0201FA0201FFFC01FFFE077FFE01037E0100F80100FFFD00FFFF067FFF00837F00807900807FFC00000006270800004832000000000000000000000100
	00000000000000008000000000000000004000000000000000000000000000800000000000000000400000000000000000000000002080000000000000000040000000000000000020000000000000000000000000004000001000000000002000000000000000001000000000000000000000000000200000000000000800
	10000000000000000008000000000000000000000000001000000000000000000800040000000000000400000000000000000000000000080000000000000000040000000000020000020000000000000000000000000004000000000000000002000000000000000001010000000000000000000000000200000000000000
	00010000000000000000008000000000000000000000000001000000000000000000800000000000000000400000000000000000500A00007816000000000000000080000000000000800040000000008000400000000000004000000000002040002000000000000020000000000000200010100000000000100000000000
	0010000800000000080008000000000000080004000000000000040004000000000400020000000000000200000000000202000100000000000001000000000000010000810000000000008000000000000080004000000000280900009C500000000040000000002001000000000000000000200000800010000000000000
	00000040100000000008000000000020000000000800000000040010000000000000800004000008000200000000400000000004020000000001200000000002000000000100100000000000000000010000080000800000000000000000040080000000004000000000020000000000400000000020010000000000000028
	020000F48C0000000000000000000000000000000000000000000000000000000000000000000000000000000000000000000000000000000000000000000000000000000000000000000000000000000000000000000000000000000000000000000000000000000000000000000000000000000000000000000000000000
	000000000000000000000000000000000000000000000000000000000000000027030000A7020000000000000000000000000000000000000000000000000000000000000000000000000000000000000000000000000000000000000000000000000000000000000000000000000000000000000000000000000000000000
	00000000000000000000000000000000000000000000000000000000000000000000000000000000000000000000000000000000000000000025040000A70200000000000000000000000000000000000000000000000000000000000000000000000000000000000000000000000000000000000000000000000000000000
	00000000000000000000000000000000000000000000000000000000000000000000000000000000000000000000000000000000000000000000000000000000000000000000000000000000000000000000250400000D4A000000000000000000010000000100000000000000000000000000000000000000000000000000
	000000000000000000000000000000000000000000000000000000000000000000000000000000000000000000000000000000000000000000000000000000000000000000000000000000000000000000000000000000000000000000000080000000800000000000000000000000260E0000AE2600000000000000000000
	00000000000000000000000000000000000000000000000000000000000000000000000000000000000000000000000000000000000000000000000000000000000000000000000000000000000000000000000000000000000000000000000000000000000000000000000000000000000000000000000000000000000000
	00000000000000000000000000260E000046FA000000000000000000000000000000000000000000000000000000000000000000000000000000000000000000000000000000000000000000000000000000000000000000000000000000000000000000000000000000000000000000000000000000000000000000000000
	0000000000000000000000000000000000000000000000000000000000000000000000000000000000000000000000000000280D0000CEB10000400081004000010200000002002000002020400020004080000000800000000010100000101020000000204000000040080000000808000000081000000010200400002004
	000000000400000004080002000810020000100000000000020000010204000100040800000008000000000081000000810200000002040000000400400000004080004000810040000102000000020020000000204000280D0000EAD700000000000000000001000000000000000000000000000000000000000000000000
	00000000000000000000000000000000000000000000000000000000000000000000000000000000000000000000000000000000000000000000000000000000000000000000000000000000000000000000000000000000000000000000000000000000000000000000000000000000800000000000000000000000280D00
	00E78100000000000000000000000000000000000000000000000000000000000000000000000000000000000000000000000000000000000000000000000000000000000000000000000000000000000000000000000000000000000000000000000000000000000000000000000000000000000000000000000000000000
	00000000000000000000000000000000000000000000000000000000000000000000000000000000000000000000000000000000000000000000000000000000000000000000000000000000000000000000000000000000000000000000000000000000000000000000000000000000000000000000000000000000000000
	000000000000000000000000000000000000000000000000000000000000000000000000000000000000000000000000000000000000004D0C0000425F000000000000000000000000000100000000000000000000000000000000000000000000000000000000000000000000000000000000000000000000000000000000
	00000000000000000000000000000000000000000000000000000000000000000000000000000000000000000000000000000000000000000000000000000000000000000000000000000000000000000000000000000000000000000000000000000000000000000000000000000000000000000000000000000000000000
	00000000000000000000000000000000000000000000000000000000000000000000000000000000000000000000000000000000000000000000000000000000000000000000000000000000000000000000000000000000000000000000000000800000000000000000000000000000004D0C000075DD0000000000000000
	00000000000000000000000000000000000000000000000000000000000000000000000000000000000000000000000000000000000000000000000000000000000000000000000000000000000000000000000000000000000000000000000000000000000000000000000000000000000000000000000000000000000000
	00000000000000000000000000000000000000000000000000000000000000000000000000000000000000000000000000000000000000000000000000000000000000000000000000000000000000000000000000000000000000000000000000000000000000000000000000000000000000000000000000000000000000
	0000000000000000000000000000000000000000000000000000000000000000000000000000000000000000000000004E0B000075DD00000000000000000000000000000000000000000000000000000000000000000000000000000000000000000000000000000000000000000000000000000000000000000000000000
	00000000000000000000000000000000000000000000000000000000000000000000000000000000000000000000000000000000000000000000000000000000000000000000000000000000000000000000000000000000000000000000000000000000000000000000000000000000000000000000000000000000000000
	00000000000000000000000000000000000000000000000000000000000000000000000000000000000000000000000000000000000000000000000000000000000000000000000000000000000000000000000000000000000000000000000000000000000000000000000000004E0B000075DD0000000000000000000000
	00000000000000000000000000000000000000000000000000000000000000000000000000000000000000000000000000000000000000000000000000000000000000000000000000000000000000000000000000000000000000000000000000000000000000000000000000000000000000000000000000000000000000
	00000000000000000000000000000000000000000000000000000000000000000000000000000000000000000000000000000000000000000000000000000000000000000000000000000000000000000000000000000000000000000000000000000000000000000000000000000000000000000000000000000000000000
	0000000000000000000000000000000000000000000000000000000000000000000000000000000000000000004E0B00005D1900000000000000000000000000000000000000000000000000000000000000000000000000000000000000000000000000000000000000000000000000000000000000000000000000000000
	00000000000000000000000000000000000000000000000000000000000000000000000000000000000000000000000000000000000000000000000000000000000000000000000000000000000000000000000000000000000000000000000000000000000000000000000000000000000000000000000000000000000000
	000000000000000000000000000000000000000000000000000000000000000000000000000000000000000000000000000000000000000000000000000000000000000000000000000000000000000000000000000000000000000000000000000000000000004D0000005D19000000000000000000000000000000000000
	00000000000000000000000000000000000000000000000000000000000000000000000000000000000000000000000000000000000000000000000000000000000000000000000000000000000000000000000000000000000000000000000000000000000000000000000000000000000000000000000000000000000000
	00000000000000000000000000000000000000000000000000000000000000000000000000000000000000000000000000000000000000000000000000000000000000000000000000000000000000000000000000000000000000000000000000000000000000000000000000000000000000000000000000000000000000
	000000000000000000000000000000000000000000000000000000000000000000004D0000005D19000000000000000000000000000000000000000000000000000000000000000000000000000000000000000000000000000000000000000000000000000000000000000000000000000000000000000000000000000000
	00000000000000000000000000000000000000000000000000000000000000000000000000000000000000000000000000000000000000000000000000000000000000000000000000000000000000000000000000000000000000000000000000000000000000000000000000000000000000000000000000000000000000
	00000000000000000000000000000000000000000000000000000000000000000000000000000000000000000000000000000000000000000000000000000000000000000000000000000000000000000000000000000000000000004D0000005D190000000000000000000000000000000000000000000000000000000000
	00000000000000000000000000000000000000000000000000000000000000000000000000000000000000000000000000000000000000000000000000000000000000000000000000000000000000000000000000000000000000000000000000000000000000000000000000000000000000000000000000000000000000
	00000000000000000000000000000000000000000000000000000000000000000000000000000000000000000000000000000000000000000000000000000000000000000000000000000000000000000000000000000000000000000000000000000000000000000000000000000000000000000000000000000000000000
	00000000000000000000000000000000000000000000004D0000002B2D0000000000000000000100000001000000000000000000000000000000000000000000000000000000000000000000000000000000000000000000000000000000000000000000000000000000000000000000000000000000000000000000000000
	00000000000000000000000000000000000000000000000000000000000000000000000000000000000000000000000000000000000000000000000000000000000000000000000000000000000000000000000000000000000000000000000000000000000000000000000000000000000000000000000000000000000000
	000000000000000000000000000000000000000000000000000000000000000000000000000000000000000000000000000000000000000000000000000000000000000000800000008000000000000000000000004E050000CEAE000000000000000000000000000000000000000000000000000000000000000000000000
	00000000000000000000000000000000000000000000000000000000000000000000000000000000000000000000000000000000000000000000000000000000000000000000000000000000000000000000000000000000000000000000000000000000000000000000000000000000000000000000000000000000000000
	00000000000000000000000000000000000000000000000000000000000000000000000000000000000000000000000000000000000000000000000000000000000000000000000000000000000000000000000000000000000000000000000000000000000000000000000000000000000000000000000000000000000000
	00000000000000000000000000000000000000004E05000088EE0000000000000000000000000000000000000000000000000000000000000000000000000000000000000000000000000000000000000000000000000000000000000000000000000000000000000000000000000000000000000000000000000000000000
	00000000000000000000000000000000000000000000000000000000000000000000000000000000000000000000000000000000000000000000000000000000000000000000000000000000000000000000000000000000000000000000000000000000000000000000000000000000000000000000000000000000000000
	000000000000000000000000000000000000000000000000000000000000000000000000000000000000000000000000000000000000000000000000000000000000000000004B06000088EE000000000000000000000000000000000000000000000000000000000000000000000000000000000000000000000000000000
	00000000000000000000000000000000000000000000000000000000000000000000000000000000000000000000000000000000000000000000000000000000000000000000000000000000000000000000000000000000000000000000000000000000000000000000000000000000000000000000000000000000000000
	0000000000000000000000000000000000000000000000000000000000000000000000000000000000000000000000000000000000000000000000000000000000000000000000000000000000000000000000000000000000000000000000000000000000000000000000000000000000000000000000004B0600005E2700
	00000000000000000000000000000000000000000000000000000000000000000000000000000000000000000000000000000000000000000000000000000000000000000000000000000000000000000000000000000000000000000000000000000000000000000000000000000000000000000000000000000000000000
	00000000000000000000000000000000000000000000000000000000000000000000000000000000000000000000000000000000000000000000000000000000000000000000000000000000000000000000000000000000000000000000000000000000000000000000000000000000000000000000000000000000000000
	000000000000000000000000000000000000000000000000000000000000008000000000000000000000004B0600007BAB000000000000000000000000000000000000000000000000000000000000000000000000000000000000000000000000000000000000000000000000000000000000000000000000000000000000
	00000000000000000000000000000000000000000000000000000000000000000000000000000000000000000000000000000000000000000000000000000000000000000000000000000000000000000000000000000000000000000000000000000000000000000000000000000000000000000000000000000000000000
	00000000000000000000000000000000000000000000000000000000000000000000000000000000000000000000000000000000000000000000000000000000000000000000000000000000000000000048010000270200000000000000000000000000000000000000000000000000000000000000000000000000000000
	00000000000000000000000000000000000000000000000000000000000000000000000000000000000000000000000000000000000000000000000000000000000000000000000000000000000000000000000000000000000000000000000000000000000000000000000000000000000000000000000000000000000000
	00000000000000000000000000000000000000000000000000000000000000000000000000000000000000000000000000000000000000000000000000000000000000000000000000000000000000000000000000000000000000000000000000000000000000000000000000000000000000000000000000000000000000
	000000000000000080000000000000000000000000000000500F00007FC200000000000000000000000000000000000000000000000000000000000000000000000000000000000000000000000000000000000000000000000000000000000000000000000000000000000000000000000000000000000000000000000000
	00000000000000000000000000000000000000000000000000000000000000000000000000000000000000000000000000000000000000000000000000000000000000000000000000000000000000000000000000000000000000000000000000000000000000000000000000000000000000000000000000000000000000
	00000000000000000000000000000000000000000000000000000000000000000000000000000000000000000000000000000000000000000000000000000000000000000000000000000000000000000000000000000000000000000000500F00007FC2000000000000000000000000000000000000000000000000000000
	00000000000000000000000000000000000000000000000000000000000000000000000000000000000000000000000000000000000000000000000000000000000000000000000000000000000000000000000000000000000000000000000000000000000000000000000000000000000000000000000000000000000000
	00000000000000000000000000000000000000000000000000000000000000000000000000000000000000000000000000000000000000000000000000000000000000000000000000000000000000000000000000000000000000000000000000000000000000000000000000000000000000000000000000000000000000
	00000000000000000000000000000000000000000000000000000000000000000000000000500F00005A39000000000000000000000000000100000000000000000000000000000000000000000000000000000000000000000000000000000000000000000000000000000000000000000000000000000000000000000000
	00000000000000000000000000000000000000000000000000000000000000000000000000000000000000000000000000000000000000000000000000000000000000000000000000000000000000000000000000000000000000000000000000000000000000000000000000000000000000000000000000000000000000
	0000000000000000000000000000000000000000000000000000000000000000000000000000000000000000000000000000000000000000000000000000000000000000000000000000000000000000000000000000004B1000009B3900000000000000000000000000000000000000000000000000000000000000000000
	00000000000000000000000000000000000000000000000000000000000000000000000000000000000000000000000000000000000000000000000000000000000000000000000000000000000000000000000000000000000000000000000000000000000000000000000000000000000000000000000000000000000000
	00000000000000000000000000000000000000000000000000000000000000000000000000000000000000000000000000000000000000000000000000000000000000000000000000000000000000000000000000000000000000000000000000000000000000000000000000000000000000000000000000000000000000
	000000000000000000004B1000009B39000000000000000000000000000000000000000000000000000000000000000000000000000000000000000000000000000000000000000000000000000000000000000000000000000000000000000000000000000000000000000000000000000000000000000000000000000000
	00000000000000000000000000000000000000000000000000000000000000000000000000000000000000000000000000000000000000000000000000000000000000000000000000000000000000000000000000000000000000000000000000000000000000000000000000000000000000000000000000000000000000
	0000000000000000000000000000000000000000000000000000000000000000000000000000000000000000000000000000000000000000000000004B1000000F7900000000000000000000000000000000000000000000000000000000000000000000000000000000000000000000000000000000000000000000000000
	00000000000000000000000000000000000000000000000000000000000000000000000000000000000000000000000000000000000000000000000000000000000000000000000000000000000000000000000000000000000000000000000000280700000F79000000000000000000000000000000000000000000000000
	00000000000000000000000000000000000000000000000000000000000000000000000000000000000000000000000000000000000000000000000000000000000000000000000000000000000000000000000000000000000000000000000000000000000000000000000000000000000000000000000000000000000000
	0000000000000028070000ABEA000000FFFF06FFFF0083FF00807900807FFC807FFF867FFF8042FF80403880403FFC403FFFC63FFFC022FFC02018C0201FFC201FFFE61FFFE012FFE01008E0100FFC100FFFF60FFFF00BFFF00801F00807FC0807FFFE07FFF8037FF80405780403F80403FFFE03FFFC077FFC02017C0201FA
	0201FFFC01FFFE077FFE01037E0100F80100FFFD00FFFF06FFFF0083FF00807900807FFC00000006270800004832000000000000000000000100000000000000000080000000000000000040000000000000000000000000008000000000000000004000000000000000000000000020800000000000000000400000000000
	00000020000000000000000000000000004000001000000000002000000000000000001000000000000000000000000000200000000000000800100000000000000000080000000000000000000000000010000000000000000008000400000000000004000000000000000000000000000800000000000000000400000000
	0002000002000000000000000000000000000400000000000000000200000000000000000101000000000000000000000000020000000000000000010000000000000000008000000000000000000000000001000000000000000000800000000000000000400000000000000000500A000078160000000000000000800000
	00000000800040000000008000400000000000004000000000002040002000000000000020000000000000200010100000000000100000000000001000080000000008000800000000000008000400000000000004000400000000040002000000000000020000000000020200010000000000000100000000000001000081
	0000000000008000000000000080004000000000280900009C500000000040000000002001000000000000000000200000800010000000000000000000401000000000080000000000200000000008000000000400100000000000008000040000080002000000004000000000040200000000012000000000020000000001
	001000000000000000000100000800008000000000000000000400800000000040000000000200000000004000000000200100000000000000280200001FB500000000000000000001000000000000000000000000000000000000000000000000000000000000000000000000000000000000000000000000000000000000
	00000000000000000000000000000000000000000000000000000000000000000000000000000000000000000000000000000000000000000000000000000000000000000000000000000000000080000000000000000000000027030000A70200000000000000000000000000000000000000000000000000000000000000
	0000000000000000000000000000000000000000000000000000000000000000000000000000000000000000000000000000000000000000000000000000000000000000000000000000000000000000000000000000000000000000000000000000000000000000000000000000000000000025040000BA83000000000000
	00000000000000010000000000000000000000000000000000000000000000000000000000000000000000000000000000000000000000000000000000000000000000000000000000000000000000000000000000000000000000000000000000000000000000000000000000000000000000000000000000000000800000
	0000000000000000000000000025040000AE26000000000000000000000000000000000000000000000000000000000000000000000000000000000000000000000000000000000000000000000000000000000000000000000000000000000000000000000000000000000000000000000000000000000000000000000000
	000000000000000000000000000000000000000000000000000000000000000000000000000000000000260E0000AE2600000000000000000000000000000000000000000000000000000000000000000000000000000000000000000000000000000000000000000000000000000000000000000000000000000000000000
	0000000000000000000000000000000000000000000000000000000000000000000000000000000000000000000000000000000000000000000000000000000000000000000000260E000046FA0000000000000000000000000000000000000000000000000000000000000000000000000000000000000000000000000000
	000000000000000000000000000000000000000000000000000000000000000000000000000000000000000000000000000000000000000000000000000000000000000000000000000000000000000000000000000000000000000000000000000000000000000000000000280D0000CEB100004000810040000102000000
	02002000002020400020004080000000800000000010100000101020000000204000000040080000000808000000081000000010200400002004000000000400000004080002000810020000100000000000020000010204000100040800000008000000000081000000810200000002040000000400400000004080004000
	810040000102000000020020000000204000280D000046FA00000000000000000000000000000000000000000000000000000000000000000000000000000000000000000000000000000000000000000000000000000000000000000000000000000000000000000000000000000000000000000000000000000000000000
	00000000000000000000000000000000000000000000000000000000000000000000000000000000000000000000000000000000000000280D0000E781000000000000000000000000000000000000000000000000000000000000000000000000000000000000000000000000000000000000000000000000000000000000
	00000000000000000000000000000000000000000000000000000000000000000000000000000000000000000000000000000000000000000000000000000000000000000000000000000000000000000000000000000000000000000000000000000000000000000000000000000000000000000000000000000000000000
	00000000000000000000000000000000000000000000000000000000000000000000000000000000000000000000000000000000000000000000000000000000000000000000000000000000000000000000000000000000000000000000000000000000000000000000000000000000004D0C0000E7810000000000000000
	00000000000000000000000000000000000000000000000000000000000000000000000000000000000000000000000000000000000000000000000000000000000000000000000000000000000000000000000000000000000000000000000000000000000000000000000000000000000000000000000000000000000000
	00000000000000000000000000000000000000000000000000000000000000000000000000000000000000000000000000000000000000000000000000000000000000000000000000000000000000000000000000000000000000000000000000000000000000000000000000000000000000000000000000000000000000
	00000000000000000000000000000000000000000000000000000000000000000000000000000000000000004D0C0000905E0000000000000000000100000001000000000000000000000000000000000000000000000000000000000000000000000000000000000000000000000000000000000000000000000000000000
	00000000000000000000000000000000000000000000000000000000000000000000000000000000000000000000000000000000000000000000000000000000000000000000000000000000000000000000000000000000000000000000000000000000000000000000000000000000000000000000000000000000000000
	000000000000000000000000000000000000000000000000000000000000000000000000000000000000000000000000000000000000000000000000000000000000000000000000000000000000000000000000000000000000800000008000000000000000000000004E0B000075DD000000000000000000000000000000
	00000000000000000000000000000000000000000000000000000000000000000000000000000000000000000000000000000000000000000000000000000000000000000000000000000000000000000000000000000000000000000000000000000000000000000000000000000000000000000000000000000000000000
	00000000000000000000000000000000000000000000000000000000000000000000000000000000000000000000000000000000000000000000000000000000000000000000000000000000000000000000000000000000000000000000000000000000000000000000000000000000000000000000000000000000000000
	00000000000000000000000000000000000000000000000000000000000000000000000000000000004E0B000075DD0000000000000000000000000000000000000000000000000000000000000000000000000000000000000000000000000000000000000000000000000000000000000000000000000000000000000000
	00000000000000000000000000000000000000000000000000000000000000000000000000000000000000000000000000000000000000000000000000000000000000000000000000000000000000000000000000000000000000000000000000000000000000000000000000000000000000000000000000000000000000
	000000000000000000000000000000000000000000000000000000000000000000000000000000000000000000000000000000000000000000000000000000000000000000000000000000000000000000000000000000000000000000000000000000000000004E0B00005D19000000000000000000000000000000000000
	00000000000000000000000000000000000000000000000000000000000000000000000000000000000000000000000000000000000000000000000000000000000000000000000000000000000000000000000000000000000000000000000000000000000000000000000000000000000000000000000000000000000000
	00000000000000000000000000000000000000000000000000000000000000000000000000000000000000000000000000000000000000000000000000000000000000000000000000000000000000000000000000000000000000000000000000000000000000000000000000000000000000000000000000000000000000
	000000000000000000000000000000000000000000000000000000000000000000004D0000006F33000000000000000000010000000000000000000000000000000000000000000000000000000000000000000000000000000000000000000000000000000000000000000000000000000000000000000000000000000000
	00000000000000000000000000000000000000000000000000000000000000000000000000000000000000000000000000000000000000000000000000000000000000000000000000000000000000000000000000000000000000000000000000000000000000000000000000000000000000000000000000000000000000
	00000000000000000000000000000000000000000000000000000000000000000000000000000000000000000000000000000000000000000000000000000000000000000000000000000000000000008000000000000000000000004D0000005D190000000000000000000000000000000000000000000000000000000000
	00000000000000000000000000000000000000000000000000000000000000000000000000000000000000000000000000000000000000000000000000000000000000000000000000000000000000000000000000000000000000000000000000000000000000000000000000000000000000000000000000000000000000
	00000000000000000000000000000000000000000000000000000000000000000000000000000000000000000000000000000000000000000000000000000000000000000000000000000000000000000000000000000000000000000000000000000000000000000000000000000000000000000000000000000000000000
	00000000000000000000000000000000000000000000004D000000F8C70000000000000000000000000001000000000000000000000000000000000000000000000000000000000000000000000000000000000000000000000000000000000000000000000000000000000000000000000000000000000000000000000000
	00000000000000000000000000000000000000000000000000000000000000000000000000000000000000000000000000000000000000000000000000000000000000000000000000000000000000000000000000000000000000000000000000000000000000000000000000000000000000000000000000000000000000
	0000000000000000000000000000000000000000000000000000000000000000000000000000000000000000000000000000000000000000000000000000000000800000000000000000000000000000004D000000CEAE00000000000000000000000000000000000000000000000000000000000000000000000000000000
	00000000000000000000000000000000000000000000000000000000000000000000000000000000000000000000000000000000000000000000000000000000000000000000000000000000000000000000000000000000000000000000000000000000000000000000000000000000000000000000000000000000000000
	00000000000000000000000000000000000000000000000000000000000000000000000000000000000000000000000000000000000000000000000000000000000000000000000000000000000000000000000000000000000000000000000000000000000000000000000000000000000000000000000000000000000000
	000000000000000000000000000000004E050000CEAE000000000000000000000000000000000000000000000000000000000000000000000000000000000000000000000000000000000000000000000000000000000000000000000000000000000000000000000000000000000000000000000000000000000000000000
	00000000000000000000000000000000000000000000000000000000000000000000000000000000000000000000000000000000000000000000000000000000000000000000000000000000000000000000000000000000000000000000000000000000000000000000000000000000000000000000000000000000000000
	0000000000000000000000000000000000000000000000000000000000000000000000000000000000000000000000000000000000000000000000000000000000000000000000000000000000004E05000088EE00000000000000000000000000000000000000000000000000000000000000000000000000000000000000
	00000000000000000000000000000000000000000000000000000000000000000000000000000000000000000000000000000000000000000000000000000000000000000000000000000000000000000000000000000000000000000000000000000000000000000000000000000000000000000000000000000000000000
	00000000000000000000000000000000000000000000000000000000000000000000000000000000000000000000000000000000000000000000000000000000000000000000000000000000000000000000000000000000000000000000000000000000000000000000000000000000000000000000000000000000000000
	004B06000088EE000000000000000000000000000000000000000000000000000000000000000000000000000000000000000000000000000000000000000000000000000000000000000000000000000000000000000000000000000000000000000000000000000000000000000000000000000000000000000000000000
	00000000000000000000000000000000000000000000000000000000000000000000000000000000000000000000000000000000000000000000000000000000000000000000000000000000000000000000000000000000000000000000000000000000000000000000000000000000000000000000000000000000000000
	0000000000000000000000000000000000000000000000000000000000000000000000000000000000000000000000000000004B06000088EE00000000000000000000000000000000000000000000000000000000000000000000000000000000000000000000000000000000000000000000000000000000000000000000
	00000000000000000000000000000000000000000000000000000000000000000000000000000000000000000000000000000000000000000000000000000000000000000000000000000000000000000000000000000000000000000000000000000000000000000000000000000000000000000000000000000000000000
	00000000000000000000000000000000000000000000000000000000000000000000000000000000000000000000000000000000000000000000000000000000000000000000000000000000000000000000000000000000000000000000000000000000004B0600007BAB0000000000000000000000000000000000000000
	00000000000000000000000000000000000000000000000000000000000000000000000000000000000000000000000000000000000000000000000000000000000000000000000000000000000000000000000000000000000000000000000000000000000000000000000000000000000000000000000000000000000000
	00000000000000000000000000000000000000000000000000000000000000000000000000000000000000000000000000000000000000000000000000000000000000000000000000000000000000000000000000000000000000000000000000000000000000000000000000000000000000000000000000000000000000
	000000000000000000000000480100007FC200000000000000000000000000000000000000000000000000000000000000000000000000000000000000000000000000000000000000000000000000000000000000000000000000000000000000000000000000000000000000000000000000000000000000000000000000
	00000000000000000000000000000000000000000000000000000000000000000000000000000000000000000000000000000000000000000000000000000000000000000000000000000000000000000000000000000000000000000000000000000000000000000000000000000000000000000000000000000000000000
	00000000000000000000000000000000000000000000000000000000000000000000000000000000000000000000000000000000000000000000000000000000000000000000000000000000000000000000500F0000F0EE000000000000000000010000000100000000000000000000000000000000000000000000000000
	00000000000000000000000000000000000000000000000000000000000000000000000000000000000000000000000000000000000000000000000000000000000000000000000000000000000000000000000000000000000000000000000000000000000000000000000000000000000000000000000000000000000000
	00000000000000000000000000000000000000000000000000000000000000000000000000000000000000000000000000000000000000000000000000000000000000000000000000000000000000000000000000000000000000000000000000000000000000000000000000000000000000000000000000000000000000
	00000000000000000080000000800000000000000000000000500F00007FC2000000000000000000000000000000000000000000000000000000000000000000000000000000000000000000000000000000000000000000000000000000000000000000000000000000000000000000000000000000000000000000000000
	00000000000000000000000000000000000000000000000000000000000000000000000000000000000000000000000000000000000000000000000000000000000000000000000000000000000000000000000000000000000000000000000000000000000000000000000000000000000000000000000000000000000000
	0000000000000000000000000000000000000000000000000000000000000000000000000000000000000000000000000000000000000000000000000000000000000000000000000000000000000000000000000000000000000000000000500F00009B390000000000000000000000000000000000000000000000000000
	00000000000000000000000000000000000000000000000000000000000000000000000000000000000000000000000000000000000000000000000000000000000000000000000000000000000000000000000000000000000000000000000000000000000000000000000000000000000000000000000000000000000000
	00000000000000000000000000000000000000000000000000000000000000000000000000000000000000000000000000000000000000000000000000000000000000000000000000000000000000000000000000000000000000000000000000000000000000000000000000000000000000000000000000000000000000
	0000000000000000000000000000000000004B1000009B3900000000000000000000000000000000000000000000000000000000000000000000000000000000000000000000000000000000000000000000000000000000000000000000000000000000000000000000000000000000000000000000000000000000000000
	00000000000000000000000000000000000000000000000000000000000000000000000000000000000000000000000000000000000000000000000000000000000000000000000000000000000000000000000000000000000000000000000000000000000000000000000000000000000000000000000000000000000000
	00000000000000000000000000000000000000000000000000000000000000000000000000000000000000000000000000000000000000000000000000000000000000004B10000088A10000000000000000000100000000000000000000000000000000000000000000000000000000000000000000000000000000000000
	00000000000000000000000000000000000000000000000000000000000000000000000000000000000000000000000000000000000000000000000000000000000000000000000000000000000000000000000000000000000000000000000000000000000000000000000000000000000000000000000000000000000000
	000000000000000000000000000000000000000000000000000000000000000000000000000000000000000000000000000000000000000000000000000000000000000000000000000000000000000000000000000000000000000000000000000000000000000000008000000000000000000000004B1000000F79000000
	00000000000000000000000000000000000000000000000000000000000000000000000000000000000000000000000000000000000000000000000000000000000000000000000000000000000000000000000000000000000000000000000000000000000000000000000000000000000000000000000000000000000000
	0000000000000000000000000000000000000000000000000000000028070000E011000000000000000000000000000100000000000000000000000000000000000000000000000000000000000000000000000000000000000000000000000000000000000000000000000000000000000000000000000000000000000000
	000000000000000000000000000000000000000000000000000000000000000000000000000000000000000000000000008000000000000000000000000000000028070000E007000000FFFF06FFFF0082FF00807800807FFC807FFF867FFF8042FF80403880403FFC403FFFC63FFFC022FFC02018C0201FFC201FFFE61FFF
	E012FFE01008E0100FFC100FFFF60FFFF00BFFF00801F00807FC0807FFFE07FFF8037FF80405780403F80403FFFE03FFFC077FFC02017C0201FA0201FFFC01FFFE077FFE01037E0100F80100FFFD00FFFF067FFF00837F00807900807FFC000000062708000048320000000000000000000001000000000000000000800000
	00000000000040000000000000000000000000008000000000000000004000000000000000000000000020800000000000000000400000000000000000200000000000000000000000000040000010000000000020000000000000000010000000000000000000000000002000000000000008001000000000000000000800
	00000000000000000000000010000000000000000008000400000000000004000000000000000000000000000800000000000000000400000000000200000200000000000000000000000000040000000000000000020000000000000000010100000000000000000000000002000000000000000001000000000000000000
	8000000000000000000000000001000000000000000000800000000000000000400000000000000000500A000078160000000000000000800000000000008000400000000080004000000000000040000000000020400020000000000000200000000000002000101000000000001000000000000010000800000000080008
	000000000000080004000000000000040004000000000400020000000000000200000000000202000100000000000001000000000000010000810000000000008000000000000080004000000000280900009C5000000000400000000020010000000000000000002000008000100000000000000000004010000000000800
	0000000020000000000800000000040010000000000000800004000008000200000000400000000004020000000001200000000002000000000100100000000000000000010000080000800000000000000000040080000000004000000000020000000000400000000020010000000000000028020000F48C000000000000
	00000000000000000000000000000000000000000000000000000000000000000000000000000000000000000000000000000000000000000000000000000000000000000000000000000000000000000000000000000000000000000000000000000000000000000000000000000000000000000000000000000000000000
	00000000000000000000000000000000000000000027030000A70200000000000000000000000000000000000000000000000000000000000000000000000000000000000000000000000000000000000000000000000000000000000000000000000000000000000000000000000000000000000000000000000000000000
	0000000000000000000000000000000000000000000000000000000000000000000000000000000000000000000025040000A702000000000000000000000000000000000000000000000000000000000000000000000000000000000000000000000000000000000000000000000000000000000000000000000000000000
	0000000000000000000000000000000000000000000000000000000000000000000000000000000000000000000000000000000000000000000000000000000000000000000000250400000D4A0000000000000000000100000001000000000000000000000000000000000000000000000000000000000000000000000000
	00000000000000000000000000000000000000000000000000000000000000000000000000000000000000000000000000000000000000000000000000000000000000000000000000000000000000000000000080000000800000000000000000000000260E0000AE26000000000000000000000000000000000000000000
	00000000000000000000000000000000000000000000000000000000000000000000000000000000000000000000000000000000000000000000000000000000000000000000000000000000000000000000000000000000000000000000000000000000000000000000000000000000000000000000000000000000000000
	0000260E000046FA0000000000000000000000000000000000000000000000000000000000000000000000000000000000000000000000000000000000000000000000000000000000000000000000000000000000000000000000000000000000000000000000000000000000000000000000000000000000000000000000
	000000000000000000000000000000000000000000000000000000000000000000000000000000280D0000CEB100004000810040000102000000020020000020204000200040800000008000000000101000001010200000002040000000400800000008080000000810000000102004000020040000000004000000040800
	02000810020000100000000000020000010204000100040800000008000000000081000000810200000002040000000400400000004080004000810040000102000000020020000000204000280D000083AB000000000000000000010000000000000000000000000000000000000000000000000000000000000000000000
	0000000000000000000000000000000000000000000000000000000000000000000000000000000000000000000000000000000000000000000000000000000000000000000000000000000000000000000000000000000000000000000000000000000000000000000000000000000000280D0000E7810000000000000000
	00000000000000000000000000000000000000000000000000000000000000000000000000000000000000000000000000000000000000000000000000000000000000000000000000000000000000000000000000000000000000000000000000000000000000000000000000000000000000000000000000000000000000
	00000000000000000000000000000000000000000000000000000000000000000000000000000000000000000000000000000000000000000000000000000000000000000000000000000000000000000000000000000000000000000000000000000000000000000000000000000000000000000000000000000000000000
	00000000000000000000000000000000000000000000000000000000000000000000000000000000000000004D0C000026810000000000000000000000000001000000000000000000000000000000000000000000000000000000000000000000000000000000000000000000000000000000000000000000000000000000
	00000000000000000000000000000000000000000000000000000000000000000000000000000000000000000000000000000000000000000000000000000000000000000000000000000000000000000000000000000000000000000000000000000000000000000000000000000000000000000000000000000000000000
	0000000000000000000000000000000000000000000000000000000000000000000000000000000000000000000000000000000000000000000000000000000000000000000000000000000000000000000000000000000000000000000000000000000000004D0C000075DD00000000000000000000000000000000000000
	00000000000000000000000000000000000000000000000000000000000000000000000000000000000000000000000000000000000000000000000000000000000000000000000000000000000000000000000000000000000000000000000000000000000000000000000000000000000000000000000000000000000000
	00000000000000000000000000000000000000000000000000000000000000000000000000000000000000000000000000000000000000000000000000000000000000000000000000000000000000000000000000000000000000000000000000000000000000000000000000000000000000000000000000000000000000
	000000000000000000000000000000000000000000000000000000000000000000000000004E0B000075DD000000000000000000000000000000000000000000000000000000000000000000000000000000000000000000000000000000000000000000000000000000000000000000000000000000000000000000000000
	00000000000000000000000000000000000000000000000000000000000000000000000000000000000000000000000000000000000000000000000000000000000000000000000000000000000000000000000000000000000000000000000000000000000000000000000000000000000000000000000000000000000000
	0000000000000000000000000000000000000000000000000000000000000000000000000000000000000000000000000000000000000000000000000000000000000000000000000000000000000000000000000000000000000000000000000000004E0B000082A600000000000000000000000000000000000000000000
	00000000000000000000000000000000000000000000000000000000000000000000000000000000000000000000000000000000000000000000000000000000000000000000000000000000000000000000000000000000000000000000000000000000000000000000000000000000000000000000000000000000000000
	00000000000000000000000000000000000000000000000000000000000000000000000000000000000000000000000000000000000000000000000000000000000000000000000000000000000000000000000000000000000000000000000000000000000000000000000000000000000000000000000000000000000000
	000000000000000000000000000000000000800000000000000000000000000000004E0B00005D19000000000000000000000000000000000000000000000000000000000000000000000000000000000000000000000000000000000000000000000000000000000000000000000000000000000000000000000000000000
	00000000000000000000000000000000000000000000000000000000000000000000000000000000000000000000000000000000000000000000000000000000000000000000000000000000000000000000000000000000000000000000000000000000000000000000000000000000000000000000000000000000000000
	00000000000000000000000000000000000000000000000000000000000000000000000000000000000000000000000000000000000000000000000000000000000000000000000000000000000000000000000000000000000000004D0000005D190000000000000000000000000000000000000000000000000000000000
	00000000000000000000000000000000000000000000000000000000000000000000000000000000000000000000000000000000000000000000000000000000000000000000000000000000000000000000000000000000000000000000000000000000000000000000000000000000000000000000000000000000000000
	00000000000000000000000000000000000000000000000000000000000000000000000000000000000000000000000000000000000000000000000000000000000000000000000000000000000000000000000000000000000000000000000000000000000000000000000000000000000000000000000000000000000000
	00000000000000000000000000000000000000000000004D0000005D190000000000000000000000000000000000000000000000000000000000000000000000000000000000000000000000000000000000000000000000000000000000000000000000000000000000000000000000000000000000000000000000000000
	00000000000000000000000000000000000000000000000000000000000000000000000000000000000000000000000000000000000000000000000000000000000000000000000000000000000000000000000000000000000000000000000000000000000000000000000000000000000000000000000000000000000000
	0000000000000000000000000000000000000000000000000000000000000000000000000000000000000000000000000000000000000000000000000000000000000000000000000000000000000000004D0000005D1900000000000000000000000000000000000000000000000000000000000000000000000000000000
	00000000000000000000000000000000000000000000000000000000000000000000000000000000000000000000000000000000000000000000000000000000000000000000000000000000000000000000000000000000000000000000000000000000000000000000000000000000000000000000000000000000000000
	00000000000000000000000000000000000000000000000000000000000000000000000000000000000000000000000000000000000000000000000000000000000000000000000000000000000000000000000000000000000000000000000000000000000000000000000000000000000000000000000000000000000000
	0000000000000000000000004D0000002B2D00000000000000000001000000010000000000000000000000000000000000000000000000000000000000000000000000000000000000000000000000000000000000000000000000000000000000000000000000000000000000000000000000000000000000000000000000
	00000000000000000000000000000000000000000000000000000000000000000000000000000000000000000000000000000000000000000000000000000000000000000000000000000000000000000000000000000000000000000000000000000000000000000000000000000000000000000000000000000000000000
	00000000000000000000000000000000000000000000000000000000000000000000000000000000000000000000000000000000000000000000800000008000000000000000000000004E050000CEAE0000000000000000000000000000000000000000000000000000000000000000000000000000000000000000000000
	00000000000000000000000000000000000000000000000000000000000000000000000000000000000000000000000000000000000000000000000000000000000000000000000000000000000000000000000000000000000000000000000000000000000000000000000000000000000000000000000000000000000000
	00000000000000000000000000000000000000000000000000000000000000000000000000000000000000000000000000000000000000000000000000000000000000000000000000000000000000000000000000000000000000000000000000000000000000000000000000000000000000000000000000000000000000
	0000000000000000004E05000088EE00000000000000000000000000000000000000000000000000000000000000000000000000000000000000000000000000000000000000000000000000000000000000000000000000000000000000000000000000000000000000000000000000000000000000000000000000000000
	00000000000000000000000000000000000000000000000000000000000000000000000000000000000000000000000000000000000000000000000000000000000000000000000000000000000000000000000000000000000000000000000000000000000000000000000000000000000000000000000000000000000000
	00000000000000000000000000000000000000000000000000000000000000000000000000000000000000000000000000000000000000000000004B06000088EE0000000000000000000000000000000000000000000000000000000000000000000000000000000000000000000000000000000000000000000000000000
	00000000000000000000000000000000000000000000000000000000000000000000000000000000000000000000000000000000000000000000000000000000000000000000000000000000000000000000000000000000000000000000000000000000000000000000000000000000000000000000000000000000000000
	000000000000000000000000000000000000000000000000000000000000000000000000000000000000000000000000000000000000000000000000000000000000000000000000000000000000000000000000000000000000000000000000000000000000000000000000004B0600009B76000000000000000000010000
	00000000000000000000000000000000000000000000000000000000000000000000000000000000000000000000000000000000000000000000000000000000000000000000000000000000000000000000000000000000000000000000000000000000000000000000000000000000000000000000000000000000000000
	00000000000000000000000000000000000000000000000000000000000000000000000000000000000000000000000000000000000000000000000000000000000000000000000000000000000000000000000000000000000000000000000000000000000000000000000000000000000000000000000000000000000000
	00000000000000000000000000000000000000008000000000000000000000004B0600007BAB0000000000000000000000000000000000000000000000000000000000000000000000000000000000000000000000000000000000000000000000000000000000000000000000000000000000000000000000000000000000
	00000000000000000000000000000000000000000000000000000000000000000000000000000000000000000000000000000000000000000000000000000000000000000000000000000000000000000000000000000000000000000000000000000000000000000000000000000000000000000000000000000000000000
	0000000000000000000000000000000000000000000000000000000000000000000000000000000000000000000000000000000000000000000000000000000000000000000048010000E602000000000000000000000000000100000000000000000000000000000000000000000000000000000000000000000000000000
	00000000000000000000000000000000000000000000000000000000000000000000000000000000000000000000000000000000000000000000000000000000000000000000000000000000000000000000000000000000000000000000000000000000000000000000000000000000000000000000000000000000000000
	00000000000000000000000000000000000000000000000000000000000000000000000000000000000000000000000000000000000000000000000000000000000000000000000000000000000000000000000000000000000000000000000000000000000000000000000000000000000000000000000000000000800000
	00000000000000000000000000500F00007FC2000000000000000000000000000000000000000000000000000000000000000000000000000000000000000000000000000000000000000000000000000000000000000000000000000000000000000000000000000000000000000000000000000000000000000000000000
	00000000000000000000000000000000000000000000000000000000000000000000000000000000000000000000000000000000000000000000000000000000000000000000000000000000000000000000000000000000000000000000000000000000000000000000000000000000000000000000000000000000000000
	0000000000000000000000000000000000000000000000000000000000000000000000000000000000000000000000000000000000000000000000000000000000000000000000000000000000000000000000500F00007FC20000000000000000000000000000000000000000000000000000000000000000000000000000
	00000000000000000000000000000000000000000000000000000000000000000000000000000000000000000000000000000000000000000000000000000000000000000000000000000000000000000000000000000000000000000000000000000000000000000000000000000000000000000000000000000000000000
	00000000000000000000000000000000000000000000000000000000000000000000000000000000000000000000000000000000000000000000000000000000000000000000000000000000000000000000000000000000000000000000000000000000000000000000000000000000000000000000000000000000000000
	0000000000000000000000000000000000000000000000000000500F00009B390000000000000000000000000000000000000000000000000000000000000000000000000000000000000000000000000000000000000000000000000000000000000000000000000000000000000000000000000000000000000000000000
	00000000000000000000000000000000000000000000000000000000000000000000000000000000000000000000000000000000000000000000000000000000000000000000000000000000000000000000000000000000000000000000000000000000000000000000000000000000000000000000000000000000000000
	000000000000000000000000000000000000000000000000000000000000000000000000000000000000000000000000000000000000000000000000000000000000000000000000000000004B1000009B39000000000000000000000000000000000000000000000000000000000000000000000000000000000000000000
	00000000000000000000000000000000000000000000000000000000000000000000000000000000000000000000000000000000000000000000000000000000000000000000000000000000000000000000000000000000000000000000000000000000000000000000000000000000000000000000000000000000000000
	0000000000000000000000000000000000000000000000000000000000000000000000000000000000000000000000000000000000000000000000000000000000000000000000000000000000000000000000000000000000000000000000000000000000000000000000000000000000000000000000000000000000004B
	1000009B390000000000000000000000000000000000000000000000000000000000000000000000000000000000000000000000000000000000000000000000000000000000000000000000000000000000000000000000000000000000000000000000000000000000000000000000000000000000000000000000000000
	00000000000000000000000000000000000000000000000000000000000000000000000000000000000000000000000000000000000000000000000000000000000000000000000000000000000000000000000000000000000000000000000000000000000000000000000000000000000000000000000000000000000000
	000000000000000000000000000000000000000000000000000000000000000000000000000000000000000000000000004B1000000F79000000000000000000000000000000000000000000000000000000000000000000000000000000000000000000000000000000000000000000000000000000000000000000000000
	0000000000000000000000000000000000000000000000000000000000000000000000000000000000000000000000000000000000000000000000000000000000000000000000000000000000000000000000000000280700000F790000000000000000000000000000000000000000000000000000000000000000000000
	00000000000000000000000000000000000000000000000000000000000000000000000000000000000000000000000000000000000000000000000000000000000000000000000000000000000000000000000000000000000000000000000000000000000000000000000000000000000000000000000000000028070000
	ABEA000000FFFF06FFFF0083FF00807900807FFC807FFF867FFF8042FF80403880403FFC403FFFC63FFFC022FFC02018C0201FFC201FFFE61FFFE012FFE01008E0100FFC100FFFF60FFFF00BFFF00801F00807FC0807FFFE07FFF8037FF80405780403F80403FFFE03FFFC077FFC02017C0201FA0201FFFC01FFFE077FFE01
	037E0100F80100FFFD00FFFF06FFFF0083FF00807900807FFC000000062708000048320000000000000000000001000000000000000000800000000000000000400000000000000000000000000080000000000000000040000000000000000000000000208000000000000000004000000000000000002000000000000000
	00000000000040000010000000000020000000000000000010000000000000000000000000002000000000000008001000000000000000000800000000000000000000000000100000000000000000080004000000000000040000000000000000000000000008000000000000000004000000000002000002000000000000
	000000000000000400000000000000000200000000000000000101000000000000000000000000020000000000000000010000000000000000008000000000000000000000000001000000000000000000800000000000000000400000000000000000500A0000781600000000000000008000000000000080004000000000
	80004000000000000040000000000020400020000000000000200000000000002000101000000000001000000000000010000800000000080008000000000000080004000000000000040004000000000400020000000000000200000000000202000100000000000001000000000000010000810000000000008000000000
	000080004000000000280900009C5000000000400000000020010000000000000000002000008000100000000000000000004010000000000800000000002000000000080000000004001000000000000080000400000800020000000040000000000402000000000120000000000200000000010010000000000000000001
	00000800008000000000000000000400800000000040000000000200000000004000000000200100000000000000280200001FB5000000000000000000010000000000000000000000000000000000000000000000000000000000000000000000000000000000000000000000000000000000000000000000000000000000
	0000000000000000000000000000000000000000000000000000000000000000000000000000000000000000000000000000000000000000000000000000000000000080000000000000000000000027030000A702000000000000000000000000000000000000000000000000000000000000000000000000000000000000
	000000000000000000000000000000000000000000000000000000000000000000000000000000000000000000000000000000000000000000000000000000000000000000000000000000000000000000000000000000000000000000000000000000000000000025040000BA830000000000000000000000000001000000
	00000000000000000000000000000000000000000000000000000000000000000000000000000000000000000000000000000000000000000000000000000000000000000000000000000000000000000000000000000000000000000000000000000000000000000000000000000000008000000000000000000000000000
	000025040000AE260000000000000000000000000000000000000000000000000000000000000000000000000000000000000000000000000000000000000000000000000000000000000000000000000000000000000000000000000000000000000000000000000000000000000000000000000000000000000000000000
	00000000000000000000000000000000000000000000000000000000000000260E0000AE26000000000000000000000000000000000000000000000000000000000000000000000000000000000000000000000000000000000000000000000000000000000000000000000000000000000000000000000000000000000000
	000000000000000000000000000000000000000000000000000000000000000000000000000000000000000000000000000000000000000000000000260E000046FA00000000000000000000000000000000000000000000000000000000000000000000000000000000000000000000000000000000000000000000000000
	00000000000000000000000000000000000000000000000000000000000000000000000000000000000000000000000000000000000000000000000000000000000000000000000000000000000000000000000000000000000000000000000000280D0000CEB1000040008100400001020000000200200000202040002000
	40800000008000000000101000001010200000002040000000400800000008080000000810000000102004000020040000000004000000040800020008100200001000000000000200000102040001000408000000080000000000810000008102000000020400000004004000000040800040008100400001020000000200
	20000000204000280D000046FA000000000000000000000000000000000000000000000000000000000000000000000000000000000000000000000000000000000000000000000000000000000000000000000000000000000000000000000000000000000000000000000000000000000000000000000000000000000000
	0000000000000000000000000000000000000000000000000000000000000000000000000000000000000000280D0000E7810000000000000000000000000000000000000000000000000000000000000000000000000000000000000000000000000000000000000000000000000000000000000000000000000000000000
	00000000000000000000000000000000000000000000000000000000000000000000000000000000000000000000000000000000000000000000000000000000000000000000000000000000000000000000000000000000000000000000000000000000000000000000000000000000000000000000000000000000000000
	0000000000000000000000000000000000000000000000000000000000000000000000000000000000000000000000000000000000000000000000000000000000000000000000000000000000000000000000000000000000000000000000000000000000004D0C0000E78100000000000000000000000000000000000000
	00000000000000000000000000000000000000000000000000000000000000000000000000000000000000000000000000000000000000000000000000000000000000000000000000000000000000000000000000000000000000000000000000000000000000000000000000000000000000000000000000000000000000
	00000000000000000000000000000000000000000000000000000000000000000000000000000000000000000000000000000000000000000000000000000000000000000000000000000000000000000000000000000000000000000000000000000000000000000000000000000000000000000000000000000000000000
	0000000000000000000000000000000000000000000000000000000000000000004D0C0000905E00000000000000000001000000010000000000000000000000000000000000000000000000000000000000000000000000000000000000000000000000000000000000000000000000000000000000000000000000000000
	00000000000000000000000000000000000000000000000000000000000000000000000000000000000000000000000000000000000000000000000000000000000000000000000000000000000000000000000000000000000000000000000000000000000000000000000000000000000000000000000000000000000000
	00000000000000000000000000000000000000000000000000000000000000000000000000000000000000000000000000000000000000000000000000000000000000000000000000000000000000800000008000000000000000000000004E0B000075DD0000000000000000000000000000000000000000000000000000
	00000000000000000000000000000000000000000000000000000000000000000000000000000000000000000000000000000000000000000000000000000000000000000000000000000000000000000000000000000000000000000000000000000000000000000000000000000000000000000000000000000000000000
	00000000000000000000000000000000000000000000000000000000000000000000000000000000000000000000000000000000000000000000000000000000000000000000000000000000000000000000000000000000000000000000000000000000000000000000000000000000000000000000000000000000000000
	0000000000000000000000000000000000000000000000000000000000004E0B000075DD00000000000000000000000000000000000000000000000000000000000000000000000000000000000000000000000000000000000000000000000000000000000000000000000000000000000000000000000000000000000000
	00000000000000000000000000000000000000000000000000000000000000000000000000000000000000000000000000000000000000000000000000000000000000000000000000000000000000000000000000000000000000000000000000000000000000000000000000000000000000000000000000000000000000
	00000000000000000000000000000000000000000000000000000000000000000000000000000000000000000000000000000000000000000000000000000000000000000000000000000000000000000000000000000000000000004E0B00005D190000000000000000000000000000000000000000000000000000000000
	00000000000000000000000000000000000000000000000000000000000000000000000000000000000000000000000000000000000000000000000000000000000000000000000000000000000000000000000000000000000000000000000000000000000000000000000000000000000000000000000000000000000000
	00000000000000000000000000000000000000000000000000000000000000000000000000000000000000000000000000000000000000000000000000000000000000000000000000000000000000000000000000000000000000000000000000000000000000000000000000000000000000000000000000000000000000
	00000000000000000000000000000000000000000000004D00000098480000000000000000000100000000000000000000000000000000000000000000000000000000000000000000000000000000000000000000000000000000000000000000000000000000000000000000000000000000000000000000000000000000
	00000000000000000000000000000000000000000000000000000000000000000000000000000000000000000000000000000000000000000000000000000000000000000000000000000000000000000000000000000000000000000000000000000000000000000000000000000000000000000000000000000000000000
	0000000000000000000000000000000000000000000000000000000000000000000000000000000000000000000000000000000000000000000000000000000000000000000000000000000000000000004D0000005D1900000000000000000000000000000000000000000000000000000000000000000000000000000000
	00000000000000000000000000000000000000000000000000000000000000000000000000000000000000000000000000000000000000000000000000000000000000000000000000000000000000000000000000000000000000000000000000000000000000000000000000000000000000000000000000000000000000
	00000000000000000000000000000000000000000000000000000000000000000000000000000000000000000000000000000000000000000000000000000000000000000000000000000000000000000000000000000000000000000000000000000000000000000000000000000000000000000000000000000000000000
	0000000000000000000000004D0000009C1900000000000000000000000000010000000000000000000000000000000000000000000000000000000000000000000000000000000000000000000000000000000000000000000000000000000000000000000000000000000000000000000000000000000000000000000000
	00000000000000000000000000000000000000000000000000000000000000000000000000000000000000000000000000000000000000000000000000000000000000000000000000000000000000000000000000000000000000000000000000000000000000000000000000000000000000000000000000000000000000
	000000000000000000000000000000000000000000000000000000000000000000000000000000000000000000000000000000000000000000000000000000000000000000004D000000CEAE000000000000000000000000000000000000000000000000000000000000000000000000000000000000000000000000000000
	00000000000000000000000000000000000000000000000000000000000000000000000000000000000000000000000000000000000000000000000000000000000000000000000000000000000000000000000000000000000000000000000000000000000000000000000000000000000000000000000000000000000000
	00000000000000000000000000000000000000000000000000000000000000000000000000000000000000000000000000000000000000000000000000000000000000000000000000000000000000000000000000000000000000000000000000000000000000000000000000000000000000000000000000000000000000
	00000000004E050000CEAE0000000000000000000000000000000000000000000000000000000000000000000000000000000000000000000000000000000000000000000000000000000000000000000000000000000000000000000000000000000000000000000000000000000000000000000000000000000000000000
	00000000000000000000000000000000000000000000000000000000000000000000000000000000000000000000000000000000000000000000000000000000000000000000000000000000000000000000000000000000000000000000000000000000000000000000000000000000000000000000000000000000000000
	000000000000000000000000000000000000000000000000000000000000000000000000000000000000000000000000000000000000000000000000000000000000004E0500008191000000000000000000000000000000000000000000000000000000000000000000000000000000000000000000000000000000000000
	00000000000000000000000000000000000000000000000000000000000000000000000000000000000000000000000000000000000000000000000000000000000000000000000000000000000000000000000000000000000000000000000000000000000000000000000000000000000000000000000000000000000000
	0000000000000000000000000000000000000000000000000000000000000000000000000000000000000000000000000000000000000000000000000000000000000000000000000000000000000000000000000000000000000000000000000000000000800000000000000000000000000000004B06000088EE00000000
	00000000000000000000000000000000000000000000000000000000000000000000000000000000000000000000000000000000000000000000000000000000000000000000000000000000000000000000000000000000000000000000000000000000000000000000000000000000000000000000000000000000000000
	00000000000000000000000000000000000000000000000000000000000000000000000000000000000000000000000000000000000000000000000000000000000000000000000000000000000000000000000000000000000000000000000000000000000000000000000000000000000000000000000000000000000000
	000000000000000000000000000000000000000000000000000000000000000000000000000000004B06000088EE000000000000000000000000000000000000000000000000000000000000000000000000000000000000000000000000000000000000000000000000000000000000000000000000000000000000000000
	00000000000000000000000000000000000000000000000000000000000000000000000000000000000000000000000000000000000000000000000000000000000000000000000000000000000000000000000000000000000000000000000000000000000000000000000000000000000000000000000000000000000000
	0000000000000000000000000000000000000000000000000000000000000000000000000000000000000000000000000000000000000000000000000000000000000000000000000000000000000000000000000000000000004B0600007BAB00000000000000000000000000000000000000000000000000000000000000
	00000000000000000000000000000000000000000000000000000000000000000000000000000000000000000000000000000000000000000000000000000000000000000000000000000000000000000000000000000000000000000000000000000000000000000000000000000000000000000000000000000000000000
	00000000000000000000000000000000000000000000000000000000000000000000000000000000000000000000000000000000000000000000000000000000000000000000000000000000000000000000000000000000000000000000000000000000000000000000000000000000000000000000000000000000000000
	00480100007FC2000000000000000000000000000000000000000000000000000000000000000000000000000000000000000000000000000000000000000000000000000000000000000000000000000000000000000000000000000000000000000000000000000000000000000000000000000000000000000000000000
	00000000000000000000000000000000000000000000000000000000000000000000000000000000000000000000000000000000000000000000000000000000000000000000000000000000000000000000000000000000000000000000000000000000000000000000000000000000000000000000000000000000000000
	0000000000000000000000000000000000000000000000000000000000000000000000000000000000000000000000000000000000000000000000000000000000000000000000500F0000F0EE0000000000000000000100000001000000000000000000000000000000000000000000000000000000000000000000000000
	00000000000000000000000000000000000000000000000000000000000000000000000000000000000000000000000000000000000000000000000000000000000000000000000000000000000000000000000000000000000000000000000000000000000000000000000000000000000000000000000000000000000000
	00000000000000000000000000000000000000000000000000000000000000000000000000000000000000000000000000000000000000000000000000000000000000000000000000000000000000000000000000000000000000000000000000000000000000000000000000000000000000000000000000000000008000
	0000800000000000000000000000500F00007FC20000000000000000000000000000000000000000000000000000000000000000000000000000000000000000000000000000000000000000000000000000000000000000000000000000000000000000000000000000000000000000000000000000000000000000000000
	00000000000000000000000000000000000000000000000000000000000000000000000000000000000000000000000000000000000000000000000000000000000000000000000000000000000000000000000000000000000000000000000000000000000000000000000000000000000000000000000000000000000000
	000000000000000000000000000000000000000000000000000000000000000000000000000000000000000000000000000000000000000000000000000000000000000000000000000000000000000000000000500F00009B3900000000000000000000000000000000000000000000000000000000000000000000000000
	00000000000000000000000000000000000000000000000000000000000000000000000000000000000000000000000000000000000000000000000000000000000000000000000000000000000000000000000000000000000000000000000000000000000000000000000000000000000000000000000000000000000000
	00000000000000000000000000000000000000000000000000000000000000000000000000000000000000000000000000000000000000000000000000000000000000000000000000000000000000000000000000000000000000000000000000000000000000000000000000000000000000000000000000000000000000
	000000000000004B1000009B39000000000000000000000000000000000000000000000000000000000000000000000000000000000000000000000000000000000000000000000000000000000000000000000000000000000000000000000000000000000000000000000000000000000000000000000000000000000000
	00000000000000000000000000000000000000000000000000000000000000000000000000000000000000000000000000000000000000000000000000000000000000000000000000000000000000000000000000000000000000000000000000000000000000000000000000000000000000000000000000000000000000
	0000000000000000000000000000000000000000000000000000000000000000000000000000000000000000000000000000000000000000004B10000088A100000000000000000001000000000000000000000000000000000000000000000000000000000000000000000000000000000000000000000000000000000000
	00000000000000000000000000000000000000000000000000000000000000000000000000000000000000000000000000000000000000000000000000000000000000000000000000000000000000000000000000000000000000000000000000000000000000000000000000000000000000000000000000000000000000
	00000000000000000000000000000000000000000000000000000000000000000000000000000000000000000000000000000000000000000000000000000000000000000000000000000000000000000000000000000000000000000000008000000000000000000000004B1000000F790000000000000000000000000000
	00000000000000000000000000000000000000000000000000000000000000000000000000000000000000000000000000000000000000000000000000000000000000000000000000000000000000000000000000000000000000000000000000000000000000000000000000000000000000000000000000000000000000
	000000000000000000000000000000000028070000E0110000000000000000000000000001000000000000000000000000000000000000000000000000000000000000000000000000000000000000000000000000000000000000000000000000000000000000000000000000000000000000000000000000000000000000
	00000000000000000000000000000000000000000000000000000000000000000000000000008000000000000000000000000000000028070000E007000000FFFF06FFFF0082FF00807800807FFC807FFF867FFF8042FF80403880403FFC403FFFC63FFFC022FFC02018C0201FFC201FFFE61FFFE012FFE01008E0100FFC10
	0FFFF60FFFF00BFFF00801F00807FC0807FFFE07FFF8037FF80405780403F80403FFFE03FFFC077FFC02017C0201FA0201FFFC01FFFE077FFE01037E0100F80100FFFD00FFFF067FFF00837F00807900807FFC0000000627080000483200000000000000000000010000000000000000008000000000000000004000000000
	00000000000000000080000000000000000040000000000000000000000000208000000000000000004000000000000000002000000000000000000000000000400000100000000000200000000000000000100000000000000000000000000020000000000000080010000000000000000008000000000000000000000000
	00100000000000000000080004000000000000040000000000000000000000000008000000000000000004000000000002000002000000000000000000000000000400000000000000000200000000000000000101000000000000000000000000020000000000000000010000000000000000008000000000000000000000
	000001000000000000000000800000000000000000400000000000000000500A0000781600000000000000008000000000000080004000000000800040000000000000400000000000204000200000000000002000000000000020001010000000000010000000000000100008000000000800080000000000000800040000
	00000000040004000000000400020000000000000200000000000202000100000000000001000000000000010000810000000000008000000000000080004000000000280900009C50000000004000000000200100000000000000000020000080001000000000000000000040100000000008000000000020000000000800
	000000040010000000000000800004000008000200000000400000000004020000000001200000000002000000000100100000000000000000010000080000800000000000000000040080000000004000000000020000000000400000000020010000000000000028020000F48C0000000000000000000000000000000000
	00000000000000000000000000000000000000000000000000000000000000000000000000000000000000000000000000000000000000000000000000000000000000000000000000000000000000000000000000000000000000000000000000000000000000000000000000000000000000000000000000000000000000
	0000000000000000000027030000A702000000000000000000000000000000000000000000000000000000000000000000000000000000000000000000000000000000000000000000000000000000000000000000000000000000000000000000000000000000000000000000000000000000000000000000000000000000
	000000000000000000000000000000000000000000000000000000000000000000000025040000A7020000000000000000000000000000000000000000000000000000000000000000000000000000000000000000000000000000000000000000000000000000000000000000000000000000000000000000000000000000
	000000000000000000000000000000000000000000000000000000000000000000000000000000000000000000000000000000000000000000000000250400000D4A00000000000000000001000000010000000000000000000000000000000000000000000000000000000000000000000000000000000000000000000000
	0000000000000000000000000000000000000000000000000000000000000000000000000000000000000000000000000000000000000000000000000000000000000000000000000080000000800000000000000000000000260E0000AE260000000000000000000000000000000000000000000000000000000000000000
	00000000000000000000000000000000000000000000000000000000000000000000000000000000000000000000000000000000000000000000000000000000000000000000000000000000000000000000000000000000000000000000000000000000000000000000000000000000000000000000260E000046FA000000
	00000000000000000000000000000000000000000000000000000000000000000000000000000000000000000000000000000000000000000000000000000000000000000000000000000000000000000000000000000000000000000000000000000000000000000000000000000000000000000000000000000000000000
	00000000000000000000000000000000000000000000000000000000280D0000CEB1000040008100400001020000000200200000202040002000408000000080000000001010000010102000000020400000004008000000080800000008100000001020040000200400000000040000000408000200081002000010000000
	0000020000010204000100040800000008000000000081000000810200000002040000000400400000004080004000810040000102000000020020000000204000280D0000EAD70000000000000000000100000000000000000000000000000000000000000000000000000000000000000000000000000000000000000000
	000000000000000000000000000000000000000000000000000000000000000000000000000000000000000000000000000000000000000000000000000000000000000000000000000000000000000000000000000000000000800000000000000000000000280D0000E78100000000000000000000000000000000000000
	00000000000000000000000000000000000000000000000000000000000000000000000000000000000000000000000000000000000000000000000000000000000000000000000000000000000000000000000000000000000000000000000000000000000000000000000000000000000000000000000000000000000000
	00000000000000000000000000000000000000000000000000000000000000000000000000000000000000000000000000000000000000000000000000000000000000000000000000000000000000000000000000000000000000000000000000000000000000000000000000000000000000000000000000000000000000
	0000000000000000000000000000000000000000000000000000000000000000004D0C0000425F00000000000000000000000000010000000000000000000000000000000000000000000000000000000000000000000000000000000000000000000000000000000000000000000000000000000000000000000000000000
	00000000000000000000000000000000000000000000000000000000000000000000000000000000000000000000000000000000000000000000000000000000000000000000000000000000000000000000000000000000000000000000000000000000000000000000000000000000000000000000000000000000000000
	000000000000000000000000000000000000000000000000000000000000000000000000000000000000000000000000000000000000000000000000000000000000000000000000000000800000000000000000000000000000004D0C000075DD000000000000000000000000000000000000000000000000000000000000
	00000000000000000000000000000000000000000000000000000000000000000000000000000000000000000000000000000000000000000000000000000000000000000000000000000000000000000000000000000000000000000000000000000000000000000000000000000000000000000000000000000000000000
	00000000000000000000000000000000000000000000000000000000000000000000000000000000000000000000000000000000000000000000000000000000000000000000000000000000000000000000000000000000000000000000000000000000000000000000000000000000000000000000000000000000000000
	00000000000000000000000000000000000000000000000000004E0B000075DD0000000000000000000000000000000000000000000000000000000000000000000000000000000000000000000000000000000000000000000000000000000000000000000000000000000000000000000000000000000000000000000000
	00000000000000000000000000000000000000000000000000000000000000000000000000000000000000000000000000000000000000000000000000000000000000000000000000000000000000000000000000000000000000000000000000000000000000000000000000000000000000000000000000000000000000
	000000000000000000000000000000000000000000000000000000000000000000000000000000000000000000000000000000000000000000000000000000000000000000000000000000000000000000000000000000004E0B000075DD000000000000000000000000000000000000000000000000000000000000000000
	00000000000000000000000000000000000000000000000000000000000000000000000000000000000000000000000000000000000000000000000000000000000000000000000000000000000000000000000000000000000000000000000000000000000000000000000000000000000000000000000000000000000000
	00000000000000000000000000000000000000000000000000000000000000000000000000000000000000000000000000000000000000000000000000000000000000000000000000000000000000000000000000000000000000000000000000000000000000000000000000000000000000000000000000000000000000
	00000000000000000000000000000000000000000000004E0B00005D190000000000000000000000000000000000000000000000000000000000000000000000000000000000000000000000000000000000000000000000000000000000000000000000000000000000000000000000000000000000000000000000000000
	00000000000000000000000000000000000000000000000000000000000000000000000000000000000000000000000000000000000000000000000000000000000000000000000000000000000000000000000000000000000000000000000000000000000000000000000000000000000000000000000000000000000000
	0000000000000000000000000000000000000000000000000000000000000000000000000000000000000000000000000000000000000000000000000000000000000000000000000000000000000000004D0000005D1900000000000000000000000000000000000000000000000000000000000000000000000000000000
	00000000000000000000000000000000000000000000000000000000000000000000000000000000000000000000000000000000000000000000000000000000000000000000000000000000000000000000000000000000000000000000000000000000000000000000000000000000000000000000000000000000000000
	00000000000000000000000000000000000000000000000000000000000000000000000000000000000000000000000000000000000000000000000000000000000000000000000000000000000000000000000000000000000000000000000000000000000000000000000000000000000000000000000000000000000000
	0000000000000000000000004D0000005D1900000000000000000000000000000000000000000000000000000000000000000000000000000000000000000000000000000000000000000000000000000000000000000000000000000000000000000000000000000000000000000000000000000000000000000000000000
	00000000000000000000000000000000000000000000000000000000000000000000000000000000000000000000000000000000000000000000000000000000000000000000000000000000000000000000000000000000000000000000000000000000000000000000000000000000000000000000000000000000000000
	000000000000000000000000000000000000000000000000000000000000000000000000000000000000000000000000000000000000000000000000000000000000000000004D0000005D19000000000000000000000000000000000000000000000000000000000000000000000000000000000000000000000000000000
	00000000000000000000000000000000000000000000000000000000000000000000000000000000000000000000000000000000000000000000000000000000000000000000000000000000000000000000000000000000000000000000000000000000000000000000000000000000000000000000000000000000000000
	00000000000000000000000000000000000000000000000000000000000000000000000000000000000000000000000000000000000000000000000000000000000000000000000000000000000000000000000000000000000000000000000000000000000000000000000000000000000000000000000000000000000000
	004D0000002B2D000000000000000000010000000100000000000000000000000000000000000000000000000000000000000000000000000000000000000000000000000000000000000000000000000000000000000000000000000000000000000000000000000000000000000000000000000000000000000000000000
	00000000000000000000000000000000000000000000000000000000000000000000000000000000000000000000000000000000000000000000000000000000000000000000000000000000000000000000000000000000000000000000000000000000000000000000000000000000000000000000000000000000000000
	0000000000000000000000000000000000000000000000000000000000000000000000000000000000000000000000800000008000000000000000000000004E050000CEAE00000000000000000000000000000000000000000000000000000000000000000000000000000000000000000000000000000000000000000000
	00000000000000000000000000000000000000000000000000000000000000000000000000000000000000000000000000000000000000000000000000000000000000000000000000000000000000000000000000000000000000000000000000000000000000000000000000000000000000000000000000000000000000
	00000000000000000000000000000000000000000000000000000000000000000000000000000000000000000000000000000000000000000000000000000000000000000000000000000000000000000000000000000000000000000000000000000000000000000000000000000000000000000000000000000000004E05
	000088EE000000000000000000000000000000000000000000000000000000000000000000000000000000000000000000000000000000000000000000000000000000000000000000000000000000000000000000000000000000000000000000000000000000000000000000000000000000000000000000000000000000
	00000000000000000000000000000000000000000000000000000000000000000000000000000000000000000000000000000000000000000000000000000000000000000000000000000000000000000000000000000000000000000000000000000000000000000000000000000000000000000000000000000000000000
	0000000000000000000000000000000000000000000000000000000000000000000000000000000000000000000000004B06000088EE00000000000000000000000000000000000000000000000000000000000000000000000000000000000000000000000000000000000000000000000000000000000000000000000000
	00000000000000000000000000000000000000000000000000000000000000000000000000000000000000000000000000000000000000000000000000000000000000000000000000000000000000000000000000000000000000000000000000000000000000000000000000000000000000000000000000000000000000
	00000000000000000000000000000000000000000000000000000000000000000000000000000000000000000000000000000000000000000000000000000000000000000000000000000000000000000000000000000000000000000000000000004B0600009B760000000000000000000100000000000000000000000000
	00000000000000000000000000000000000000000000000000000000000000000000000000000000000000000000000000000000000000000000000000000000000000000000000000000000000000000000000000000000000000000000000000000000000000000000000000000000000000000000000000000000000000
	00000000000000000000000000000000000000000000000000000000000000000000000000000000000000000000000000000000000000000000000000000000000000000000000000000000000000000000000000000000000000000000000000000000000000000000000000000000000000000000000000000000000000
	0000000000000000008000000000000000000000004B0600007BAB00000000000000000000000000000000000000000000000000000000000000000000000000000000000000000000000000000000000000000000000000000000000000000000000000000000000000000000000000000000000000000000000000000000
	00000000000000000000000000000000000000000000000000000000000000000000000000000000000000000000000000000000000000000000000000000000000000000000000000000000000000000000000000000000000000000000000000000000000000000000000000000000000000000000000000000000000000
	000000000000000000000000000000000000000000000000000000000000000000000000000000000000000000000000000000000000000000000048010000E6020000000000000000000000000001000000000000000000000000000000000000000000000000000000000000000000000000000000000000000000000000
	00000000000000000000000000000000000000000000000000000000000000000000000000000000000000000000000000000000000000000000000000000000000000000000000000000000000000000000000000000000000000000000000000000000000000000000000000000000000000000000000000000000000000
	00000000000000000000000000000000000000000000000000000000000000000000000000000000000000000000000000000000000000000000000000000000000000000000000000000000000000000000000000000000000000000000000000000000000000000000000000000000008000000000000000000000000000
	0000500F00007FC20000000000000000000000000000000000000000000000000000000000000000000000000000000000000000000000000000000000000000000000000000000000000000000000000000000000000000000000000000000000000000000000000000000000000000000000000000000000000000000000
	00000000000000000000000000000000000000000000000000000000000000000000000000000000000000000000000000000000000000000000000000000000000000000000000000000000000000000000000000000000000000000000000000000000000000000000000000000000000000000000000000000000000000
	000000000000000000000000000000000000000000000000000000000000000000000000000000000000000000000000000000000000000000000000000000000000000000000000500F00007FC200000000000000000000000000000000000000000000000000000000000000000000000000000000000000000000000000
	00000000000000000000000000000000000000000000000000000000000000000000000000000000000000000000000000000000000000000000000000000000000000000000000000000000000000000000000000000000000000000000000000000000000000000000000000000000000000000000000000000000000000
	00000000000000000000000000000000000000000000000000000000000000000000000000000000000000000000000000000000000000000000000000000000000000000000000000000000000000000000000000000000000000000000000000000000000000000000000000000000000000000000000000000000000000
	000000000000000000000000000000500F00009B3900000000000000000000000000000000000000000000000000000000000000000000000000000000000000000000000000000000000000000000000000000000000000000000000000000000000000000000000000000000000000000000000000000000000000000000
	00000000000000000000000000000000000000000000000000000000000000000000000000000000000000000000000000000000000000000000000000000000000000000000000000000000000000000000000000000000000000000000000000000000000000000000000000000000000000000000000000000000000000
	00000000000000000000000000000000000000000000000000000000000000000000000000000000000000000000000000000000000000000000000000000000004B1000009B390000000000000000000000000000000000000000000000000000000000000000000000000000000000000000000000000000000000000000
	00000000000000000000000000000000000000000000000000000000000000000000000000000000000000000000000000000000000000000000000000000000000000000000000000000000000000000000000000000000000000000000000000000000000000000000000000000000000000000000000000000000000000
	000000000000000000000000000000000000000000000000000000000000000000000000000000000000000000000000000000000000000000000000000000000000000000000000000000000000000000000000000000000000000000000000000000000000000000000000000000000000004B1000009B39000000000000
	00000000000000000000000000000000000000000000000000000000000000000000000000000000000000000000000000000000000000000000000000000000000000000000000000000000000000000000000000000000000000000000000000000000000000000000000000000000000000000000000000000000000000
	00000000000000000000000000000000000000000000000000000000000000000000000000000000000000000000000000000000000000000000000000000000000000000000000000000000000000000000000000000000000000000000000000000000000000000000000000000000000000000000000000000000000000
	00000000000000000000000000000000000000000000000000000000000000000000000000004B1000000F790000000000000000000000000000000000000000000000000000000000000000000000000000000000000000000000000000000000000000000000000000000000000000000000000000000000000000000000
	000000000000000000000000000000000000000000000000000000000000000000000000000000000000000000000000000000000000000000000000000000000000000000000000000000280700000F7900000000000000000000000000000000000000000000000000000000000000000000000000000000000000000000
	0000000000000000000000000000000000000000000000000000000000000000000000000000000000000000000000000000000000000000000000000000000000000000000000000000000000000000000000000000000000000000000000000000000000000000000000000000000028070000ABEA000000FFFF06FFFF00
	83FF00807900807FFC807FFF867FFF8042FF80403880403FFC403FFFC63FFFC022FFC02018C0201FFC201FFFE61FFFE012FFE01008E0100FFC100FFFF60FFFF00BFFF00801F00807FC0807FFFE07FFF8037FF80405780403F80403FFFE03FFFC077FFC02017C0201FA0201FFFC01FFFE077FFE01037E0100F80100FFFD00FF
	FF06FFFF0083FF00807900807FFC0000000627080000483200000000000000000000010000000000000000008000000000000000004000000000000000000000000000800000000000000000400000000000000000000000002080000000000000000040000000000000000020000000000000000000000000004000001000
	00000000200000000000000000100000000000000000000000000020000000000000080010000000000000000008000000000000000000000000001000000000000000000800040000000000000400000000000000000000000000080000000000000000040000000000020000020000000000000000000000000004000000
	00000000000200000000000000000101000000000000000000000000020000000000000000010000000000000000008000000000000000000000000001000000000000000000800000000000000000400000000000000000500A00007816000000000000000080000000000000800040000000008000400000000000004000
	00000000204000200000000000002000000000000020001010000000000010000000000000100008000000000800080000000000000800040000000000000400040000000004000200000000000002000000000002020001000000000000010000000000000100008100000000000080000000000000800040000000002809
	00009C50000000004000000000200100000000000000000020000080001000000000000000000040100000000008000000000020000000000800000000040010000000000000800004000008000200000000400000000004020000000001200000000002000000000100100000000000000000010000080000800000000000
	0000000400800000000040000000000200000000004000000000200100000000000000280200001FB50000000000000000000100000000000000000000000000000000000000000000000000000000000000000000000000000000000000000000000000000000000000000000000000000000000000000000000000000000
	000000000000000000000000000000000000000000000000000000000000000000000000000000000000000000000000000000000000000080000000000000000000000027030000A7020000000000000000000000000000000000000000000000000000000000000000000000000000000000000000000000000000000000
	00000000000000000000000000000000000000000000000000000000000000000000000000000000000000000000000000000000000000000000000000000000000000000000000000000000000000000000000000000000000000000025040000BA8300000000000000000000000000010000000000000000000000000000
	0000000000000000000000000000000000000000000000000000000000000000000000000000000000000000000000000000000000000000000000000000000000000000000000000000000000000000000000000000000000000000000000000000000000008000000000000000000000000000000025040000AE26000000
	00000000000000000000000000000000000000000000000000000000000000000000000000000000000000000000000000000000000000000000000000000000000000000000000000000000000000000000000000000000000000000000000000000000000000000000000000000000000000000000000000000000000000
	0000000000000000000000000000000000000000260E0000AE260000000000000000000000000000000000000000000000000000000000000000000000000000000000000000000000000000000000000000000000000000000000000000000000000000000000000000000000000000000000000000000000000000000000
	00000000000000000000000000000000000000000000000000000000000000000000000000000000000000000000000000260E000046FA000000000000000000000000000000000000000000000000000000000000000000000000000000000000000000000000000000000000000000000000000000000000000000000000
	0000000000000000000000000000000000000000000000000000000000000000000000000000000000000000000000000000000000000000000000000000000000000000000000000000000000000000000000000000280D0000CEB10000400081004000010200000002002000002020400020004080000000800000000010
	100000101020000000204000000040080000000808000000081000000010200400002004000000000400000004080002000810020000100000000000020000010204000100040800000008000000000081000000810200000002040000000400400000004080004000810040000102000000020020000000204000280D0000
	46FA0000000000000000000000000000000000000000000000000000000000000000000000000000000000000000000000000000000000000000000000000000000000000000000000000000000000000000000000000000000000000000000000000000000000000000000000000000000000000000000000000000000000
	000000000000000000000000000000000000000000000000000000000000000000280D0000E78100000000000000000000000000000000000000000000000000000000000000000000000000000000000000000000000000000000000000000000000000000000000000000000000000000000000000000000000000000000
	00000000000000000000000000000000000000000000000000000000000000000000000000000000000000000000000000000000000000000000000000000000000000000000000000000000000000000000000000000000000000000000000000000000000000000000000000000000000000000000000000000000000000
	000000000000000000000000000000000000000000000000000000000000000000000000000000000000000000000000000000000000000000000000000000000000000000000000000000000000000000000000000000000000004D0C0000E781000000000000000000000000000000000000000000000000000000000000
	00000000000000000000000000000000000000000000000000000000000000000000000000000000000000000000000000000000000000000000000000000000000000000000000000000000000000000000000000000000000000000000000000000000000000000000000000000000000000000000000000000000000000
	00000000000000000000000000000000000000000000000000000000000000000000000000000000000000000000000000000000000000000000000000000000000000000000000000000000000000000000000000000000000000000000000000000000000000000000000000000000000000000000000000000000000000
	000000000000000000000000000000000000000000004D0C0000905E000000000000000000010000000100000000000000000000000000000000000000000000000000000000000000000000000000000000000000000000000000000000000000000000000000000000000000000000000000000000000000000000000000
	00000000000000000000000000000000000000000000000000000000000000000000000000000000000000000000000000000000000000000000000000000000000000000000000000000000000000000000000000000000000000000000000000000000000000000000000000000000000000000000000000000000000000
	0000000000000000000000000000000000000000000000000000000000000000000000000000000000000000000000000000000000000000000000000000000000000000800000008000000000000000000000004E0B000075DD00000000000000000000000000000000000000000000000000000000000000000000000000
	00000000000000000000000000000000000000000000000000000000000000000000000000000000000000000000000000000000000000000000000000000000000000000000000000000000000000000000000000000000000000000000000000000000000000000000000000000000000000000000000000000000000000
	00000000000000000000000000000000000000000000000000000000000000000000000000000000000000000000000000000000000000000000000000000000000000000000000000000000000000000000000000000000000000000000000000000000000000000000000000000000000000000000000000000000000000
	000000000000000000000000000000000000004E0B000075DD000000000000000000000000000000000000000000000000000000000000000000000000000000000000000000000000000000000000000000000000000000000000000000000000000000000000000000000000000000000000000000000000000000000000
	00000000000000000000000000000000000000000000000000000000000000000000000000000000000000000000000000000000000000000000000000000000000000000000000000000000000000000000000000000000000000000000000000000000000000000000000000000000000000000000000000000000000000
	0000000000000000000000000000000000000000000000000000000000000000000000000000000000000000000000000000000000000000000000000000000000000000000000000000000000000000004E0B00005D1900000000000000000000000000000000000000000000000000000000000000000000000000000000
	00000000000000000000000000000000000000000000000000000000000000000000000000000000000000000000000000000000000000000000000000000000000000000000000000000000000000000000000000000000000000000000000000000000000000000000000000000000000000000000000000000000000000
	00000000000000000000000000000000000000000000000000000000000000000000000000000000000000000000000000000000000000000000000000000000000000000000000000000000000000000000000000000000000000000000000000000000000000000000000000000000000000000000000000000000000000
	0000000000000000000000004D000000AA6200000000000000000000000000000000000000000000000000000000000000000000000000000000000000000000000000000000000000000000000000000000000000000000000000000000000000000000000000000000000000000000000000000000000000000000000000
	00000000000000000000000000000000000000000000000000000000000000000000000000000000000000000000000000000000000000000000000000000000000000000000000000000000000000000000000000000000000000000000000000000000000000000000000000000000000000000000000000000000000000
	000000000000000000000000000000000000000000000000000000000000000000000000000000000000000000000000000000000000000000008000000000000000000000004D0000005D19000000000000000000000000000000000000000000000000000000000000000000000000000000000000000000000000000000
	00000000000000000000000000000000000000000000000000000000000000000000000000000000000000000000000000000000000000000000000000000000000000000000000000000000000000000000000000000000000000000000000000000000000000000000000000000000000000000000000000000000000000
	00000000000000000000000000000000000000000000000000000000000000000000000000000000000000000000000000000000000000000000000000000000000000000000000000000000000000000000000000000000000000000000000000000000000000000000000000000000000000000000000000000000000000
	004D00000039C7000000000000000000000000000000000000000000000000000000000000000000000000000000000000000000000000000000000000000000000000000000000000000000000000000000000000000000000000000000000000000000000000000000000000000000000000000000000000000000000000
	00000000000000000000000000000000000000000000000000000000000000000000000000000000000000000000000000000000000000000000000000000000000000000000000000000000000000000000000000000000000000000000000000000000000000000000000000000000000000000000000000000000000000
	00000000000000000000000000000000000000000000000000000000000000000000000000000000000000800000000000000000000000000000004D000000CEAE0000000000000000000000000000000000000000000000000000000000000000000000000000000000000000000000000000000000000000000000000000
	00000000000000000000000000000000000000000000000000000000000000000000000000000000000000000000000000000000000000000000000000000000000000000000000000000000000000000000000000000000000000000000000000000000000000000000000000000000000000000000000000000000000000
	000000000000000000000000000000000000000000000000000000000000000000000000000000000000000000000000000000000000000000000000000000000000000000000000000000000000000000000000000000000000000000000000000000000000000000000000000000000000000000000000004E050000CEAE
	00000000000000000000000000000000000000000000000000000000000000000000000000000000000000000000000000000000000000000000000000000000000000000000000000000000000000000000000000000000000000000000000000000000000000000000000000000000000000000000000000000000000000
	00000000000000000000000000000000000000000000000000000000000000000000000000000000000000000000000000000000000000000000000000000000000000000000000000000000000000000000000000000000000000000000000000000000000000000000000000000000000000000000000000000000000000
	00000000000000000000000000000000000000000000000000000000000000000000000000000000000000000000000000000000000000004E05000088EE0000000000000000000000000000000000000000000000000000000000000000000000000000000000000000000000000000000000000000000000000000000000
	00000000000000000000000000000000000000000000000000000000000000000000000000000000000000000000000000000000000000000000000000000000000000000000000000000000000000000000000000000000000000000000000000000000000000000000000000000000000000000000000000000000000000
	000000000000000000000000000000000000000000000000000000000000000000000000000000000000000000000000000000000000000000000000000000000000000000000000000000000000000000000000000000000000000000000000000000000000000000004B06000088EE000000000000000000000000000000
	00000000000000000000000000000000000000000000000000000000000000000000000000000000000000000000000000000000000000000000000000000000000000000000000000000000000000000000000000000000000000000000000000000000000000000000000000000000000000000000000000000000000000
	00000000000000000000000000000000000000000000000000000000000000000000000000000000000000000000000000000000000000000000000000000000000000000000000000000000000000000000000000000000000000000000000000000000000000000000000000000000000000000000000000000000000000
	00000000000000000000000000000000000000000000000000000000004B06000088EE0000000000000000000000000000000000000000000000000000000000000000000000000000000000000000000000000000000000000000000000000000000000000000000000000000000000000000000000000000000000000000
	00000000000000000000000000000000000000000000000000000000000000000000000000000000000000000000000000000000000000000000000000000000000000000000000000000000000000000000000000000000000000000000000000000000000000000000000000000000000000000000000000000000000000
	000000000000000000000000000000000000000000000000000000000000000000000000000000000000000000000000000000000000000000000000000000000000000000000000000000000000004B0600007BAB000000000000000000000000000000000000000000000000000000000000000000000000000000000000
	00000000000000000000000000000000000000000000000000000000000000000000000000000000000000000000000000000000000000000000000000000000000000000000000000000000000000000000000000000000000000000000000000000000000000000000000000000000000000000000000000000000000000
	000000000000000000000000000000000000000000000000000000000000000000000000000000000000000000000000000000000000000000000000000000000000000000000000000000000000000000000000000000000000000000000000000000000000000000000000000000000000000000480100007FC200000000
	00000000000000000000000000000000000000000000000000000000000000000000000000000000000000000000000000000000000000000000000000000000000000000000000000000000000000000000000000000000000000000000000000000000000000000000000000000000000000000000000000000000000000
	00000000000000000000000000000000000000000000000000000000000000000000000000000000000000000000000000000000000000000000000000000000000000000000000000000000000000000000000000000000000000000000000000000000000000000000000000000000000000000000000000000000000000
	000000000000000000000000000000000000000000000000000000000000000000000000000000000000000000000000000000000000000000000000500F0000F4BF00000000000000000000000000000000000000000000000000000000000000000000000000000000000000000000000000000000000000000000000000
	00000000000000000000000000000000000000000000000000000000000000000000000000000000000000000000000000000000000000000000000000000000000000000000000000000000000000000000000000000000000000000000000000000000000000000000000000000000000000000000000000000000000000
	00000000000000000000000000000000000000000000000000000000000000000000000000000000000000000000000000000000000000000000000000000000000000000000000000000000000000000000000000000000000000000000000000000000000000000000000000000000000080000000800000000000000000
	000000500F00007FC200000000000000000000000000000000000000000000000000000000000000000000000000000000000000000000000000000000000000000000000000000000000000000000000000000000000000000000000000000000000000000000000000000000000000000000000000000000000000000000
	00000000000000000000000000000000000000000000000000000000000000000000000000000000000000000000000000000000000000000000000000000000000000000000000000000000000000000000000000000000000000000000000000000000000000000000000000000000000000000000000000000000000000
	00000000000000000000000000000000000000000000000000000000000000000000000000000000000000000000000000000000000000000000000000000000000000000000000000500F00009B39000000000000000000000000000000000000000000000000000000000000000000000000000000000000000000000000
	00000000000000000000000000000000000000000000000000000000000000000000000000000000000000000000000000000000000000000000000000000000000000000000000000000000000000000000000000000000000000000000000000000000000000000000000000000000000000000000000000000000000000
	0000000000000000000000000000000000000000000000000000000000000000000000000000000000000000000000000000000000000000000000000000000000000000000000000000000000000000000000000000000000000000000000000000000000000000000000000000000000000000000000000000004B100000
	9B390000000000000000000000000000000000000000000000000000000000000000000000000000000000000000000000000000000000000000000000000000000000000000000000000000000000000000000000000000000000000000000000000000000000000000000000000000000000000000000000000000000000
	00000000000000000000000000000000000000000000000000000000000000000000000000000000000000000000000000000000000000000000000000000000000000000000000000000000000000000000000000000000000000000000000000000000000000000000000000000000000000000000000000000000000000
	000000000000000000000000000000000000000000000000000000000000000000000000000000000000000000004B10000088A1000000000000000000010000000000000000000000000000000000000000000000000000000000000000000000000000000000000000000000000000000000000000000000000000000000
	00000000000000000000000000000000000000000000000000000000000000000000000000000000000000000000000000000000000000000000000000000000000000000000000000000000000000000000000000000000000000000000000000000000000000000000000000000000000000000000000000000000000000
	0000000000000000000000000000000000000000000000000000000000000000000000000000000000000000000000000000000000000000000000000000000000000000000000000000000000000000000000008000000000000000000000004B1000000F7900000000000000000000000000000000000000000000000000
	00000000000000000000000000000000000000000000000000000000000000000000000000000000000000000000000000000000000000000000000000000000000000000000000000000000000000000000000000000000000000000000000000000000000000000000000000000000000000000000000000000000000000
	00000000000028070000E01100000000000000000000000000010000000000000000000000000000000000000000000000000000000000000000000000000000000000000000000000000000000000000000000000000000000000000000000000000000000000000000000000000000000000000000000000000000000000
	0000000000000000000000000000000000000000000000000000008000000000000000000000000000000028070000E007000000FFFF06FFFF0082FF00807800807FFC807FFF867FFF8042FF80403880403FFC403FFFC63FFFC022FFC02018C0201FFC201FFFE61FFFE012FFE01008E0100FFC100FFFF60FFFF00BFFF00801
	F00807FC0807FFFE07FFF8037FF80405780403F80403FFFE03FFFC077FFC02017C0201FA0201FFFC01FFFE077FFE01037E0100F80100FFFD00FFFF067FFF00837F00807900807FFC00000006270800004832000000000000000000000100000000000000000080000000000000000040000000000000000000000000008000
	00000000000000400000000000000000000000002080000000000000000040000000000000000020000000000000000000000000004000001000000000002000000000000000001000000000000000000000000000200000000000000800100000000000000000080000000000000000000000000010000000000000000008
	00040000000000000400000000000000000000000000080000000000000000040000000000020000020000000000000000000000000004000000000000000002000000000000000001010000000000000000000000000200000000000000000100000000000000000080000000000000000000000000010000000000000000
	00800000000000000000400000000000000000500A00007816000000000000000080000000000000800040000000008000400000000000004000000000002040002000000000000020000000000000200010100000000000100000000000001000080000000008000800000000000008000400000000000004000400000000
	0400020000000000000200000000000202000100000000000001000000000000010000810000000000008000000000000080004000000000280900009C500000000040000000002001000000000000000000200000800010000000000000000000401000000000080000000000200000000008000000000400100000000000
	00800004000008000200000000400000000004020000000001200000000002000000000100100000000000000000010000080000800000000000000000040080000000004000000000020000000000400000000020010000000000000028020000F48C00000000000000000000000000000000000000000000000000000000
	00000000000000000000000000000000000000000000000000000000000000000000000000000000000000000000000000000000000000000000000000000000000000000000000000000000000000000000000000000000000000000000000000000000000000000000000000000000000000000000000000000000000027
	030000A7020000000000000000000000000000000000000000000000000000000000000000000000000000000000000000000000000000000000000000000000000000000000000000000000000000000000000000000000000000000000000000000000000000000000000000000000000000000000000000000000000000
	00000000000000000000000000000000000000000000000025040000A70200000000000000000000000000000000000000000000000000000000000000000000000000000000000000000000000000000000000000000000000000000000000000000000000000000000000000000000000000000000000000000000000000
	00000000000000000000000000000000000000000000000000000000000000000000000000000000000000000000000000250400000D4A000000000000000000010000000100000000000000000000000000000000000000000000000000000000000000000000000000000000000000000000000000000000000000000000
	000000000000000000000000000000000000000000000000000000000000000000000000000000000000000000000000000000000000000000000000000080000000800000000000000000000000260E0000AE2600000000000000000000000000000000000000000000000000000000000000000000000000000000000000
	0000000000000000000000000000000000000000000000000000000000000000000000000000000000000000000000000000000000000000000000000000000000000000000000000000000000000000000000000000000000000000000000000000000000000000000000260E000046FA0000000000000000000000000000
	00000000000000000000000000000000000000000000000000000000000000000000000000000000000000000000000000000000000000000000000000000000000000000000000000000000000000000000000000000000000000000000000000000000000000000000000000000000000000000000000000000000000000
	0000000000000000000000000000000000280D0000CEB10000400081004000010200000002002000002020400020004080000000800000000010100000101020000000204000000040080000000808000000081000000010200400002004000000000400000004080002000810020000100000000000020000010204000100
	040800000008000000000081000000810200000002040000000400400000004080004000810040000102000000020020000000204000280D0000EAD700000000000000000001000000000000000000000000000000000000000000000000000000000000000000000000000000000000000000000000000000000000000000
	00000000000000000000000000000000000000000000000000000000000000000000000000000000000000000000000000000000000000000000000000000000000000000000000000000000000000800000000000000000000000280D0000E781000000000000000000000000000000000000000000000000000000000000
	00000000000000000000000000000000000000000000000000000000000000000000000000000000000000000000000000000000000000000000000000000000000000000000000000000000000000000000000000000000000000000000000000000000000000000000000000000000000000000000000000000000000000
	00000000000000000000000000000000000000000000000000000000000000000000000000000000000000000000000000000000000000000000000000000000000000000000000000000000000000000000000000000000000000000000000000000000000000000000000000000000000000000000000000000000000000
	000000000000000000000000000000000000000000004D0C0000425F000000000000000000000000000100000000000000000000000000000000000000000000000000000000000000000000000000000000000000000000000000000000000000000000000000000000000000000000000000000000000000000000000000
	00000000000000000000000000000000000000000000000000000000000000000000000000000000000000000000000000000000000000000000000000000000000000000000000000000000000000000000000000000000000000000000000000000000000000000000000000000000000000000000000000000000000000
	00000000000000000000000000000000000000000000000000000000000000000000000000000000000000000000000000000000000000000000000000000000800000000000000000000000000000004D0C000075DD0000000000000000000000000000000000000000000000000000000000000000000000000000000000
	00000000000000000000000000000000000000000000000000000000000000000000000000000000000000000000000000000000000000000000000000000000000000000000000000000000000000000000000000000000000000000000000000000000000000000000000000000000000000000000000000000000000000
	00000000000000000000000000000000000000000000000000000000000000000000000000000000000000000000000000000000000000000000000000000000000000000000000000000000000000000000000000000000000000000000000000000000000000000000000000000000000000000000000000000000000000
	0000000000000000000000000000004E0B000075DD00000000000000000000000000000000000000000000000000000000000000000000000000000000000000000000000000000000000000000000000000000000000000000000000000000000000000000000000000000000000000000000000000000000000000000000
	00000000000000000000000000000000000000000000000000000000000000000000000000000000000000000000000000000000000000000000000000000000000000000000000000000000000000000000000000000000000000000000000000000000000000000000000000000000000000000000000000000000000000
	00000000000000000000000000000000000000000000000000000000000000000000000000000000000000000000000000000000000000000000000000000000000000000000000000000000004E0B000075DD0000000000000000000000000000000000000000000000000000000000000000000000000000000000000000
	00000000000000000000000000000000000000000000000000000000000000000000000000000000000000000000000000000000000000000000000000000000000000000000000000000000000000000000000000000000000000000000000000000000000000000000000000000000000000000000000000000000000000
	00000000000000000000000000000000000000000000000000000000000000000000000000000000000000000000000000000000000000000000000000000000000000000000000000000000000000000000000000000000000000000000000000000000000000000000000000000000000000000000000000000000000000
	0000000000000000000000004E0B00005D1900000000000000000000000000000000000000000000000000000000000000000000000000000000000000000000000000000000000000000000000000000000000000000000000000000000000000000000000000000000000000000000000000000000000000000000000000
	00000000000000000000000000000000000000000000000000000000000000000000000000000000000000000000000000000000000000000000000000000000000000000000000000000000000000000000000000000000000000000000000000000000000000000000000000000000000000000000000000000000000000
	000000000000000000000000000000000000000000000000000000000000000000000000000000000000000000000000000000000000000000000000000000000000000000004D0000005D19000000000000000000000000000000000000000000000000000000000000000000000000000000000000000000000000000000
	00000000000000000000000000000000000000000000000000000000000000000000000000000000000000000000000000000000000000000000000000000000000000000000000000000000000000000000000000000000000000000000000000000000000000000000000000000000000000000000000000000000000000
	00000000000000000000000000000000000000000000000000000000000000000000000000000000000000000000000000000000000000000000000000000000000000000000000000000000000000000000000000000000000000000000000000000000000000000000000000000000000000000000000000000000000000
	004D0000005D19000000000000000000000000000000000000000000000000000000000000000000000000000000000000000000000000000000000000000000000000000000000000000000000000000000000000000000000000000000000000000000000000000000000000000000000000000000000000000000000000
	00000000000000000000000000000000000000000000000000000000000000000000000000000000000000000000000000000000000000000000000000000000000000000000000000000000000000000000000000000000000000000000000000000000000000000000000000000000000000000000000000000000000000
	00000000000000000000000000000000000000000000000000000000000000000000000000000000000000000000000000000000000000000000004D0000005D190000000000000000000000000000000000000000000000000000000000000000000000000000000000000000000000000000000000000000000000000000
	00000000000000000000000000000000000000000000000000000000000000000000000000000000000000000000000000000000000000000000000000000000000000000000000000000000000000000000000000000000000000000000000000000000000000000000000000000000000000000000000000000000000000
	0000000000000000000000000000000000000000000000000000000000000000000000000000000000000000000000000000000000000000000000000000000000000000000000000000000000000000000000000000000000000000000000000000000000000000000000000000000000000000004D0000002B2D00000000
	00000000000100000001000000000000000000000000000000000000000000000000000000000000000000000000000000000000000000000000000000000000000000000000000000000000000000000000000000000000000000000000000000000000000000000000000000000000000000000000000000000000000000
	00000000000000000000000000000000000000000000000000000000000000000000000000000000000000000000000000000000000000000000000000000000000000000000000000000000000000000000000000000000000000000000000000000000000000000000000000000000000000000000000000000000000000
	000000000000000000000000000000000000000000000000000000000000000000000000800000008000000000000000000000004E050000CEAE000000000000000000000000000000000000000000000000000000000000000000000000000000000000000000000000000000000000000000000000000000000000000000
	00000000000000000000000000000000000000000000000000000000000000000000000000000000000000000000000000000000000000000000000000000000000000000000000000000000000000000000000000000000000000000000000000000000000000000000000000000000000000000000000000000000000000
	0000000000000000000000000000000000000000000000000000000000000000000000000000000000000000000000000000000000000000000000000000000000000000000000000000000000000000000000000000000000000000000000000000000000000000000000000000000000004E05000088EE00000000000000
	00000000000000000000000000000000000000000000000000000000000000000000000000000000000000000000000000000000000000000000000000000000000000000000000000000000000000000000000000000000000000000000000000000000000000000000000000000000000000000000000000000000000000
	00000000000000000000000000000000000000000000000000000000000000000000000000000000000000000000000000000000000000000000000000000000000000000000000000000000000000000000000000000000000000000000000000000000000000000000000000000000000000000000000000000000000000
	000000000000000000000000000000000000000000000000000000000000000000000000004B06000088EE000000000000000000000000000000000000000000000000000000000000000000000000000000000000000000000000000000000000000000000000000000000000000000000000000000000000000000000000
	00000000000000000000000000000000000000000000000000000000000000000000000000000000000000000000000000000000000000000000000000000000000000000000000000000000000000000000000000000000000000000000000000000000000000000000000000000000000000000000000000000000000000
	0000000000000000000000000000000000000000000000000000000000000000000000000000000000000000000000000000000000000000000000000000000000000000000000000000000000000000000000000000004B0600009B7600000000000000000001000000000000000000000000000000000000000000000000
	00000000000000000000000000000000000000000000000000000000000000000000000000000000000000000000000000000000000000000000000000000000000000000000000000000000000000000000000000000000000000000000000000000000000000000000000000000000000000000000000000000000000000
	00000000000000000000000000000000000000000000000000000000000000000000000000000000000000000000000000000000000000000000000000000000000000000000000000000000000000000000000000000000000000000000000000000000000000000000000000000000000000000000000000000000008000
	000000000000000000004B0600007BAB000000000000000000000000000000000000000000000000000000000000000000000000000000000000000000000000000000000000000000000000000000000000000000000000000000000000000000000000000000000000000000000000000000000000000000000000000000
	00000000000000000000000000000000000000000000000000000000000000000000000000000000000000000000000000000000000000000000000000000000000000000000000000000000000000000000000000000000000000000000000000000000000000000000000000000000000000000000000000000000000000
	00000000000000000000000000000000000000000000000000000000000000000000000000000000000000000000000048010000E60200000000000000000000000000010000000000000000000000000000000000000000000000000000000000000000000000000000000000000000000000000000000000000000000000
	00000000000000000000000000000000000000000000000000000000000000000000000000000000000000000000000000000000000000000000000000000000000000000000000000000000000000000000000000000000000000000000000000000000000000000000000000000000000000000000000000000000000000
	00000000000000000000000000000000000000000000000000000000000000000000000000000000000000000000000000000000000000000000000000000000000000000000000000000000000000000000000000000000000000000000000000000000000080000000000000000000000000000000500F00007FC2000000
	00000000000000000000000000000000000000000000000000000000000000000000000000000000000000000000000000000000000000000000000000000000000000000000000000000000000000000000000000000000000000000000000000000000000000000000000000000000000000000000000000000000000000
	00000000000000000000000000000000000000000000000000000000000000000000000000000000000000000000000000000000000000000000000000000000000000000000000000000000000000000000000000000000000000000000000000000000000000000000000000000000000000000000000000000000000000
	00000000000000000000000000000000000000000000000000000000000000000000000000000000000000000000000000000000000000000000000000500F00007FC2000000000000000000000000000000000000000000000000000000000000000000000000000000000000000000000000000000000000000000000000
	00000000000000000000000000000000000000000000000000000000000000000000000000000000000000000000000000000000000000000000000000000000000000000000000000000000000000000000000000000000000000000000000000000000000000000000000000000000000000000000000000000000000000
	00000000000000000000000000000000000000000000000000000000000000000000000000000000000000000000000000000000000000000000000000000000000000000000000000000000000000000000000000000000000000000000000000000000000000000000000000000000000000000000000000000000000000
	00000000500F00009B39000000000000000000000000000000000000000000000000000000000000000000000000000000000000000000000000000000000000000000000000000000000000000000000000000000000000000000000000000000000000000000000000000000000000000000000000000000000000000000
	00000000000000000000000000000000000000000000000000000000000000000000000000000000000000000000000000000000000000000000000000000000000000000000000000000000000000000000000000000000000000000000000000000000000000000000000000000000000000000000000000000000000000
	0000000000000000000000000000000000000000000000000000000000000000000000000000000000000000000000000000000000004B1000009B3900000000000000000000000000000000000000000000000000000000000000000000000000000000000000000000000000000000000000000000000000000000000000
	00000000000000000000000000000000000000000000000000000000000000000000000000000000000000000000000000000000000000000000000000000000000000000000000000000000000000000000000000000000000000000000000000000000000000000000000000000000000000000000000000000000000000
	00000000000000000000000000000000000000000000000000000000000000000000000000000000000000000000000000000000000000000000000000000000000000000000000000000000000000000000000000000000000000000000000000000000000000004B1000009B390000000000000000000000000000000000
	00000000000000000000000000000000000000000000000000000000000000000000000000000000000000000000000000000000000000000000000000000000000000000000000000000000000000000000000000000000000000000000000000000000000000000000000000000000000000000000000000000000000000
	00000000000000000000000000000000000000000000000000000000000000000000000000000000000000000000000000000000000000000000000000000000000000000000000000000000000000000000000000000000000000000000000000000000000000000000000000000000000000000000000000000000000000
	0000000000000000000000000000000000000000000000000000004B1000000F7900000000000000000000000000000000000000000000000000000000000000000000000000000000000000000000000000000000000000000000000000000000000000000000000000000000000000000000000000000000000000000000
	00000000000000000000000000000000000000000000000000000000000000000000000000000000000000000000000000000000000000000000000000000000280700000F79000000000000000000000000000000000000000000000000000000000000000000000000000000000000000000000000000000000000000000
	000000000000000000000000000000000000000000000000000000000000000000000000000000000000000000000000000000000000000000000000000000000000000000000000000000000000000000000000000000000000000000000000000000000028070000ABEA000000FFFF06FFFF0083FF00807900807FFC807F
	FF867FFF8042FF80403880403FFC403FFFC63FFFC022FFC02018C0201FFC201FFFE61FFFE012FFE01008E0100FFC100FFFF60FFFF00BFFF00801F00807FC0807FFFE07FFF8037FF80405780403F80403FFFE03FFFC077FFC02017C0201FA0201FFFC01FFFE077FFE01037E0100F80100FFFD00FFFF06FFFF0083FF00807900
	807FFC00000006270800004832000000000000000000000100000000000000000080000000000000000040000000000000000000000000008000000000000000004000000000000000000000000020800000000000000000400000000000000000200000000000000000000000000040000010000000000020000000000000
	00001000000000000000000000000000200000000000000800100000000000000000080000000000000000000000000010000000000000000008000400000000000004000000000000000000000000000800000000000000000400000000000200000200000000000000000000000000040000000000000000020000000000
	0000000101000000000000000000000000020000000000000000010000000000000000008000000000000000000000000001000000000000000000800000000000000000400000000000000000500A000078160000000000000000800000000000008000400000000080004000000000000040000000000020400020000000
	000000200000000000002000101000000000001000000000000010000800000000080008000000000000080004000000000000040004000000000400020000000000000200000000000202000100000000000001000000000000010000810000000000008000000000000080004000000000280900009C5000000000400000
	00002001000000000000000000200000800010000000000000000000401000000000080000000000200000000008000000000400100000000000008000040000080002000000004000000000040200000000012000000000020000000001001000000000000000000100000800008000000000000000000400800000000040
	000000000200000000004000000000200100000000000000280200001FB500000000000000000001000000000000000000000000000000000000000000000000000000000000000000000000000000000000000000000000000000000000000000000000000000000000000000000000000000000000000000000000000000
	00000000000000000000000000000000000000000000000000000000000000000000000000000000000000000080000000000000000000000027030000A70200000000000000000000000000000000000000000000000000000000000000000000000000000000000000000000000000000000000000000000000000000000
	0000000000000000000000000000000000000000000000000000000000000000000000000000000000000000000000000000000000000000000000000000000000000000000000000000000000000000000025040000BA83000000000000000000000000000100000000000000000000000000000000000000000000000000
	000000000000000000000000000000000000000000000000000000000000000000000000000000000000000000000000000000000000000000000000000000000000000000000000000000000000000000000000000000000000008000000000000000000000000000000025040000AE260000000000000000000000000000
	00000000000000000000000000000000000000000000000000000000000000000000000000000000000000000000000000000000000000000000000000000000000000000000000000000000000000000000000000000000000000000000000000000000000000000000000000000000000000000000000000000000000000
	000000000000000000260E0000AE2600000000000000000000000000000000000000000000000000000000000000000000000000000000000000000000000000000000000000000000000000000000000000000000000000000000000000000000000000000000000000000000000000000000000000000000000000000000
	0000000000000000000000000000000000000000000000000000000000000000000000000000260E000046FA0000000000000000000000000000000000000000000000000000000000000000000000000000000000000000000000000000000000000000000000000000000000000000000000000000000000000000000000
	000000000000000000000000000000000000000000000000000000000000000000000000000000000000000000000000000000000000000000000000000000000000000000000000000000280D0000CEB100004000810040000102000000020020000020204000200040800000008000000000101000001010200000002040
	00000040080000000808000000081000000010200400002004000000000400000004080002000810020000100000000000020000010204000100040800000008000000000081000000810200000002040000000400400000004080004000810040000102000000020020000000204000280D000046FA000000000000000000
	00000000000000000000000000000000000000000000000000000000000000000000000000000000000000000000000000000000000000000000000000000000000000000000000000000000000000000000000000000000000000000000000000000000000000000000000000000000000000000000000000000000000000
	00000000000000000000000000000000000000000000280D0000E781000000000000000000000000000000000000000000000000000000000000000000000000000000000000000000000000000000000000000000000000000000000000000000000000000000000000000000000000000000000000000000000000000000
	00000000000000000000000000000000000000000000000000000000000000000000000000000000000000000000000000000000000000000000000000000000000000000000000000000000000000000000000000000000000000000000000000000000000000000000000000000000000000000000000000000000000000
	00000000000000000000000000000000000000000000000000000000000000000000000000000000000000000000000000000000000000000000000000000000000000000000000000000000000000004D0C0000E7810000000000000000000000000000000000000000000000000000000000000000000000000000000000
	00000000000000000000000000000000000000000000000000000000000000000000000000000000000000000000000000000000000000000000000000000000000000000000000000000000000000000000000000000000000000000000000000000000000000000000000000000000000000000000000000000000000000
	00000000000000000000000000000000000000000000000000000000000000000000000000000000000000000000000000000000000000000000000000000000000000000000000000000000000000000000000000000000000000000000000000000000000000000000000000000000000000000000000000000000000000
	00000000000000000000004D0C0000905E0000000000000000000100000001000000000000000000000000000000000000000000000000000000000000000000000000000000000000000000000000000000000000000000000000000000000000000000000000000000000000000000000000000000000000000000000000
	00000000000000000000000000000000000000000000000000000000000000000000000000000000000000000000000000000000000000000000000000000000000000000000000000000000000000000000000000000000000000000000000000000000000000000000000000000000000000000000000000000000000000
	000000000000000000000000000000000000000000000000000000000000000000000000000000000000000000000000000000000000000000800000008000000000000000000000004E0B000075DD000000000000000000000000000000000000000000000000000000000000000000000000000000000000000000000000
	00000000000000000000000000000000000000000000000000000000000000000000000000000000000000000000000000000000000000000000000000000000000000000000000000000000000000000000000000000000000000000000000000000000000000000000000000000000000000000000000000000000000000
	00000000000000000000000000000000000000000000000000000000000000000000000000000000000000000000000000000000000000000000000000000000000000000000000000000000000000000000000000000000000000000000000000000000000000000000000000000000000000000000000000000000000000
	00000000000000004E0B000075DD0000000000000000000000000000000000000000000000000000000000000000000000000000000000000000000000000000000000000000000000000000000000000000000000000000000000000000000000000000000000000000000000000000000000000000000000000000000000
	00000000000000000000000000000000000000000000000000000000000000000000000000000000000000000000000000000000000000000000000000000000000000000000000000000000000000000000000000000000000000000000000000000000000000000000000000000000000000000000000000000000000000
	000000000000000000000000000000000000000000000000000000000000000000000000000000000000000000000000000000000000000000000000000000000000000000004E0B00005D19000000000000000000000000000000000000000000000000000000000000000000000000000000000000000000000000000000
	00000000000000000000000000000000000000000000000000000000000000000000000000000000000000000000000000000000000000000000000000000000000000000000000000000000000000000000000000000000000000000000000000000000000000000000000000000000000000000000000000000000000000
	00000000000000000000000000000000000000000000000000000000000000000000000000000000000000000000000000000000000000000000000000000000000000000000000000000000000000000000000000000000000000000000000000000000000000000000000000000000000000000000000000000000000000
	004D000000AA62000000000000000000000000000000000000000000000000000000000000000000000000000000000000000000000000000000000000000000000000000000000000000000000000000000000000000000000000000000000000000000000000000000000000000000000000000000000000000000000000
	00000000000000000000000000000000000000000000000000000000000000000000000000000000000000000000000000000000000000000000000000000000000000000000000000000000000000000000000000000000000000000000000000000000000000000000000000000000000000000000000000000000000000
	00000000000000000000000000000000000000000000000000000000000000000000000000000000000000000000008000000000000000000000004D0000005D190000000000000000000000000000000000000000000000000000000000000000000000000000000000000000000000000000000000000000000000000000
	00000000000000000000000000000000000000000000000000000000000000000000000000000000000000000000000000000000000000000000000000000000000000000000000000000000000000000000000000000000000000000000000000000000000000000000000000000000000000000000000000000000000000
	0000000000000000000000000000000000000000000000000000000000000000000000000000000000000000000000000000000000000000000000000000000000000000000000000000000000000000000000000000000000000000000000000000000000000000000000000000000000000000004D00000039C700000000
	00000000000000000000000000000000000000000000000000000000000000000000000000000000000000000000000000000000000000000000000000000000000000000000000000000000000000000000000000000000000000000000000000000000000000000000000000000000000000000000000000000000000000
	00000000000000000000000000000000000000000000000000000000000000000000000000000000000000000000000000000000000000000000000000000000000000000000000000000000000000000000000000000000000000000000000000000000000000000000000000000000000000000000000000000000000000
	0000000000000000000000000000000000000000000000000000000000000000800000000000000000000000000000004D000000CEAE00000000000000000000000000000000000000000000000000000000000000000000000000000000000000000000000000000000000000000000000000000000000000000000000000
	00000000000000000000000000000000000000000000000000000000000000000000000000000000000000000000000000000000000000000000000000000000000000000000000000000000000000000000000000000000000000000000000000000000000000000000000000000000000000000000000000000000000000
	00000000000000000000000000000000000000000000000000000000000000000000000000000000000000000000000000000000000000000000000000000000000000000000000000000000000000000000000000000000000000000000000000000000000000000000000000004E050000CEAE0000000000000000000000
	00000000000000000000000000000000000000000000000000000000000000000000000000000000000000000000000000000000000000000000000000000000000000000000000000000000000000000000000000000000000000000000000000000000000000000000000000000000000000000000000000000000000000
	00000000000000000000000000000000000000000000000000000000000000000000000000000000000000000000000000000000000000000000000000000000000000000000000000000000000000000000000000000000000000000000000000000000000000000000000000000000000000000000000000000000000000
	0000000000000000000000000000000000000000000000000000000000000000000000000000000000000000004E05000088EE00000000000000000000000000000000000000000000000000000000000000000000000000000000000000000000000000000000000000000000000000000000000000000000000000000000
	00000000000000000000000000000000000000000000000000000000000000000000000000000000000000000000000000000000000000000000000000000000000000000000000000000000000000000000000000000000000000000000000000000000000000000000000000000000000000000000000000000000000000
	00000000000000000000000000000000000000000000000000000000000000000000000000000000000000000000000000000000000000000000000000000000000000000000000000000000000000000000000000000000000000000000004B06000088EE0000000000000000000000000000000000000000000000000000
	00000000000000000000000000000000000000000000000000000000000000000000000000000000000000000000000000000000000000000000000000000000000000000000000000000000000000000000000000000000000000000000000000000000000000000000000000000000000000000000000000000000000000
	00000000000000000000000000000000000000000000000000000000000000000000000000000000000000000000000000000000000000000000000000000000000000000000000000000000000000000000000000000000000000000000000000000000000000000000000000000000000000000000000000000000000000
	0000000000000000000000000000000000004B06000088EE00000000000000000000000000000000000000000000000000000000000000000000000000000000000000000000000000000000000000000000000000000000000000000000000000000000000000000000000000000000000000000000000000000000000000
	00000000000000000000000000000000000000000000000000000000000000000000000000000000000000000000000000000000000000000000000000000000000000000000000000000000000000000000000000000000000000000000000000000000000000000000000000000000000000000000000000000000000000
	00000000000000000000000000000000000000000000000000000000000000000000000000000000000000000000000000000000000000000000000000000000000000004B0600007BAB0000000000000000000000000000000000000000000000000000000000000000000000000000000000000000000000000000000000
	00000000000000000000000000000000000000000000000000000000000000000000000000000000000000000000000000000000000000000000000000000000000000000000000000000000000000000000000000000000000000000000000000000000000000000000000000000000000000000000000000000000000000
	00000000000000000000000000000000000000000000000000000000000000000000000000000000000000000000000000000000000000000000000000000000000000000000000000000000000000000000000000000000000000000000000000000000000000000000480100007FC2000000000000000000000000000000
	00000000000000000000000000000000000000000000000000000000000000000000000000000000000000000000000000000000000000000000000000000000000000000000000000000000000000000000000000000000000000000000000000000000000000000000000000000000000000000000000000000000000000
	00000000000000000000000000000000000000000000000000000000000000000000000000000000000000000000000000000000000000000000000000000000000000000000000000000000000000000000000000000000000000000000000000000000000000000000000000000000000000000000000000000000000000
	00000000000000000000000000000000000000000000000000000000000000000000000000000000000000000000000000500F0000F4BF000000000000000000000000000000000000000000000000000000000000000000000000000000000000000000000000000000000000000000000000000000000000000000000000
	00000000000000000000000000000000000000000000000000000000000000000000000000000000000000000000000000000000000000000000000000000000000000000000000000000000000000000000000000000000000000000000000000000000000000000000000000000000000000000000000000000000000000
	0000000000000000000000000000000000000000000000000000000000000000000000000000000000000000000000000000000000000000000000000000000000000000000000000000000000000000000000000000000000000000000000000000000000000080000000800000000000000000000000500F00007FC20000
	00000000000000000000000000000000000000000000000000000000000000000000000000000000000000000000000000000000000000000000000000000000000000000000000000000000000000000000000000000000000000000000000000000000000000000000000000000000000000000000000000000000000000
	00000000000000000000000000000000000000000000000000000000000000000000000000000000000000000000000000000000000000000000000000000000000000000000000000000000000000000000000000000000000000000000000000000000000000000000000000000000000000000000000000000000000000
	0000000000000000000000000000000000000000000000000000000000000000000000000000000000000000000000000000000000000000000000000000500F00009B390000000000000000000000000000000000000000000000000000000000000000000000000000000000000000000000000000000000000000000000
	00000000000000000000000000000000000000000000000000000000000000000000000000000000000000000000000000000000000000000000000000000000000000000000000000000000000000000000000000000000000000000000000000000000000000000000000000000000000000000000000000000000000000
	000000000000000000000000000000000000000000000000000000000000000000000000000000000000000000000000000000000000000000000000000000000000000000000000000000000000000000000000000000000000000000000000000000000000000000000000000000004B1000009B39000000000000000000
	00000000000000000000000000000000000000000000000000000000000000000000000000000000000000000000000000000000000000000000000000000000000000000000000000000000000000000000000000000000000000000000000000000000000000000000000000000000000000000000000000000000000000
	00000000000000000000000000000000000000000000000000000000000000000000000000000000000000000000000000000000000000000000000000000000000000000000000000000000000000000000000000000000000000000000000000000000000000000000000000000000000000000000000000000000000000
	00000000000000000000000000000000000000000000000000000000000000000000004B10000088A10000000000000000000100000000000000000000000000000000000000000000000000000000000000000000000000000000000000000000000000000000000000000000000000000000000000000000000000000000
	00000000000000000000000000000000000000000000000000000000000000000000000000000000000000000000000000000000000000000000000000000000000000000000000000000000000000000000000000000000000000000000000000000000000000000000000000000000000000000000000000000000000000
	000000000000000000000000000000000000000000000000000000000000000000000000000000000000000000000000000000000000000000000000000000000000000000000000008000000000000000000000004B1000000F79000000000000000000000000000000000000000000000000000000000000000000000000
	000000000000000000000000000000000000000000000000000000000000000000000000000000000000000000000000000000000000000000000000000000000000000000000000000000000000000000000000000000000000000000000000000000000000000000000000000000000000000000000000000028070000E0
	11000000000000000000000000000100000000000000000000000000000000000000000000000000000000000000000000000000000000000000000000000000000000000000000000000000000000000000000000000000000000000000000000000000000000000000000000000000000000000000000000000000000000
	000000000000000000000000000000008000000000000000000000000000000028070000E007000000FFFF06FFFF0082FF00807800807FFC807FFF867FFF8042FF80403880403FFC403FFFC63FFFC022FFC02018C0201FFC201FFFE61FFFE012FFE01008E0100FFC100FFFF60FFFF00BFFF00801F00807FC0807FFFE07FFF8
	037FF80405780403F80403FFFE03FFFC077FFC02017C0201FA0201FFFC01FFFE077FFE01037E0100F80100FFFD00FFFF067FFF00837F00807900807FFC000000062708000048320000000000000000000001000000000000000000800000000000000000400000000000000000000000000080000000000000000040000000
	00000000000000000020800000000000000000400000000000000000200000000000000000000000000040000010000000000020000000000000000010000000000000000000000000002000000000000008001000000000000000000800000000000000000000000000100000000000000000080004000000000000040000
	00000000000000000000000800000000000000000400000000000200000200000000000000000000000000040000000000000000020000000000000000010100000000000000000000000002000000000000000001000000000000000000800000000000000000000000000100000000000000000080000000000000000040
	0000000000000000500A000078160000000000000000800000000000008000400000000080004000000000000040000000000020400020000000000000200000000000002000101000000000001000000000000010000800000000080008000000000000080004000000000000040004000000000400020000000000000200
	000000000202000100000000000001000000000000010000810000000000008000000000000080004000000000280900009C5000000000400000000020010000000000000000002000008000100000000000000000004010000000000800000000002000000000080000000004001000000000000080000400000800020000
	0000400000000004020000000001200000000002000000000100100000000000000000010000080000800000000000000000040080000000004000000000020000000000400000000020010000000000000028020000F48C000000000000000000000000000000000000000000000000000000000000000000000000000000
	0000000000000000000000000000000000000000000000000000000000000000000000000000000000000000000000000000000000000000000000000000000000000000000000000000000000000000000000000000000000000000000000000000000000000000000000000000000000000027030000A702000000000000
	00000000000000000000000000000000000000000000000000000000000000000000000000000000000000000000000000000000000000000000000000000000000000000000000000000000000000000000000000000000000000000000000000000000000000000000000000000000000000000000000000000000000000
	0000000000000000000000000025040000A702000000000000000000000000000000000000000000000000000000000000000000000000000000000000000000000000000000000000000000000000000000000000000000000000000000000000000000000000000000000000000000000000000000000000000000000000
	0000000000000000000000000000000000000000000000000000000000000000000000000000250400000D4A0000000000000000000100000001000000000000000000000000000000000000000000000000000000000000000000000000000000000000000000000000000000000000000000000000000000000000000000
	00000000000000000000000000000000000000000000000000000000000000000000000000000000000000000000000000000080000000800000000000000000000000260E0000AE26000000000000000000000000000000000000000000000000000000000000000000000000000000000000000000000000000000000000
	000000000000000000000000000000000000000000000000000000000000000000000000000000000000000000000000000000000000000000000000000000000000000000000000000000000000000000000000000000000000000000000000260E000046FA00000000000000000000000000000000000000000000000000
	00000000000000000000000000000000000000000000000000000000000000000000000000000000000000000000000000000000000000000000000000000000000000000000000000000000000000000000000000000000000000000000000000000000000000000000000000000000000000000000000000000000000000
	000000000000280D0000CEB100004000810040000102000000020020000020204000200040800000008000000000101000001010200000002040000000400800000008080000000810000000102004000020040000000004000000040800020008100200001000000000000200000102040001000408000000080000000000
	81000000810200000002040000000400400000004080004000810040000102000000020020000000204000280D0000EAD7000000000000000000010000000000000000000000000000000000000000000000000000000000000000000000000000000000000000000000000000000000000000000000000000000000000000
	0000000000000000000000000000000000000000000000000000000000000000000000000000000000000000000000000000000000000000000000000000000000000000800000000000000000000000280D0000E7810000000000000000000000000000000000000000000000000000000000000000000000000000000000
	00000000000000000000000000000000000000000000000000000000000000000000000000000000000000000000000000000000000000000000000000000000000000000000000000000000000000000000000000000000000000000000000000000000000000000000000000000000000000000000000000000000000000
	00000000000000000000000000000000000000000000000000000000000000000000000000000000000000000000000000000000000000000000000000000000000000000000000000000000000000000000000000000000000000000000000000000000000000000000000000000000000000000000000000000000000000
	00000000000000000000004D0C0000425F0000000000000000000000000001000000000000000000000000000000000000000000000000000000000000000000000000000000000000000000000000000000000000000000000000000000000000000000000000000000000000000000000000000000000000000000000000
	00000000000000000000000000000000000000000000000000000000000000000000000000000000000000000000000000000000000000000000000000000000000000000000000000000000000000000000000000000000000000000000000000000000000000000000000000000000000000000000000000000000000000
	0000000000000000000000000000000000000000000000000000000000000000000000000000000000000000000000000000000000800000000000000000000000000000004D0C000075DD00000000000000000000000000000000000000000000000000000000000000000000000000000000000000000000000000000000
	00000000000000000000000000000000000000000000000000000000000000000000000000000000000000000000000000000000000000000000000000000000000000000000000000000000000000000000000000000000000000000000000000000000000000000000000000000000000000000000000000000000000000
	00000000000000000000000000000000000000000000000000000000000000000000000000000000000000000000000000000000000000000000000000000000000000000000000000000000000000000000000000000000000000000000000000000000000000000000000000000000000000000000000000000000000000
	000000004E0B000075DD000000000000000000000000000000000000000000000000000000000000000000000000000000000000000000000000000000000000000000000000000000000000000000000000000000000000000000000000000000000000000000000000000000000000000000000000000000000000000000
	00000000000000000000000000000000000000000000000000000000000000000000000000000000000000000000000000000000000000000000000000000000000000000000000000000000000000000000000000000000000000000000000000000000000000000000000000000000000000000000000000000000000000
	0000000000000000000000000000000000000000000000000000000000000000000000000000000000000000000000000000000000000000000000000000000000004E0B000075DD00000000000000000000000000000000000000000000000000000000000000000000000000000000000000000000000000000000000000
	00000000000000000000000000000000000000000000000000000000000000000000000000000000000000000000000000000000000000000000000000000000000000000000000000000000000000000000000000000000000000000000000000000000000000000000000000000000000000000000000000000000000000
	00000000000000000000000000000000000000000000000000000000000000000000000000000000000000000000000000000000000000000000000000000000000000000000000000000000000000000000000000000000000000000000000000000000000000000000000000000000000000000000000000000000000000
	004E0B00005D19000000000000000000000000000000000000000000000000000000000000000000000000000000000000000000000000000000000000000000000000000000000000000000000000000000000000000000000000000000000000000000000000000000000000000000000000000000000000000000000000
	00000000000000000000000000000000000000000000000000000000000000000000000000000000000000000000000000000000000000000000000000000000000000000000000000000000000000000000000000000000000000000000000000000000000000000000000000000000000000000000000000000000000000
	00000000000000000000000000000000000000000000000000000000000000000000000000000000000000000000000000000000000000000000004D0000005D190000000000000000000000000000000000000000000000000000000000000000000000000000000000000000000000000000000000000000000000000000
	00000000000000000000000000000000000000000000000000000000000000000000000000000000000000000000000000000000000000000000000000000000000000000000000000000000000000000000000000000000000000000000000000000000000000000000000000000000000000000000000000000000000000
	0000000000000000000000000000000000000000000000000000000000000000000000000000000000000000000000000000000000000000000000000000000000000000000000000000000000000000000000000000000000000000000000000000000000000000000000000000000000000000004D0000005D1900000000
	00000000000000000000000000000000000000000000000000000000000000000000000000000000000000000000000000000000000000000000000000000000000000000000000000000000000000000000000000000000000000000000000000000000000000000000000000000000000000000000000000000000000000
	00000000000000000000000000000000000000000000000000000000000000000000000000000000000000000000000000000000000000000000000000000000000000000000000000000000000000000000000000000000000000000000000000000000000000000000000000000000000000000000000000000000000000
	0000000000000000000000000000000000000000000000000000000000000000000000000000000000000000000000004D0000005D1900000000000000000000000000000000000000000000000000000000000000000000000000000000000000000000000000000000000000000000000000000000000000000000000000
	00000000000000000000000000000000000000000000000000000000000000000000000000000000000000000000000000000000000000000000000000000000000000000000000000000000000000000000000000000000000000000000000000000000000000000000000000000000000000000000000000000000000000
	000000000000000000000000000000000000000000000000000000000000000000000000000000000000000000000000000000000000000000000000000000000000000000000000000000000000000000000000000000000000000000000000000000000000000000004D0000002B2D000000000000000000010000000100
	00000000000000000000000000000000000000000000000000000000000000000000000000000000000000000000000000000000000000000000000000000000000000000000000000000000000000000000000000000000000000000000000000000000000000000000000000000000000000000000000000000000000000
	00000000000000000000000000000000000000000000000000000000000000000000000000000000000000000000000000000000000000000000000000000000000000000000000000000000000000000000000000000000000000000000000000000000000000000000000000000000000000000000000000000000000000
	00000000000000000000000000000000000000000000000000800000008000000000000000000000004E050000CEAE0000000000000000000000000000000000000000000000000000000000000000000000000000000000000000000000000000000000000000000000000000000000000000000000000000000000000000
	00000000000000000000000000000000000000000000000000000000000000000000000000000000000000000000000000000000000000000000000000000000000000000000000000000000000000000000000000000000000000000000000000000000000000000000000000000000000000000000000000000000000000
	000000000000000000000000000000000000000000000000000000000000000000000000000000000000000000000000000000000000000000000000000000000000000000000000000000000000000000000000000000000000000000000000000000000000004E05000088EE000000000000000000000000000000000000
	00000000000000000000000000000000000000000000000000000000000000000000000000000000000000000000000000000000000000000000000000000000000000000000000000000000000000000000000000000000000000000000000000000000000000000000000000000000000000000000000000000000000000
	00000000000000000000000000000000000000000000000000000000000000000000000000000000000000000000000000000000000000000000000000000000000000000000000000000000000000000000000000000000000000000000000000000000000000000000000000000000000000000000000000000000000000
	00000000000000000000000000000000000000000000000000004B06000088EE0000000000000000000000000000000000000000000000000000000000000000000000000000000000000000000000000000000000000000000000000000000000000000000000000000000000000000000000000000000000000000000000
	00000000000000000000000000000000000000000000000000000000000000000000000000000000000000000000000000000000000000000000000000000000000000000000000000000000000000000000000000000000000000000000000000000000000000000000000000000000000000000000000000000000000000
	000000000000000000000000000000000000000000000000000000000000000000000000000000000000000000000000000000000000000000000000000000000000000000000000000000004B0600009B76000000000000000000010000000000000000000000000000000000000000000000000000000000000000000000
	00000000000000000000000000000000000000000000000000000000000000000000000000000000000000000000000000000000000000000000000000000000000000000000000000000000000000000000000000000000000000000000000000000000000000000000000000000000000000000000000000000000000000
	0000000000000000000000000000000000000000000000000000000000000000000000000000000000000000000000000000000000000000000000000000000000000000000000000000000000000000000000000000000000000000000000000000000000000000000000000000000000008000000000000000000000004B
	0600007BAB0000000000000000000000000000000000000000000000000000000000000000000000000000000000000000000000000000000000000000000000000000000000000000000000000000000000000000000000000000000000000000000000000000000000000000000000000000000000000000000000000000
	00000000000000000000000000000000000000000000000000000000000000000000000000000000000000000000000000000000000000000000000000000000000000000000000000000000000000000000000000000000000000000000000000000000000000000000000000000000000000000000000000000000000000
	0000000000000000000000000000000000000000000000000000000000000000000000000048010000E602000000000000000000000000000100000000000000000000000000000000000000000000000000000000000000000000000000000000000000000000000000000000000000000000000000000000000000000000
	00000000000000000000000000000000000000000000000000000000000000000000000000000000000000000000000000000000000000000000000000000000000000000000000000000000000000000000000000000000000000000000000000000000000000000000000000000000000000000000000000000000000000
	0000000000000000000000000000000000000000000000000000000000000000000000000000000000000000000000000000000000000000000000000000000000000000000000000000000000000000000000000000000000000080000000000000000000000000000000500F00007FC20000000000000000000000000000
	00000000000000000000000000000000000000000000000000000000000000000000000000000000000000000000000000000000000000000000000000000000000000000000000000000000000000000000000000000000000000000000000000000000000000000000000000000000000000000000000000000000000000
	00000000000000000000000000000000000000000000000000000000000000000000000000000000000000000000000000000000000000000000000000000000000000000000000000000000000000000000000000000000000000000000000000000000000000000000000000000000000000000000000000000000000000
	0000000000000000000000000000000000000000000000000000000000000000000000000000000000000000000000000000500F00007FC20000000000000000000000000000000000000000000000000000000000000000000000000000000000000000000000000000000000000000000000000000000000000000000000
	00000000000000000000000000000000000000000000000000000000000000000000000000000000000000000000000000000000000000000000000000000000000000000000000000000000000000000000000000000000000000000000000000000000000000000000000000000000000000000000000000000000000000
	000000000000000000000000000000000000000000000000000000000000000000000000000000000000000000000000000000000000000000000000000000000000000000000000000000000000000000000000000000000000000000000000000000000000000000000000000000000000000000000000500F00009B3900
	00000000000000000000000000000000000000000000000000000000000000000000000000000000000000000000000000000000000000000000000000000000000000000000000000000000000000000000000000000000000000000000000000000000000000000000000000000000000000000000000000000000000000
	00000000000000000000000000000000000000000000000000000000000000000000000000000000000000000000000000000000000000000000000000000000000000000000000000000000000000000000000000000000000000000000000000000000000000000000000000000000000000000000000000000000000000
	000000000000000000000000000000000000000000000000000000000000000000000000000000000000004B1000009B39000000000000000000000000000000000000000000000000000000000000000000000000000000000000000000000000000000000000000000000000000000000000000000000000000000000000
	00000000000000000000000000000000000000000000000000000000000000000000000000000000000000000000000000000000000000000000000000000000000000000000000000000000000000000000000000000000000000000000000000000000000000000000000000000000000000000000000000000000000000
	0000000000000000000000000000000000000000000000000000000000000000000000000000000000000000000000000000000000000000000000000000000000000000000000000000000000000000000000000000000000000000004B1000009B3900000000000000000000000000000000000000000000000000000000
	00000000000000000000000000000000000000000000000000000000000000000000000000000000000000000000000000000000000000000000000000000000000000000000000000000000000000000000000000000000000000000000000000000000000000000000000000000000000000000000000000000000000000
	00000000000000000000000000000000000000000000000000000000000000000000000000000000000000000000000000000000000000000000000000000000000000000000000000000000000000000000000000000000000000000000000000000000000000000000000000000000000000000000000000000000000000
	000000000000000000000000000000004B1000000F79000000000000000000000000000000000000000000000000000000000000000000000000000000000000000000000000000000000000000000000000000000000000000000000000000000000000000000000000000000000000000000000000000000000000000000
	0000000000000000000000000000000000000000000000000000000000000000000000000000000000000000000000000000000000280700000F790000000000000000000000000000000000000000000000000000000000000000000000000000000000000000000000000000000000000000000000000000000000000000
	00000000000000000000000000000000000000000000000000000000000000000000000000000000000000000000000000000000000000000000000000000000000000000000000000000000000000000000000000000000000028070000ABEA000000FFFF06FFFF0083FF00807900807FFC807FFF867FFF8042FF80403880
	403FFC403FFFC63FFFC022FFC02018C0201FFC201FFFE61FFFE012FFE01008E0100FFC100FFFF60FFFF00BFFF00801F00807FC0807FFFE07FFF8037FF80405780403F80403FFFE03FFFC077FFC02017C0201FA0201FFFC01FFFE077FFE01037E0100F80100FFFD00FFFF06FFFF0083FF00807900807FFC0000000627080000
	48320000000000000000000001000000000000000000800000000000000000400000000000000000000000000080000000000000000040000000000000000000000000208000000000000000004000000000000000002000000000000000000000000000400000100000000000200000000000000000100000000000000000
	00000000002000000000000008001000000000000000000800000000000000000000000000100000000000000000080004000000000000040000000000000000000000000008000000000000000004000000000002000002000000000000000000000000000400000000000000000200000000000000000101000000000000
	000000000000020000000000000000010000000000000000008000000000000000000000000001000000000000000000800000000000000000400000000000000000500A0000781600000000000000008000000000000080004000000000800040000000000000400000000000204000200000000000002000000000000020
	00101000000000001000000000000010000800000000080008000000000000080004000000000000040004000000000400020000000000000200000000000202000100000000000001000000000000010000810000000000008000000000000080004000000000280900009C50000000004000000000200100000000000000
	00002000008000100000000000000000004010000000000800000000002000000000080000000004001000000000000080000400000800020000000040000000000402000000000120000000000200000000010010000000000000000001000008000080000000000000000004008000000000400000000002000000000040
	00000000200100000000000000280200001FB5000000000000000000010000000000000000000000000000000000000000000000000000000000000000000000000000000000000000000000000000000000000000000000000000000000000000000000000000000000000000000000000000000000000000000000000000
	0000000000000000000000000000000000000000000000000000000000000000000080000000000000000000000027030000A702000000000000000000000000000000000000000000000000000000000000000000000000000000000000000000000000000000000000000000000000000000000000000000000000000000
	000000000000000000000000000000000000000000000000000000000000000000000000000000000000000000000000000000000000000000000000000000000000000000000025040000BA830000000000000000000000000001000000000000000000000000000000000000000000000000000000000000000000000000
	00000000000000000000000000000000000000000000000000000000000000000000000000000000000000000000000000000000000000000000000000000000000000000000000000000000000000008000000000000000000000000000000025040000AE2600000000000000000000000000000000000000000000000000
	0000000000000000000000000000000000000000000000000000000000000000000000000000000000000000000000000000000000000000000000000000000000000000000000000000000000000000000000000000000000000000000000000000000000000000000000000000000000000000000000000000000000260E
	0000AE26000000000000000000000000000000000000000000000000000000000000000000000000000000000000000000000000000000000000000000000000000000000000000000000000000000000000000000000000000000000000000000000000000000000000000000000000000000000000000000000000000000
	000000000000000000000000000000000000000000000000000000260E000046FA00000000000000000000000000000000000000000000000000000000000000000000000000000000000000000000000000000000000000000000000000000000000000000000000000000000000000000000000000000000000000000000
	00000000000000000000000000000000000000000000000000000000000000000000000000000000000000000000000000000000000000000000000000000000280D0000CEB1000040008100400001020000000200200000202040002000408000000080000000001010000010102000000020400000004008000000080800
	0000081000000010200400002004000000000400000004080002000810020000100000000000020000010204000100040800000008000000000081000000810200000002040000000400400000004080004000810040000102000000020020000000204000280D000046FA0000000000000000000000000000000000000000
	00000000000000000000000000000000000000000000000000000000000000000000000000000000000000000000000000000000000000000000000000000000000000000000000000000000000000000000000000000000000000000000000000000000000000000000000000000000000000000000000000000000000000
	0000000000000000000000280D0000E7810000000000000000000000000000000000000000000000000000000000000000000000000000000000000000000000000000000000000000000000000000000000000000000000000000000000000000000000000000000000000000000000000000000000000000000000000000
	00000000000000000000000000000000000000000000000000000000000000000000000000000000000000000000000000000000000000000000000000000000000000000000000000000000000000000000000000000000000000000000000000000000000000000000000000000000000000000000000000000000000000
	0000000000000000000000000000000000000000000000000000000000000000000000000000000000000000000000000000000000000000000000000000000000000000004D0C0000E78100000000000000000000000000000000000000000000000000000000000000000000000000000000000000000000000000000000
	00000000000000000000000000000000000000000000000000000000000000000000000000000000000000000000000000000000000000000000000000000000000000000000000000000000000000000000000000000000000000000000000000000000000000000000000000000000000000000000000000000000000000
	00000000000000000000000000000000000000000000000000000000000000000000000000000000000000000000000000000000000000000000000000000000000000000000000000000000000000000000000000000000000000000000000000000000000000000000000000000000000000000000000000000000000000
	4D0C0000905E00000000000000000001000000010000000000000000000000000000000000000000000000000000000000000000000000000000000000000000000000000000000000000000000000000000000000000000000000000000000000000000000000000000000000000000000000000000000000000000000000
	00000000000000000000000000000000000000000000000000000000000000000000000000000000000000000000000000000000000000000000000000000000000000000000000000000000000000000000000000000000000000000000000000000000000000000000000000000000000000000000000000000000000000
	00000000000000000000000000000000000000000000000000000000000000000000000000000000000000000000800000008000000000000000000000004E0B000075DD0000000000000000000000000000000000000000000000000000000000000000000000000000000000000000000000000000000000000000000000
	00000000000000000000000000000000000000000000000000000000000000000000000000000000000000000000000000000000000000000000000000000000000000000000000000000000000000000000000000000000000000000000000000000000000000000000000000000000000000000000000000000000000000
	000000000000000000000000000000000000000000000000000000000000000000000000000000000000000000000000000000000000000000000000000000000000000000000000000000000000000000000000000000000000000000000000000000000000000000000000000000000000000000000000000000004E0B00
	0075DD00000000000000000000000000000000000000000000000000000000000000000000000000000000000000000000000000000000000000000000000000000000000000000000000000000000000000000000000000000000000000000000000000000000000000000000000000000000000000000000000000000000
	00000000000000000000000000000000000000000000000000000000000000000000000000000000000000000000000000000000000000000000000000000000000000000000000000000000000000000000000000000000000000000000000000000000000000000000000000000000000000000000000000000000000000
	00000000000000000000000000000000000000000000000000000000000000000000000000000000000000000000000000000000000000000000004E0B00005D190000000000000000000000000000000000000000000000000000000000000000000000000000000000000000000000000000000000000000000000000000
	00000000000000000000000000000000000000000000000000000000000000000000000000000000000000000000000000000000000000000000000000000000000000000000000000000000000000000000000000000000000000000000000000000000000000000000000000000000000000000000000000000000000000
	0000000000000000000000000000000000000000000000000000000000000000000000000000000000000000000000000000000000000000000000000000000000000000000000000000000000000000000000000000000000000000000000000000000000000000000000000000000000000000004D000000AA6200000000
	00000000000000000000000000000000000000000000000000000000000000000000000000000000000000000000000000000000000000000000000000000000000000000000000000000000000000000000000000000000000000000000000000000000000000000000000000000000000000000000000000000000000000
	00000000000000000000000000000000000000000000000000000000000000000000000000000000000000000000000000000000000000000000000000000000000000000000000000000000000000000000000000000000000000000000000000000000000000000000000000000000000000000000000000000000000000
	0000000000000000000000000000000000000000000000000000000000000000000000008000000000000000000000004D0000005D1900000000000000000000000000000000000000000000000000000000000000000000000000000000000000000000000000000000000000000000000000000000000000000000000000
	00000000000000000000000000000000000000000000000000000000000000000000000000000000000000000000000000000000000000000000000000000000000000000000000000000000000000000000000000000000000000000000000000000000000000000000000000000000000000000000000000000000000000
	000000000000000000000000000000000000000000000000000000000000000000000000000000000000000000000000000000000000000000000000000000000000000000000000000000000000000000000000000000000000000000000000000000000000000000004D00000039C7000000000000000000000000000000
	00000000000000000000000000000000000000000000000000000000000000000000000000000000000000000000000000000000000000000000000000000000000000000000000000000000000000000000000000000000000000000000000000000000000000000000000000000000000000000000000000000000000000
	00000000000000000000000000000000000000000000000000000000000000000000000000000000000000000000000000000000000000000000000000000000000000000000000000000000000000000000000000000000000000000000000000000000000000000000000000000000000000000000000000000000000000
	000000000000000000000000000000000000000000800000000000000000000000000000004D000000CEAE000000000000000000000000000000000000000000000000000000000000000000000000000000000000000000000000000000000000000000000000000000000000000000000000000000000000000000000000
	00000000000000000000000000000000000000000000000000000000000000000000000000000000000000000000000000000000000000000000000000000000000000000000000000000000000000000000000000000000000000000000000000000000000000000000000000000000000000000000000000000000000000
	0000000000000000000000000000000000000000000000000000000000000000000000000000000000000000000000000000000000000000000000000000000000000000000000000000000000000000000000000000000000000000000000000000004E050000CEAE00000000000000000000000000000000000000000000
	00000000000000000000000000000000000000000000000000000000000000000000000000000000000000000000000000000000000000000000000000000000000000000000000000000000000000000000000000000000000000000000000000000000000000000000000000000000000000000000000000000000000000
	00000000000000000000000000000000000000000000000000000000000000000000000000000000000000000000000000000000000000000000000000000000000000000000000000000000000000000000000000000000000000000000000000000000000000000000000000000000000000000000000000000000000000
	000000000000000000000000000000000000000000000000000000000000000000004E05000088EE000000000000000000000000000000000000000000000000000000000000000000000000000000000000000000000000000000000000000000000000000000000000000000000000000000000000000000000000000000
	00000000000000000000000000000000000000000000000000000000000000000000000000000000000000000000000000000000000000000000000000000000000000000000000000000000000000000000000000000000000000000000000000000000000000000000000000000000000000000000000000000000000000
	0000000000000000000000000000000000000000000000000000000000000000000000000000000000000000000000000000000000000000000000000000000000000000000000000000000000000000000000004B06000088EE00000000000000000000000000000000000000000000000000000000000000000000000000
	00000000000000000000000000000000000000000000000000000000000000000000000000000000000000000000000000000000000000000000000000000000000000000000000000000000000000000000000000000000000000000000000000000000000000000000000000000000000000000000000000000000000000
	00000000000000000000000000000000000000000000000000000000000000000000000000000000000000000000000000000000000000000000000000000000000000000000000000000000000000000000000000000000000000000000000000000000000000000000000000000000000000000000000000000000000000
	000000000000004B06000088EE000000000000000000000000000000000000000000000000000000000000000000000000000000000000000000000000000000000000000000000000000000000000000000000000000000000000000000000000000000000000000000000000000000000000000000000000000000000000
	00000000000000000000000000000000000000000000000000000000000000000000000000000000000000000000000000000000000000000000000000000000000000000000000000000000000000000000000000000000000000000000000000000000000000000000000000000000000000000000000000000000000000
	0000000000000000000000000000000000000000000000000000000000000000000000000000000000000000000000000000000000000000004B0600007BAB00000000000000000000000000000000000000000000000000000000000000000000000000000000000000000000000000000000000000000000000000000000
	00000000000000000000000000000000000000000000000000000000000000000000000000000000000000000000000000000000000000000000000000000000000000000000000000000000000000000000000000000000000000000000000000000000000000000000000000000000000000000000000000000000000000
	0000000000000000000000000000000000000000000000000000000000000000000000000000000000000000000000000000000000000000000000000000000000000000000000000000000000000000000000000000000000000000000000480100007FC20000000000000000000000000000000000000000000000000000
	00000000000000000000000000000000000000000000000000000000000000000000000000000000000000000000000000000000000000000000000000000000000000000000000000000000000000000000000000000000000000000000000000000000000000000000000000000000000000000000000000000000000000
	00000000000000000000000000000000000000000000000000000000000000000000000000000000000000000000000000000000000000000000000000000000000000000000000000000000000000000000000000000000000000000000000000000000000000000000000000000000000000000000000000000000000000
	0000000000000000000000000000000000000000000000000000000000000000000000000000500F0000F4BF0000000000000000000000000000000000000000000000000000000000000000000000000000000000000000000000000000000000000000000000000000000000000000000000000000000000000000000000
	00000000000000000000000000000000000000000000000000000000000000000000000000000000000000000000000000000000000000000000000000000000000000000000000000000000000000000000000000000000000000000000000000000000000000000000000000000000000000000000000000000000000000
	000000000000000000000000000000000000000000000000000000000000000000000000000000000000000000000000000000000000000000000000000000000000000000000000000000000000000000000000000000000000000080000000800000000000000000000000500F00007FC200000000000000000000000000
	00000000000000000000000000000000000000000000000000000000000000000000000000000000000000000000000000000000000000000000000000000000000000000000000000000000000000000000000000000000000000000000000000000000000000000000000000000000000000000000000000000000000000
	00000000000000000000000000000000000000000000000000000000000000000000000000000000000000000000000000000000000000000000000000000000000000000000000000000000000000000000000000000000000000000000000000000000000000000000000000000000000000000000000000000000000000
	000000000000000000000000000000000000000000000000000000000000000000000000000000000000000000000000000000500F00009B3900000000000000000000000000000000000000000000000000000000000000000000000000000000000000000000000000000000000000000000000000000000000000000000
	00000000000000000000000000000000000000000000000000000000000000000000000000000000000000000000000000000000000000000000000000000000000000000000000000000000000000000000000000000000000000000000000000000000000000000000000000000000000000000000000000000000000000
	00000000000000000000000000000000000000000000000000000000000000000000000000000000000000000000000000000000000000000000000000000000000000000000000000000000000000000000000000000000000000000000000000000000004B1000009B390000000000000000000000000000000000000000
	00000000000000000000000000000000000000000000000000000000000000000000000000000000000000000000000000000000000000000000000000000000000000000000000000000000000000000000000000000000000000000000000000000000000000000000000000000000000000000000000000000000000000
	00000000000000000000000000000000000000000000000000000000000000000000000000000000000000000000000000000000000000000000000000000000000000000000000000000000000000000000000000000000000000000000000000000000000000000000000000000000000000000000000000000000000000
	0000000000000000000000000000000000000000000000004B1000004DF000000000000000000000000000000000000000000000000000000000000000000000000000000000000000000000000000000000000000000000000000000000000000000000000000000000000000000000000000000000000000000000000000
	00000000000000000000000000000000000000000000000000000000000000000000000000000000000000000000000000000000000000000000000000000000000000000000000000000000000000000000000000000000000000000000000000000000000000000000000000000000000000000000000000000000000000
	00000000000000000000000000000000000000000000000000000000000000000000000000000000000000000000000000000000000000000000000000008000000000000000000000004B1000000F790000000000000000000000000000000000000000000000000000000000000000000000000000000000000000000000
	00000000000000000000000000000000000000000000000000000000000000000000000000000000000000000000000000000000000000000000000000000000000000000000000000000000000000000000000000000000000000000000000000000000000000000000000000000028070000211100000000000000000000
	00000000000000000000000000000000000000000000000000000000000000000000000000000000000000000000000000000000000000000000000000000000000000000000000000000000000000000000000000000000000000000000000000000000000000000000000000000000000000000000000000000000000000
	00000000008000000000000000000000000000000028070000E007000000FFFF06FFFF0082FF00807800807FFC807FFF867FFF8042FF80403880403FFC403FFFC63FFFC022FFC02018C0201FFC201FFFE61FFFE012FFE01008E0100FFC100FFFF60FFFF00BFFF00801F00807FC0807FFFE07FFF8037FF80405780403F80403
	FFFE03FFFC077FFC02017C0201FA0201FFFC01FFFE077FFE01037E0100F80100FFFD00FFFF067FFF00837F00807900807FFC0000000627080000483200000000000000000000010000000000000000008000000000000000004000000000000000000000000000800000000000000000400000000000000000000000002080
	00000000000000004000000000000000002000000000000000000000000000400000100000000000200000000000000000100000000000000000000000000020000000000000080010000000000000000008000000000000000000000000001000000000000000000800040000000000000400000000000000000000000000
	08000000000000000004000000000002000002000000000000000000000000000400000000000000000200000000000000000101000000000000000000000000020000000000000000010000000000000000008000000000000000000000000001000000000000000000800000000000000000400000000000000000500A00
	00B91600000000000000008000000000010080004000000000800040000000000000400000000000204000200000000000002000000000000020001010000000000010000000000000100008000000000800080000000000000800040000000000000400040000000004000200000000000002000000000002020001000000
	00000001000000000000010000810000000000008000000000000080004000000000280900009C50000000004000000000200100000000000000000020000080001000000000000000000040100000000008000000000020000000000800000000040010000000000000800004000008000200000000400000000004020000
	000001200000000002000000000100100000000000000000010000080000800000000000000000040080000000004000000000020000000000400000000020010000000000000028020000F48C0000000000000000000000000000000000000000000000000000000000000000000000000000000000000000000000000000
	000000000000000000000000000000000000000000000000000000000000000000000000000000000000000000000000000000000000000000000000000000000000000000000000000000000000000000000000000000000000000000000000000000000000000027030000A7020000000000000000000000000000000000
	00000000000000000000000000000000000000000000000000000000000000000000000000000000000000000000000000000000000000000000000000000000000000000000000000000000000000000000000000000000000000000000000000000000000000000000000000000000000000000000000000000000000000
	000025040000A7020000000000000000000000000000000000000000000000000000000000000000000000000000000000000000000000000000000000000000000000000000000000000000000000000000000000000000000000000000000000000000000000000000000000000000000000000000000000000000000000
	000000000000000000000000000000000000000000000000000000250400000D4A00000000000000000001000000010000000000000000000000000000000000000000000000000000000000000000000000000000000000000000000000000000000000000000000000000000000000000000000000000000000000000000
	0000000000000000000000000000000000000000000000000000000000000000000000000000000080000000800000000000000000000000260E0000AE260000000000000000000000000000000000000000000000000000000000000000000000000000000000000000000000000000000000000000000000000000000000
	00000000000000000000000000000000000000000000000000000000000000000000000000000000000000000000000000000000000000000000000000000000000000000000000000000000000000000000000000260E000046FA000000000000000000000000000000000000000000000000000000000000000000000000
	0000000000000000000000000000000000000000000000000000000000000000000000000000000000000000000000000000000000000000000000000000000000000000000000000000000000000000000000000000000000000000000000000000000000000000000000000000000000000000000000000000280D0000CE
	B1000040008100400001020000000200200000202040002000408000000080000000001010000010102000000020400000004008000000080800000008100000001020040000200400000000040000000408000200081002000010000000000002000001020400010004080000000800000000008100000081020000000204
	0000000400400000004080004000810040000102000000020020000000204000280D000046FA0000000000000000000000000000000000000000000000000000000000000000000000000000000000000000000000000000000000000000000000000000000000000000000000000000000000000000000000000000000000
	000000000000000000000000000000000000000000000000000000000000000000000000000000000000000000000000000000000000000000000000000000000000000000280D0000E78100000000000000000000000000000000000000000000000000000000000000000000000000000000000000000000000000000000
	00000000000000000000000000000000000000000000000000000000000000000000000000000000000000000000000000000000000000000000000000000000000000000000000000000000000000000000000000000000000000000000000000000000000000000000000000000000000000000000000000000000000000
	00000000000000000000000000000000000000000000000000000000000000000000000000000000000000000000000000000000000000000000000000000000000000000000000000000000000000000000000000000000000000000000000000000000000000000000000000000000000000000000000000000000000000
	4D0C0000E78100000000000000000000000000000000000000000000000000000000000000000000000000000000000000000000000000000000000000000000000000000000000000000000000000000000000000000000000000000000000000000000000000000000000000000000000000000000000000000000000000
	00000000000000000000000000000000000000000000000000000000000000000000000000000000000000000000000000000000000000000000000000000000000000000000000000000000000000000000000000000000000000000000000000000000000000000000000000000000000000000000000000000000000000
	000000000000000000000000000000000000000000000000000000000000000000000000000000000000000000000000000000000000000000004D0C000075DD000000000000000000000000000000000000000000000000000000000000000000000000000000000000000000000000000000000000000000000000000000
	00000000000000000000000000000000000000000000000000000000000000000000000000000000000000000000000000000000000000000000000000000000000000000000000000000000000000000000000000000000000000000000000000000000000000000000000000000000000000000000000000000000000000
	0000000000000000000000000000000000000000000000000000000000000000000000000000000000000000000000000000000000000000000000000000000000000000000000000000000000000000000000000000000000000000000000000000000000000000000000000000000000000000000000004E0B000075DD00
	00000000000000000000000000000000000000000000000000000000000000000000000000000000000000000000000000000000000000000000000000000000000000000000000000000000000000000000000000000000000000000000000000000000000000000000000000000000000000000000000000000000000000
	00000000000000000000000000000000000000000000000000000000000000000000000000000000000000000000000000000000000000000000000000000000000000000000000000000000000000000000000000000000000000000000000000000000000000000000000000000000000000000000000000000000000000
	000000000000000000000000000000000000000000000000000000000000000000000000000000000000000000000000000000000000004E0B0000B4DD000000000000000000000000000100000000000000000000000000000000000000000000000000000000000000000000000000000000000000000000000000000000
	00000000000000000000000000000000000000000000000000000000000000000000000000000000000000000000000000000000000000000000000000000000000000000000000000000000000000000000000000000000000000000000000000000000000000000000000000000000000000000000000000000000000000
	0000000000000000000000000000000000000000000000000000000000000000000000000000000000000000000000000000000000000000000000000000000000000000000000000000000000000000000000000000000000000000000000000000000000000000000000000000000000000000004E0B00005D1900000000
	00000000000000000000000000000000000000000000000000000000000000000000000000000000000000000000000000000000000000000000000000000000000000000000000000000000000000000000000000000000000000000000000000000000000000000000000000000000000000000000000000000000000000
	00000000000000000000000000000000000000000000000000000000000000000000000000000000000000000000000000000000000000000000000000000000000000000000000000000000000000000000000000000000000000000000000000000000000000000000000000000000000000000000000000000000000000
	0000000000000000000000000000000000000000000000000000000000000000000000000000000000000000000000004D0000005D1900000000000000000000000000000000000000000000000000000000000000000000000000000000000000000000000000000000000000000000000000000000000000000000000000
	00000000000000000000000000000000000000000000000000000000000000000000000000000000000000000000000000000000000000000000000000000000000000000000000000000000000000000000000000000000000000000000000000000000000000000000000000000000000000000000000000000000000000
	000000000000000000000000000000000000000000000000000000000000000000000000000000000000000000000000000000000000000000000000000000000000000000000000000000000000000000000000000000000000000000000000000000000000000000004D0000005D19000000000000000000000000000000
	00000000000000000000000000000000000000000000000000000000000000000000000000000000000000000000000000000000000000000000000000000000000000000000000000000000000000000000000000000000000000000000000000000000000000000000000000000000000000000000000000000000000000
	00000000000000000000000000000000000000000000000000000000000000000000000000000000000000000000000000000000000000000000000000000000000000000000000000000000000000000000000000000000000000000000000000000000000000000000000000000000000000000000000000000000000000
	000000000000000000000000000000000000000000000000000000000000000000000000004D0000005D19000000000000000000000000000000000000000000000000000000000000000000000000000000000000000000000000000000000000000000000000000000000000000000000000000000000000000000000000
	00000000000000000000000000000000000000000000000000000000000000000000000000000000000000000000000000000000000000000000000000000000000000000000000000000000000000000000000000000000000000000000000000000000000000000000000000000000000000000000000000000000000000
	00000000000000000000000000000000000000000000000000000000000000000000000000000000000000000000000000000000000000000000000000000000000000000000000000000000000000000000000000000000000000000000004D000000CAFF0000000000000000000100000001000000000000000000000000
	00000000000000000000000000000000000000000000000000000000000000000000000000000000000000000000000000000000000000000000000000000000000000000000000000000000000000000000000000000000000000000000000000000000000000000000000000000000000000000000000000000000000000
	00000000000000000000000000000000000000000000000000000000000000000000000000000000000000000000000000000000000000000000000000000000000000000000000000000000000000000000000000000000000000000000000000000000000000000000000000000000000000000000000000000000000000
	0000000000000000000000000000000000000000000000000000000000004E050000CEAE00000000000000000000000000000000000000000000000000000000000000000000000000000000000000000000000000000000000000000000000000000000000000000000000000000000000000000000000000000000000000
	00000000000000000000000000000000000000000000000000000000000000000000000000000000000000000000000000000000000000000000000000000000000000000000000000000000000000000000000000000000000000000000000000000000000000000000000000000000000000000000000000000000000000
	00000000000000000000000000000000000000000000000000000000000000000000000000000000000000000000000000000000000000000000000000000000000000000000000000000000000000000000000000000000000000004E05000088EE0000000000000000000000000000000000000000000000000000000000
	00000000000000000000000000000000000000000000000000000000000000000000000000000000000000000000000000000000000000000000000000000000000000000000000000000000000000000000000000000000000000000000000000000000000000000000000000000000000000000000000000000000000000
	00000000000000000000000000000000000000000000000000000000000000000000000000000000000000000000000000000000000000000000000000000000000000000000000000000000000000000000000000000000000000000000000000000000000000000000000000000000000000000000000000000000000000
	0000000000000000000000000000004B06000088EE00000000000000000000000000000000000000000000000000000000000000000000000000000000000000000000000000000000000000000000000000000000000000000000000000000000000000000000000000000000000000000000000000000000000000000000
	00000000000000000000000000000000000000000000000000000000000000000000000000000000000000000000000000000000000000000000000000000000000000000000000000000000000000000000000000000000000000000000000000000000000000000000000000000000000000000000000000000000000000
	00000000000000000000000000000000000000000000000000000000000000000000000000000000000000000000000000000000000000000000000000000000004B0600004DBF0000000000000000000100000000000000000000000000000000000000000000000000000000000000000000000000000000000000000000
	00000000000000000000000000000000000000000000000000000000000000000000000000000000000000000000000000000000000000000000000000000000000000000000000000000000000000000000000000000000000000000000000000000000000000000000000000000000000000000000000000000000000000
	000000000000000000000000000000000000000000000000000000000000000000000000000000000000000000000000000000000000000000000000000000000000000000000000000000000000000000000000000000000000000000000000000000000000000000000000000000000000004B0600007BAB000000000000
	00000000000000000000000000000000000000000000000000000000000000000000000000000000000000000000000000000000000000000000000000000000000000000000000000000000000000000000000000000000000000000000000000000000000000000000000000000000000000000000000000000000000000
	00000000000000000000000000000000000000000000000000000000000000000000000000000000000000000000000000000000000000000000000000000000000000000000000000000000000000000000000000000000000000000000000000000000000000000000000000000000000000000000000000000000000000
	000000000000000000000000000000000000000000000000000048010000BEC20000000000000000000000000001000000000000000000000000000000000000000000000000000000000000000000000000000000000000000000000000000000000000000000000000000000000000000000000000000000000000000000
	00000000000000000000000000000000000000000000000000000000000000000000000000000000000000000000000000000000000000000000000000000000000000000000000000000000000000000000000000000000000000000000000000000000000000000000000000000000000000000000000000000000000000
	000000000000000000000000000000000000000000000000000000000000000000000000000000000000000000000000000000000000000000000000000000000000000000000000000000000000000000000000000000000000000000000000500F00007FC200000000000000000000000000000000000000000000000000
	00000000000000000000000000000000000000000000000000000000000000000000000000000000000000000000000000000000000000000000000000000000000000000000000000000000000000000000000000000000000000000000000000000000000000000000000000000000000000000000000000000000000000
	00000000000000000000000000000000000000000000000000000000000000000000000000000000000000000000000000000000000000000000000000000000000000000000000000000000000000000000000000000000000000000000000000000000000000000000000000000000000000000000000000000000000000
	000000000000000000000000000000000000000000000000000000000000000000000000000000500F00007FC200000000000000000000000000000000000000000000000000000000000000000000000000000000000000000000000000000000000000000000000000000000000000000000000000000000000000000000
	00000000000000000000000000000000000000000000000000000000000000000000000000000000000000000000000000000000000000000000000000000000000000000000000000000000000000000000000000000000000000000000000000000000000000000000000000000000000000000000000000000000000000
	00000000000000000000000000000000000000000000000000000000000000000000000000000000000000000000000000000000000000000000000000000000000000000000000000000000000000000000000000000000000000000000000000000000000000000000000000500F00009B39000000000000000000000000
	00000000000000000000000000000000000000000000000000000000000000000000000000000000000000000000000000000000000000000000000000000000000000000000000000000000000000000000000000000000000000000000000000000000000000000000000000000000000000000000000000000000000000
	00000000000000000000000000000000000000000000000000000000000000000000000000000000000000000000000000000000000000000000000000000000000000000000000000000000000000000000000000000000000000000000000000000000000000000000000000000000000000000000000000000000000000
	00000000000000000000000000000000000000000000000000000000000000004B1000009B390000000000000000000000000000000000000000000000000000000000000000000000000000000000000000000000000000000000000000000000000000000000000000000000000000000000000000000000000000000000
	00000000000000000000000000000000000000000000000000000000000000000000000000000000000000000000000000000000000000000000000000000000000000000000000000000000000000000000000000000000000000000000000000000000000000000000000000000000000000000000000000000000000000
	000000000000000000000000000000000000000000000000000000000000000000000000000000000000000000000000000000000000000000000000000000000000000000000000000000000000000000004B1000009B39000000000000000000000000000000000000000000000000000000000000000000000000000000
	00000000000000000000000000000000000000000000000000000000000000000000000000000000000000000000000000000000000000000000000000000000000000000000000000000000000000000000000000000000000000000000000000000000000000000000000000000000000000000000000000000000000000
	00000000000000000000000000000000000000000000000000000000000000000000000000000000000000000000000000000000000000000000000000000000000000000000000000000000000000000000000000000000000000000000000000000000000000000000000000000000000000000000000000000000000000
	00000000004B1000000F790000000000000000000000000000000000000000000000000000000000000000000000000000000000000000000000000000000000000000000000000000000000000000000000000000000000000000000000000000000000000000000000000000000000000000000000000000000000000000
	000000000000000000000000000000000000000000000000000000000000000000000000000000000000280700000F7900000000000000000000000000000000000000000000000000000000000000000000000000000000000000000000000000000000000000000000000000000000000000000000000000000000000000
	0000000000000000000000000000000000000000000000000000000000000000000000000000000000000000000000000000000000000000000000000000000000000000000000000000000000000028070000E456000000FFFF06FFFF0083FF00807900807FFC807FFF867FFF8042FF80403880403FFC403FFFC63FFFC022
	FFC02018C0201FFC201FFFE61FFFE012FFE01008E0100FFC100FFFF60FFFF00BFFF00801F00807FC0807FFFE07FFF8037FF80405780403F80403FFFE03FFFC077FFC02017C0201FA0201FFFC01FFFE077FFE01037E0100F80100FFFD00FFFF067FFF00837F00807900807FFC00000006270800004832000000000000000000
	00010000000000000000008000000000000000004000000000000000000000000000800000000000000000400000000000000000000000002080000000000000000040000000000000000020000000000000000000000000004000001000000000002000000000000000001000000000000000000000000000200000000000
	00080010000000000000000008000000000000000000000000001000000000000000000800040000000000000400000000000000000000000000080000000000000000040000000000020000020000000000000000000000000004000000000000000002000000000000000001010000000000000000000000000200000000
	00000000010000000000000000008000000000000000000000000001000000000000000000800000000000000000400000000000000000500A00007816000000000000000080000000000000800040000000008000400000000000004000000000002040002000000000000020000000000000200010100000000000100000
	0000000010000800000000080008000000000000080004000000000000040004000000000400020000000000000200000000000202000100000000000001000000000000010000810000000000008000000000000080004000000000280900009C500000000040000000002001000000000000000000200000800010000000
	00000000000040100000000008000000000020000000000800000000040010000000000000800004000008000200000000400000000004020000000001200000000002000000000100100000000000000000010000080000800000000000000000040080000000004000000000020000000000400000000020010000000000
	00002802000031DD0000000000000000000100000000000000000000000000000000000000000000000000000000000000000000000000000000000000000000000000000000000000000000000000000000000000000000000000000000000000000000000000000000000000000000000000000000000000000000000000
	000000000000000000000000000000000000000000000000000000000000000000000027030000A7020000000000000000000000000000000000000000000000000000000000000000000000000000000000000000000000000000000000000000000000000000000000000000000000000000000000000000000000000000
	00000000000000000000000000000000000000000000000000000000000000000000000000000000000000000000000000000000000000000000000025040000660200000000000000000000000000010000000000000000000000000000000000000000000000000000000000000000000000000000000000000000000000
	0000000000000000000000000000000000000000000000000000000000000000000000000000000000000000000000000000000000000000000000000000000000000000000000000000000000000000000000000025040000AE26000000000000000000000000000000000000000000000000000000000000000000000000
	000000000000000000000000000000000000000000000000000000000000000000000000000000000000000000000000000000000000000000000000000000000000000000000000000000000000000000000000000000000000000000000000000000000000000000000000000000000000260E0000AE2600000000000000
	00000000000000000000000000000000000000000000000000000000000000000000000000000000000000000000000000000000000000000000000000000000000000000000000000000000000000000000000000000000000000000000000000000000000000000000000000000000000000000000000000000000000000
	00000000000000000000000000000000260E000046FA000000000000000000000000000000000000000000000000000000000000000000000000000000000000000000000000000000000000000000000000000000000000000000000000000000000000000000000000000000000000000000000000000000000000000000
	0000000000000000000000000000000000000000000000000000000000000000000000000000000000000000000000000000000000280D0000CEB10000400081004000010200000002002000002020400020004080000000800000000010100000101020000000204000000040080000000808000000081000000010200400
	002004000000000400000004080002000810020000100000000000020000010204000100040800000008000000000081000000810200000002040000000400400000004080004000810040000102000000020020000000204000280D000046FA00000000000000000000000000000000000000000000000000000000000000
	00000000000000000000000000000000000000000000000000000000000000000000000000000000000000000000000000000000000000000000000000000000000000000000000000000000000000000000000000000000000000000000000000000000000000000000000000000000000000000000000000000000000000
	280D0000E78100000000000000000000000000000000000000000000000000000000000000000000000000000000000000000000000000000000000000000000000000000000000000000000000000000000000000000000000000000000000000000000000000000000000000000000000000000000000000000000000000
	00000000000000000000000000000000000000000000000000000000000000000000000000000000000000000000000000000000000000000000000000000000000000000000000000000000000000000000000000000000000000000000000000000000000000000000000000000000000000000000000000000000000000
	000000000000000000000000000000000000000000000000000000000000000000000000000000000000000000000000000000000000000000004D0C0000E781000000000000000000000000000000000000000000000000000000000000000000000000000000000000000000000000000000000000000000000000000000
	00000000000000000000000000000000000000000000000000000000000000000000000000000000000000000000000000000000000000000000000000000000000000000000000000000000000000000000000000000000000000000000000000000000000000000000000000000000000000000000000000000000000000
	00000000000000000000000000000000000000000000000000000000000000000000000000000000000000000000000000000000000000000000000000000000000000000000000000000000000000000000000000000000000000000000000000000000000000000000000000000000000000004D0C0000718C0000000000
	00000000010000000100000000000000000000000000000000000000000000000000000000000000000000000000000000000000000000000000000000000000000000000000000000000000000000000000000000000000000000000000000000000000000000000000000000000000000000000000000000000000000000
	00000000000000000000000000000000000000000000000000000000000000000000000000000000000000000000000000000000000000000000000000000000000000000000000000000000000000000000000000000000000000000000000000000000000000000000000000000000000000000000000000000000000000
	0000000000000000000000000000000000000000000000000000000000000000000000000000000000000000000000000000004E0B000075DD00000000000000000000000000000000000000000000000000000000000000000000000000000000000000000000000000000000000000000000000000000000000000000000
	00000000000000000000000000000000000000000000000000000000000000000000000000000000000000000000000000000000000000000000000000000000000000000000000000000000000000000000000000000000000000000000000000000000000000000000000000000000000000000000000000000000000000
	00000000000000000000000000000000000000000000000000000000000000000000000000000000000000000000000000000000000000000000000000000000000000000000000000000000000000000000000000000000000000000000000000000000000000000000000000000000004E0B000075DD0000000000000000
	00000000000000000000000000000000000000000000000000000000000000000000000000000000000000000000000000000000000000000000000000000000000000000000000000000000000000000000000000000000000000000000000000000000000000000000000000000000000000000000000000000000000000
	00000000000000000000000000000000000000000000000000000000000000000000000000000000000000000000000000000000000000000000000000000000000000000000000000000000000000000000000000000000000000000000000000000000000000000000000000000000000000000000000000000000000000
	0000000000000000000000000000000000000000000000000000000000000000000000000000000000000000000000004E0B00005D1900000000000000000000000000000000000000000000000000000000000000000000000000000000000000000000000000000000000000000000000000000000000000000000000000
	00000000000000000000000000000000000000000000000000000000000000000000000000000000000000000000000000000000000000000000000000000000000000000000000000000000000000000000000000000000000000000000000000000000000000000000000000000000000000000000000000000000000000
	000000000000000000000000000000000000000000000000000000000000000000000000000000000000000000000000000000000000000000000000000000000000000000000000000000000000000000000000000000000000000000000000000000000000000000004D0000005D19000000000000000000000000000000
	00000000000000000000000000000000000000000000000000000000000000000000000000000000000000000000000000000000000000000000000000000000000000000000000000000000000000000000000000000000000000000000000000000000000000000000000000000000000000000000000000000000000000
	00000000000000000000000000000000000000000000000000000000000000000000000000000000000000000000000000000000000000000000000000000000000000000000000000000000000000000000000000000000000000000000000000000000000000000000000000000000000000000000000000000000000000
	000000000000000000000000000000000000000000000000000000000000000000000000004D0000005D19000000000000000000000000000000000000000000000000000000000000000000000000000000000000000000000000000000000000000000000000000000000000000000000000000000000000000000000000
	00000000000000000000000000000000000000000000000000000000000000000000000000000000000000000000000000000000000000000000000000000000000000000000000000000000000000000000000000000000000000000000000000000000000000000000000000000000000000000000000000000000000000
	00000000000000000000000000000000000000000000000000000000000000000000000000000000000000000000000000000000000000000000000000000000000000000000000000000000000000000000000000000000000000000000004D0000005D190000000000000000000000000000000000000000000000000000
	00000000000000000000000000000000000000000000000000000000000000000000000000000000000000000000000000000000000000000000000000000000000000000000000000000000000000000000000000000000000000000000000000000000000000000000000000000000000000000000000000000000000000
	00000000000000000000000000000000000000000000000000000000000000000000000000000000000000000000000000000000000000000000000000000000000000000000000000000000000000000000000000000000000000000000000000000000000000000000000000000000000000000000000000000000000000
	00000000000000000000000000000000000000000000000000004D000000CEAE0000000000000000000000000000000000000000000000000000000000000000000000000000000000000000000000000000000000000000000000000000000000000000000000000000000000000000000000000000000000000000000000
	00000000000000000000000000000000000000000000000000000000000000000000000000000000000000000000000000000000000000000000000000000000000000000000000000000000000000000000000000000000000000000000000000000000000000000000000000000000000000000000000000000000000000
	000000000000000000000000000000000000000000000000000000000000000000000000000000000000000000000000000000000000000000000000000000000000000000000000000000000000000000000000000000004E050000CEAE000000000000000000000000000000000000000000000000000000000000000000
	00000000000000000000000000000000000000000000000000000000000000000000000000000000000000000000000000000000000000000000000000000000000000000000000000000000000000000000000000000000000000000000000000000000000000000000000000000000000000000000000000000000000000
	00000000000000000000000000000000000000000000000000000000000000000000000000000000000000000000000000000000000000000000000000000000000000000000000000000000000000000000000000000000000000000000000000000000000000000000000000000000000000000000000000000000000000
	00000000000000000000000000000000000000000000004E05000088EE0000000000000000000000000000000000000000000000000000000000000000000000000000000000000000000000000000000000000000000000000000000000000000000000000000000000000000000000000000000000000000000000000000
	00000000000000000000000000000000000000000000000000000000000000000000000000000000000000000000000000000000000000000000000000000000000000000000000000000000000000000000000000000000000000000000000000000000000000000000000000000000000000000000000000000000000000
	000000000000000000000000000000000000000000000000000000000000000000000000000000000000000000000000000000000000000000000000000000000000000000000000004B06000088EE000000000000000000000000000000000000000000000000000000000000000000000000000000000000000000000000
	00000000000000000000000000000000000000000000000000000000000000000000000000000000000000000000000000000000000000000000000000000000000000000000000000000000000000000000000000000000000000000000000000000000000000000000000000000000000000000000000000000000000000
	0000000000000000000000000000000000000000000000000000000000000000000000000000000000000000000000000000000000000000000000000000000000000000000000000000000000000000000000000000000000000000000000000000000000000000000000000000000000000000000000000000004B060000
	4E8A0000000000000000000000000000000000000000000000000000000000000000000000000000000000000000000000000000000000000000000000000000000000000000000000000000000000000000000020000000000000000000000000000000000000000000000000000000000000000000000000000000000000
	00000000000000000000000000000000000000000000000000000000000000000000000000000000000000000000000000000000000000000000000000000000000000000000000000000000000000000000000000000000000000000000000000000000000000000000000000000000000000000000000000000000000000
	000000000000000000000000000000000000000000000000000000000000000000000000000000000000000000004B060000598B000000000000000000000000000000000000000000000000000000000000000000000000000000000000000000000000000000000000000000000000000000000000000000000000000000
	00000000000000000000000000000000000000000000000000000000000000000000000000000000000000200000000000000000000000000000000000000000000000000000000000000000000000000000000000000000000000000000000000000000000000000000000000000000000000000000000000000000000000
	000000000000000000000000000000000000000000000000000000000000000000000000000000000000000000000000000000000000000000000000000000000000000000000000000000000000000000000000480100007FC200000000000000000000000000000000000000000000000000000000000000000000000000
	00000000000000000000000000000000000000000000000000000000000000000000000000000000000000000000000000000000000000000000000000000000000000000000000000000000000000000000000000000000000000000000000000000000000000000000000000000000000000000000000000000000000000
	00000000000000000000000000000000000000000000000000000000000000000000000000000000000000000000000000000000000000000000000000000000000000000000000000000000000000000000000000000000000000000000000000000000000000000000000000000000000000000000000000000000000000
	000000000000000000000000000000000000000000000000000000500F00007FC200000000000000000000000000000000000000000000000000000000000000000000000000000000000000000000000000000000000000000000000000000000000000000000000000000000000000000000000000000000000000000000
	00000000000000000000000000000000000000000000000000000000000000000000000000000000000000000000000000000000000000000000000000000000000000000000000000000000000000000000000000000000000000000000000000000000000000000000000000000000000000000000000000000000000000
	00000000000000000000000000000000000000000000000000000000000000000000000000000000000000000000000000000000000000000000000000000000000000000000000000000000000000000000000000000000000000000000000000500F00007FC2000000000000000000000000000000000000000000000000
	00000000000000000000000000000000000000000000000000000000000000000000000000000000000000000000000000000000000000000000000000000000000000000000000000000000000000000000000000000000000000000000000000000000000000000000000000000000000000000000000000000000000000
	00000000000000000000000000000000000000000000000000000000000000000000000000000000000000000000000000000000000000000000000000000000000000000000000000000000000000000000000000000000000000000000000000000000000000000000000000000000000000000000000000000000000000
	00000000000000000000000000000000000000000000000000000000000000000000000000000000500F00007CCD000000000000000000000000000000000000000000000000000000000000000000800000000000000000000000000000000000000000000000000000000000000000000000000000000000000000000000
	00000000000000000000000000000000000000000000000000000000000000000000000000000000000000000000000000000000000000000000000000000000000000000000000000000000000000000000000000000000000000000000000000000000000000000000000000000000000000000000000800000000000000
	0000000000000000000000000000000000000000000000000000000000000000000000000000000000000000000080000000000000000000000000000000000000000000000000000000000000000000000000000000000000004B100000466C00000000000000000000000000000000000000000000000000000000000000
	00000000000000000000000000000000000000000000000000000000000000000000000000000000000000000000000000000000000000000000000000000000000000000000000000000000000000000000000000000000000000000000000000000000000000000000000000000000000000000000000000000000000000
	00000000000000004000000000000000000000000000000000000000000000000000000000000000000000000000000000000002000000000000000000000000000000000000000000000000000000000000000000000000000000000000000000000000000000000000000000000000000000000000000000000000000000
	000000000000000000000000004B1000005390000000000000000000000000000000000000000000000000000000000000000000000000000000000000000000000000000000000000000000000000000000000000000000000000000000000000000000000000000000000000000000000000000000000000000000000000
	00000000000000000000000000000000000000000000000000000000000000000000000000000000000000000000000000000000000000000000000000000000000000000000000000000000000000000000000000000000000000000000000000000000000000000000000000000000000000000000000000000000000000
	0000000000000000000000000000000000000000000000800000000000000000000000000000000000000000000000000000000000000000000000000000004B1000001A3200000000000000000000000000000000000000000000000000000000000000000000000000000000000000000000000000000000000200000000
	00000000000000000000000000000000000000000000000000000000000000000000000000000000000000000000000000000000000000000000000000000000000000000000000000000000000000000000000000000000000000000000000000000000280700000F79000000000000000000000000000000000000000000
	00000000000000000000000000000000000000000000000000000000000000000000000000000000000000000000000000000000000000000000000000000000000000000000000000000000000000000000000000000000000000000000000000000000000000000000000000000000000000000000000000000000000000
	0000000000000000000028070000587A000000FFFF07FFFF0082FF00807800807FFC807FFF867FFF8042FF80403880403FFC403FFFC63FFFC022FFC02018C0201FFC201FFFE61FFFE012FFE01008E0100FFC100FFFF60FFFF00BFFF00801F00807FC0807FFFE07FFF8037FF80405780403F80403FFFE03FFFC077FFC02017C
	0201FA0201FFFC01FFFE077FFE01037E0100F80100FFFD00FFFF067FFF00837F00807980807FFC00000006270800000CE6000000000001000000000100000000000000000080000000000000000040000000000000000000000000008000000000000000004000000000000000000000000020800000000000000000400000
	00000000000020000000000000000000000000004000001000000000002000000000000000001000000000000000000000000000200000000000000800100000000000000000080000000000000000000000000010000000000000000008000400000000000004000000000000000000000000000800000000000000000400
	0000000002000002000000000000000000000000000400000000000000000200000000000000000101000000000000000000000000020000000000000000010000000000000000008000000000000000000000000001000000000000000000800000000000000000408000000000000000500A000078160000000000000000
	80000000000000800040000000008000400000000000004000000000002040002000000000000020000000000000200010100000000000100000000000001000080000000008000800000000000008000400000000000004000400000000040002000000000000020000000000020200010000000000000100000000000001
	0000810000000000008000000000000080004000000000280900009C500000000040000000002001000000000000000000200000800010000000000000000000401000000000080000000000200000000008000000000400100000000000008000040000080002000000004000000000040200000000012000000000020000
	000001001000000000000000000100000800008000000000000000000400800000000040000000000200000000004000000000200100000000000000280200004CF100000000000100000000000000000000000000000000000000000000000000000000000000000000000000000000000000000000000000000000000000
	00000000000000000000000000000000000000000000000000000000000000000000000000000000000000000000000000000000000000000000000000000000000000000000000000000000000000000000000000800000000000000027030000A70200000000000000000000000000000000000000000000000000000000
	0000000000000000000000000000000000000000000000000000000000000000000000000000000000000000000000000000000000000000000000000000000000000000000000000000000000000000000000000000000000000000000000000000000000000000000000000000000000000000000025040000A702000000
	00000000000000000000000000000000000000000000000000000000000000000000000000000000000000000000000000000000000000000000000000000000000000000000000000000000000000000000000000000000000000000000000000000000000000000000000000000000000000000000000000000000000000
	00000000000000000000000000000000250400000AA3000000000000000000010000000000000000000000000000000000000000000000000000000000000000000000000000000000000000000000000000000000000000000000000000000000000000000000000000000000000000000000000000000000000000000000
	000000000000000000000000000000000000000000000000000000000000000000800000000000000000000000260E0000AE2600000000000000000000000000000000000000000000000000000000000000000000000000000000000000000000000000000000000000000000000000000000000000000000000000000000
	0000000000000000000000000000000000000000000000000000000000000000000000000000000000000000000000000000000000000000000000000000000000000000000000000000260E000046FA0000000000000000000000000000000000000000000000000000000000000000000000000000000000000000000000
	000000000000000000000000000000000000000000000000000000000000000000000000000000000000000000000000000000000000000000000000000000000000000000000000000000000000000000000000000000000000000000000000000000000000000000000000000000280D0000CEB100004000810040000102
	00000002002000002020400020004080000000800000000010100000101020000000204000000040080000000808000000081000000010200400002004000000000400000004080002000810020000100000000000020000010204000100040800000008000000000081000000810200000002040000000400400000004080
	004000810040000102000000020020000000204000280D000046FA00000000000000000000000000000000000000000000000000000000000000000000000000000000000000000000000000000000000000000000000000000000000000000000000000000000000000000000000000000000000000000000000000000000
	00000000000000000000000000000000000000000000000000000000000000000000000000000000000000000000000000000000000000000000280D0000C700000000000000000000000000000000000000000000000000000000000000000000000000000000000000000000000000000000000000000000000000000000
	00000000000000000000000000000000000000000000000000000000000000000000000000000000000000000000000000000000000000000000000000000000000000000000000000000000000000000000000000000000000000000000000000000000000000000000000000000000000000000000000000000000000000
	00000000000000000000000000000000000000000000000000000000000000000000000000000000000000000000000080000000000000000000000000000000000000000000000000000000000000000000000000000000000000000000000000000000000000000000000000000000000000004D0C0000D6000000000000
	01000000000000000000000000000000000000000000000000000000000000000000000000000000000000000000000000000000000000000000000000000000000000000000000000000000000000000000000000000000000000000000000000000000000000000000000000000000000000000000000000000000000000
	00000000000000000000000000000000000000000000000000000000000000000000000000000000000000000000000000000000000000000000000000000000000000000000000000000000000000000000000000000000000000000000000000000000000000000000000000008000000000000000000000000000000000
	00000000000000000000000000000000000000000000000000000000000000000000000000000080000000000000004D0C000075DD0000000000000000000000000000000000000000000000000000000000000000000000000000000000000000000000000000000000000000000000000000000000000000000000000000
	00000000000000000000000000000000000000000000000000000000000000000000000000000000000000000000000000000000000000000000000000000000000000000000000000000000000000000000000000000000000000000000000000000000000000000000000000000000000000000000000000000000000000
	000000000000000000000000000000000000000000000000000000000000000000000000000000000000000000000000000000000000000000000000000000000000000000000000000000000000000000000000000000000000000000000000000000000000000000000000004E0B000075DD000000000000000000000000
	00000000000000000000000000000000000000000000000000000000000000000000000000000000000000000000000000000000000000000000000000000000000000000000000000000000000000000000000000000000000000000000000000000000000000000000000000000000000000000000000000000000000000
	00000000000000000000000000000000000000000000000000000000000000000000000000000000000000000000000000000000000000000000000000000000000000000000000000000000000000000000000000000000000000000000000000000000000000000000000000000000000000000000000000000000000000
	00000000000000000000000000000000000000000000000000000000000000000000000000000000000000004E0B0000FC1C0000000000010000000000000000000000000000000000000000000000000000000000000000000000000000000000000000000000000000000000000000000000000000000000000000000000
	00000000000000000000000000000000000000000000000000000000000000000000000000000000000000000000000000000000000000000000000000000000000000000000000000000000000000000000000000000000000000000000000000000000000000000000000000000000000000000000000000000000000000
	000000000000000000000000000000000000000000000000000000000000000000000000000000000000000000000000000000000000000000000000000000000000000000000000000000000000000000000000000000000000000000000000000080000000000000004E0B00005D19000000000000000000000000000000
	00000000000000000000000000000000000000000000000000000000000000000000000000000000000000000000000000000000000000000000000000000000000000000000000000000000000000000000000000000000000000000000000000000000000000000000000000000000000000000000000000000000000000
	00000000000000000000000000000000000000000000000000000000000000000000000000000000000000000000000000000000000000000000000000000000000000000000000000000000000000000000000000000000000000000000000000000000000000000000000000000000000000000000000000000000000000
	000000000000000000000000000000000000000000000000000000000000000000000000004D0000005D19000000000000000000000000000000000000000000000000000000000000000000000000000000000000000000000000000000000000000000000000000000000000000000000000000000000000000000000000
	00000000000000000000000000000000000000000000000000000000000000000000000000000000000000000000000000000000000000000000000000000000000000000000000000000000000000000000000000000000000000000000000000000000000000000000000000000000000000000000000000000000000000
	00000000000000000000000000000000000000000000000000000000000000000000000000000000000000000000000000000000000000000000000000000000000000000000000000000000000000000000000000000000000000000000004D0000009AB10000000000010000000000000000000000000000000000000000
	00000000000000000000000000000000000000000000000000000000000000000000000000000000000000000000000000000000000000000000000000000000000000000000000000000000000000000000000000000000000000000000000000000000000000000000000000000000000000000000000000000000000000
	00000000000000000000000000000000000000000000000000000000000000000000000000000000000000000000000000000000000000000000000000000000000000000000000000000000000000000000000000000000000000000000000000000000000000000000000000000000000000000000000000000000000000
	00000000000000000000000000000000000080000000000000004D0000006F330000000000000000000100000000000000000000000000000000000000000000000000000000000000000000000000000000000000000000000000000000000000000000000000000000000000000000000000000000000000000000000000
	00000000000000000000000000000000000000000000000000000000000000000000000000000000000000000000000000000000000000000000000000000000000000000000000000000000000000000000000000000000000000000000000000000000000000000000000000000000000000000000000000000000000000
	0000000000000000000000000000000000000000000000000000000000000000000000000000000000000000000000000000000000000000000000000000000000000000000000008000000000000000000000004D000000CEAE00000000000000000000000000000000000000000000000000000000000000000000000000
	00000000000000000000000000000000000000000000000000000000000000000000000000000000000000000000000000000000000000000000000000000000000000000000000000000000000000000000000000000000000000000000000000000000000000000000000000000000000000000000000000000000000000
	00000000000000000000000000000000000000000000000000000000000000000000000000000000000000000000000000000000000000000000000000000000000000000000000000000000000000000000000000000000000000000000000000000000000000000000000000000000000000000000000000000000000000
	000000000000000000000000000000000000004E050000CEAE000000000000000000000000000000000000000000000000000000000000000000000000000000000000000000000000000000000000000000000000000000000000000000000000000000000000000000000000000000000000000000000000000000000000
	00000000000000000000000000000000000000000000000000000000000000000000000000000000000000000000000000000000000000000000000000000000000000000000000000000000000000000000000000000000000000000000000000000000000000000000000000000000000000000000000000000000000000
	0000000000000000000000000000000000000000000000000000000000000000000000000000000000000000000000000000000000000000000000000000000000000000000000000000000000000000004E05000088EE00000000000000000000000000000000000000000000000000000000000000000000000000000000
	00000000000000000000000000000000000000000000000000000000000000000000000000000000000000000000000000000000000000000000000000000000000000000000000000000000000000000000000000000000000000000000000000000000000000000000000000000000000000000000000000000000000000
	00000000000000000000000000000000000000000000000000000000000000000000000000000000000000000000000000000000000000000000000000000000000000000000000000000000000000000000000000000000000000000000000000000000000000000000000000000000000000000000000000000000000000
	000000004B06000088EE000000000000000000000000000000000000000000000000000000000000000000000000000000000000000000000000000000000000000000000000000000000000000000000000000000000000000000000000000000000000000000000000000000000000000000000000000000000000000000
	00000000000000000000000000000000000000000000000000000000000000000000000000000000000000000000000000000000000000000000000000000000000000000000000000000000000000000000000000000000000000000000000000000000000000000000000000000000000000000000000000000000000000
	0000000000000000000000000000000000000000000000000000000000000000000000000000000000000000000000000000000000004B06000088EE00000000000000000000000000000000000000000000000000000000000000000000000000000000000000000000000000000000000000000000000000000000000000
	00000000000000000000000000000000000000000000000000000000000000000000000000000000000000000000000000000000000000000000000000000000000000000000000000000000000000000000000000000000000000000000000000000000000000000000000000000000000000000000000000000000000000
	00000000000000000000000000000000000000000000000000000000000000000000000000000000000000000000000000000000000000000000000000000000000000000000000000000000000000000000000000000000000000000000000000000000000000004B0600007BAB0000000000000000000000000000000000
	00000000000000000000000000000000000000000000000000000000000000000000000000000000000000000000000000000000000000000000000000000000000000000000000000000000000000000000000000000000000000000000000000000000000000000000000000000000000000000000000000000000000000
	00000000000000000000000000000000000000000000000000000000000000000000000000000000000000000000000000000000000000000000000000000000000000000000000000000000000000000000000000000000000000000000000000000000000000000000000000000000000000000000000000000000000000
	000000000000000000000000000000480100007FC200000000000000000000000000000000000000000000000000000000000000000000000000000000000000000000000000000000000000000000000000000000000000000000000000000000000000000000000000000000000000000000000000000000000000000000
	00000000000000000000000000000000000000000000000000000000000000000000000000000000000000000000000000000000000000000000000000000000000000000000000000000000000000000000000000000000000000000000000000000000000000000000000000000000000000000000000000000000000000
	00000000000000000000000000000000000000000000000000000000000000000000000000000000000000000000000000000000000000000000000000000000000000000000000000000000000000000000000000500F00007FC2000000000000000000000000000000000000000000000000000000000000000000000000
	00000000000000000000000000000000000000000000000000000000000000000000000000000000000000000000000000000000000000000000000000000000000000000000000000000000000000000000000000000000000000000000000000000000000000000000000000000000000000000000000000000000000000
	00000000000000000000000000000000000000000000000000000000000000000000000000000000000000000000000000000000000000000000000000000000000000000000000000000000000000000000000000000000000000000000000000000000000000000000000000000000000000000000000000000000000000
	00000000000000000000000000000000000000000000000000000000500F00007FC2000000000000000000000000000000000000000000000000000000000000000000000000000000000000000000000000000000000000000000000000000000000000000000000000000000000000000000000000000000000000000000
	00000000000000000000000000000000000000000000000000000000000000000000000000000000000000000000000000000000000000000000000000000000000000000000000000000000000000000000000000000000000000000000000000000000000000000000000000000000000000000000000000000000000000
	0000000000000000000000000000000000000000000000000000000000000000000000000000000000000000000000000000000000000000000000000000000000000000000000000000000000000000000000000000000000000000000000000000500F00002EE60000000000010000000000000000000000000000000000
	00000000000000000000000000000000000000000000000000000000000000000000000000000000000000000000000000000000000000000000000000000000000000000000000000000000000000000000000000000000000000000000000000000000000000000000000000000000000000000000000000000000000000
	00000000000000000000000000000000000000000000000000000000000000000000000000000000000000000000000000000000000000000000000000000000000000000000000000000000000000000000000000000000000000000000000000000000000000000000000000000000000000000000000000000000000000
	0000000000000000000000000080000000000000004B1000002EE600000000000100000000000000000000000000000000000000000000000000000000000000000000000000000000000000000000000000000000000000000000000000000000000000000000000000000000000000000000000000000000000000000000
	00000000000000000000000000000000000000000000000000000000000000000000000000000000000000000000000000000000000000000000000000000000000000000000000000000000000000000000000000000000000000000000000000000000000000000000000000000000000000000000000000000000000000
	00000000000000000000000000000000000000000000000000000000000000000000000000000000000000000000000000000000000000000000000000000080000000000000004B1000009B390000000000000000000000000000000000000000000000000000000000000000000000000000000000000000000000000000
	00000000000000000000000000000000000000000000000000000000000000000000000000000000000000000000000000000000000000000000000000000000000000000000000000000000000000000000000000000000000000000000000000000000000000000000000000000000000000000000000000000000000000
	000000000000000000000000000000000000000000000000000000000000000000000000000000000000000000000000000000000000000000000000000000000000000000000000000000000000000000000000000000000000000000000000000000000000000000000000000000000000000000000000004B10000052B1
	00000000000100000000000000000000000000000000000000000000000000000000000000000000000000000000000000000000000000000000000000000000000000000000000000000000000000000000000000000000000000000000000000000000000000000000000000000000000000000000000000000000000000
	00000000000000000000000000000000000000000000008000000000000000280700000F79000000000000000000000000000000000000000000000000000000000000000000000000000000000000000000000000000000000000000000000000000000000000000000000000000000000000000000000000000000000000
	0000000000000000000000000000000000000000000000000000000000000000000000000000000000000000000000000000000000000000000000000000000000000000280700000B3E000000FFFF06FFFF0083FF00807800807FFC807FFF867FFF8042FF80403880403FFC403FFFC63FFFC022FFC02018C0201FFC201FFF
	E61FFFE012FFE01008E0100FFC100FFFF60FFFF00BFFF00801F00807FC0807FFFE07FFF8037FF80405780403F80403FFFE03FFFC077FFC02017C0201FA0201FFFC01FFFE077FFE01037E0100F80100FFFD00FFFF067FFF0083FF00807900807FFC000000062708000048320000000000000000000001000000000000000000
	80000000000000000040000000000000000000000000008000000000000000004000000000000000000000000020800000000000000000400000000000000000200000000000000000000000000040000010000000000020000000000000000010000000000000000000000000002000000000000008001000000000000000
	00080000000000000000000000000010000000000000000008000400000000000004000000000000000000000000000800000000000000000400000000000200000200000000000000000000000000040000000000000000020000000000000000010100000000000000000000000002000000000000000001000000000000
	0000008000000000000000000000000001000000000000000000800000000000000000400000000000000000500A000090B70000000000000000800000000000008000400000000080004000000000000040000000000020400020000000000000200000000000002000101000000000001000020000000010000800000000
	080008000000000000080004000000000000040004000000000400020000000000000200000000000202000100000000000001000000000000010000810000000000008000000000000080004000000000280900009C5000000000400000000020010000000000000000002000008000100000000000000000004010000000
	0008000000000020000000000800000000040010000000000000800004000008000200000000400000000004020000000001200000000002000000000100100000000000000000010000080000800000000000000000040080000000004000000000020000000000400000000020010000000000000028020000F48C000000
	00000000000000000000000000000000000000000000000000000000000000000000000000000000000000000000000000000000000000000000000000000000000000000000000000000000000000000000000000000000000000000000000000000000000000000000000000000000000000000000000000000000000000
	0000000000000000000000000000000000000000000000002703000017D700000000000100000000000000000000000000000000000000000000000000000000000000000000000000000000000000000000000000000000000000000000000000000000000000000000000000000000000000000000000000000000000000
	00000000000000000000000000000000000000000000000000000000000000000000000000000000008000000000000000250400007603000000000001000000000000000000000000000000000000000000000000000000000000000000000000000000000000000000000000000000000000000000000000000000000000
	000000000000000000000000000000000000000000000000000000000000000000000000000000000000000000000000000000000000000000000000000000000000000000000000000025040000AE260000000000000000000000000000000000000000000000000000000000000000000000000000000000000000000000
	00000000000000000000000000000000000000000000000000000000000000000000000000000000000000000000000000000000000000000000000000000000000000000000000000000000000000000000000000000000000000000000000000000000000000260E0000AE26000000000000000000000000000000000000
	00000000000000000000000000000000000000000000000000000000000000000000000000000000000000000000000000000000000000000000000000000000000000000000000000000000000000000000000000000000000000000000000000000000000000000000000000000000000000000000000000000000000000
	0000000000260E000097FB0000000000010000000000000000000000000000000000000000000000000000000000000000000000000000000000000000000000000000000000000000000000000000000000000000000000000000000000000000000000000000000000000000000000000000000000000000000000000000
	000000000000000000000000000000000000000000000000000000000000000000000000000000000000280D0000629C00004000810040000103000000020020000020204000200040800000008000000000101000001010200000002040000000400800000008080000000810000000102004000020040000000004000000
	04080002000810020000100000000000020000010204000100040800000008000000000081000000810200000002040000000400400000004080004000810040000102800000020020000000204000280D0000335D000000000000000000000000000000000000000000000000000000000000000000000000000000000000
	0000000000000000000000000000000000000000000000000000000000000000000000000000000000000000000000000000000000000000000000020000000000000000000000000000000000000000000000000000000000000000000000000000000000000000800000000000000000000000280D0000E7810000000000
	00000000000000000000000000000000000000000000000000000000000000000000000000000000000000000000000000000000000000000000000000000000000000000000000000000000000000000000000000000000000000000000000000000000000000000000000000000000000000000000000000000000000000
	00000000000000000000000000000000000000000000000000000000000000000000000000000000000000000000000000000000000000000000000000000000000000000000000000000000000000000000000000000000000000000000000000000000000000000000000000000000000000000000000000000000000000
	00000000000000000000000000000000000000000000000000000000000000000000000000000000000000000000004D0C0000E7810000000000000000000000000000000000000000000000000000000000000000000000000000000000000000000000000000000000000000000000000000000000000000000000000000
	00000000000000000000000000000000000000000000000000000000000000000000000000000000000000000000000000000000000000000000000000000000000000000000000000000000000000000000000000000000000000000000000000000000000000000000000000000000000000000000000000000000000000
	0000000000000000000000000000000000000000000000000000000000000000000000000000000000000000000000000000000000000000000000000000000000000000000000000000000000000000000000000000000000000000000000000000000000000000004D0C000075DD00000000000000000000000000000000
	00000000000000000000000000000000000000000000000000000000000000000000000000000000000000000000000000000000000000000000000000000000000000000000000000000000000000000000000000000000000000000000000000000000000000000000000000000000000000000000000000000000000000
	00000000000000000000000000000000000000000000000000000000000000000000000000000000000000000000000000000000000000000000000000000000000000000000000000000000000000000000000000000000000000000000000000000000000000000000000000000000000000000000000000000000000000
	000000000000000000000000000000000000000000000000000000000000000000000000000000004E0B000075DD000000000000000000000000000000000000000000000000000000000000000000000000000000000000000000000000000000000000000000000000000000000000000000000000000000000000000000
	00000000000000000000000000000000000000000000000000000000000000000000000000000000000000000000000000000000000000000000000000000000000000000000000000000000000000000000000000000000000000000000000000000000000000000000000000000000000000000000000000000000000000
	0000000000000000000000000000000000000000000000000000000000000000000000000000000000000000000000000000000000000000000000000000000000000000000000000000000000000000000000000000000000000000000000000000000000004E0B000075DD00000000000000000000000000000000000000
	00000000000000000000000000000000000000000000000000000000000000000000000000000000000000000000000000000000000000000000000000000000000000000000000000000000000000000000000000000000000000000000000000000000000000000000000000000000000000000000000000000000000000
	00000000000000000000000000000000000000000000000000000000000000000000000000000000000000000000000000000000000000000000000000000000000000000000000000000000000000000000000000000000000000000000000000000000000000000000000000000000000000000000000000000000000000
	000000000000000000000000000000000000000000000000000000000000000000000000004E0B00005D19000000000000000000000000000000000000000000000000000000000000000000000000000000000000000000000000000000000000000000000000000000000000000000000000000000000000000000000000
	00000000000000000000000000000000000000000000000000000000000000000000000000000000000000000000000000000000000000000000000000000000000000000000000000000000000000000000000000000000000000000000000000000000000000000000000000000000000000000000000000000000000000
	00000000000000000000000000000000000000000000000000000000000000000000000000000000000000000000000000000000000000000000000000000000000000000000000000000000000000000000000000000000000000000000004D0000009AB10000000000010000000000000000000000000000000000000000
	00000000000000000000000000000000000000000000000000000000000000000000000000000000000000000000000000000000000000000000000000000000000000000000000000000000000000000000000000000000000000000000000000000000000000000000000000000000000000000000000000000000000000
	00000000000000000000000000000000000000000000000000000000000000000000000000000000000000000000000000000000000000000000000000000000000000000000000000000000000000000000000000000000000000000000000000000000000000000000000000000000000000000000000000000000000000
	00000000000000000000000000000000000080000000000000004D0000009AB10000000000010000000000000000000000000000000000000000000000000000000000000000000000000000000000000000000000000000000000000000000000000000000000000000000000000000000000000000000000000000000000
	00000000000000000000000000000000000000000000000000000000000000000000000000000000000000000000000000000000000000000000000000000000000000000000000000000000000000000000000000000000000000000000000000000000000000000000000000000000000000000000000000000000000000
	0000000000000000000000000000000000000000000000000000000000000000000000000000000000000000000000000000000000000000000000000000000000000000000000000000000080000000000000004D0000005D1900000000000000000000000000000000000000000000000000000000000000000000000000
	00000000000000000000000000000000000000000000000000000000000000000000000000000000000000000000000000000000000000000000000000000000000000000000000000000000000000000000000000000000000000000000000000000000000000000000000000000000000000000000000000000000000000
	00000000000000000000000000000000000000000000000000000000000000000000000000000000000000000000000000000000000000000000000000000000000000000000000000000000000000000000000000000000000000000000000000000000000000000000000000000000000000000000000000000000000000
	0000000000000000000000000000004D000000CEAE00000000000000000000000000000000000000000000000000000000000000000000000000000000000000000000000000000000000000000000000000000000000000000000000000000000000000000000000000000000000000000000000000000000000000000000
	00000000000000000000000000000000000000000000000000000000000000000000000000000000000000000000000000000000000000000000000000000000000000000000000000000000000000000000000000000000000000000000000000000000000000000000000000000000000000000000000000000000000000
	00000000000000000000000000000000000000000000000000000000000000000000000000000000000000000000000000000000000000000000000000000000000000000000000000000000004E050000476F0000000000010000000000000000000000000000000000000000000000000000000000000000000000000000
	00000000000000000000000000000000000000000000000000000000000000000000000000000000000000000000000000000000000000000000000000000000000000000000000000000000000000000000000000000000000000000000000000000000000000000000000000000000000000000000000000000000000000
	00000000000000000000000000000000000000000000000000000000000000000000000000000000000000000000000000000000000000000000000000000000000000000000000000000000000000000000000000000000000000000000000000000000000000000000000000000000000000000000000000000000000000
	0000000080000000000000004E050000DB4600000000000000000001000000000000000000000000000000000000000000000000000000000000000000000000000000000000000000000000000000000000000000000000000000000000000000000000000000000000000000000000000000000000000000000000000000
	00000000000000000000000000000000000000000000000000000000000000000000000000000000000000000000000000000000000000000000000000000000000000000000000000000000000000000000000000000000000000000000000000000000000000000000000000000000000000000000000000000000000000
	00000000000000000000000000000000004000000000000000000000000000000000000000000000000000000000000000008000000000000000000000004B06000088EE0000000000000000000000000000000000000000000000000000000000000000000000000000000000000000000000000000000000000000000000
	00000000000000000000000000000000000000000000000000000000000000000000000000000000000000000000000000000000000000000000000000000000000000000000000000000000000000000000000000000000000000000000000000000000000000000000000000000000000000000000000000000000000000
	000000000000000000000000000000000000000000000000000000000000000000000000000000000000000000000000000000000000000000000000000000000000000000000000000000000000000000000000000000000000000000000000000000000000000000000000000000004B060000324D000000000000000000
	00000000000000000000000000000000000000000000000000000000000000000000000000000000000000000000000000000000000000000000000000000000020000000000000000000000000000000000000000000000000000000000000000000000000000000000000000000000000000000000000000000000000000
	00000000000000000000000000000000000000000000000000000000000000000000000000000000000000000000000000000000000000000000000000000000000000000000000000000000000000000000000000000000000000000000000000000000000000000000000000000000000000000000000000000000000000
	00000000000000000000000000000000000000000000000000000000000000000000004B060000DBA90000000000000000000000000000000000000000000000000000000000020000000000000000000000000000000000000000000000000000000000000000000000000000000000000000000000000000000000000000
	00000000000000000000000000000000000000000000000000000000000000000000000000000000000000000000000000000000000000000000000000000000000000000000000000000000000000000000000000000000000000000000000000000000000000000000000000000000000000000000000000000000000000
	00000000000000000000000000000000000000000000000000000000000000000000000000000000000000000000000000000000000000000000000000000000000000000000000000480100006319000000000000000000000000000000000000000000000000000000000000000000000000000000000000000000000000
	00000000000000000000000000000000000000000000000000000000000000000000000000000000000000000000000000000000000200000000000000000000000000000000000000000000000000000000000000000000000000000000000000000000000000000000000000000000000000000000000000000000000000
	00000000000000000000000000000000000000000000000000000000000000000000000000000000000000000000000000000000000000000000000000000000000000000000000000000000000000000000000000000000000000000000000000000000000000000000000000000000000000000000000000000000000000
	00000000000000000000000000000000500F0000A919000000000000000000000000000000000000000000000000000000000000000000000000000000000000000000000000000000000000000000000000000000000000000000000000000000000000000000000000000000000000000000000000000200000000000000
	00000000000000000000000000000000000000000000000000000000000000000000000000000000000000000000000000000000000000000000000000000000000000000000000000000000000000000000000000000000000000000000000000000000000000000000000000000000000000000000000000000000000000
	0000000000000000000000000000000000000000000000000000000000000000000000000000000000000000000000000000000000000000000000000000000000000000000000000000000000000000000000000000500F00007FC20000000000000000000000000000000000000000000000000000000000000000000000
	00000000000000000000000000000000000000000000000000000000000000000000000000000000000000000000000000000000000000000000000000000000000000000000000000000000000000000000000000000000000000000000000000000000000000000000000000000000000000000000000000000000000000
	00000000000000000000000000000000000000000000000000000000000000000000000000000000000000000000000000000000000000000000000000000000000000000000000000000000000000000000000000000000000000000000000000000000000000000000000000000000000000000000000000000000000000
	0000000000000000000000000000000000000000000000000000000000500F0000E8C90000000000000000000000000000000000000000000000000000000000000000000000000000000000000000000000000000000000000000000000000000000000000000000000000000000000000000000000000000000000000000
	00000000000000000000000000000000000000000000000000000000000000000000000000000000000000000000000000000000000000000000000000000000000000000000000000000000000000000000000000000000000000000000000000000000000000000000000002000000000000000000000000000000000000
	00000000000000000000000000000000000000000000000000000000000000000000000000000000000000000000000000000000000000000000000000000000000000000000000000000000000000000000000000000000000000000000000000000050200000BC1100000000000000000000000000000000000000000000
	00000000000000000000000000000000000000000000000000000000000000000000000000000000000000000000000000000000000000000000000000000000000000000000000000000000000000000000000000000000000000020000000000000000000000000000000000000000000000000000000000000000000000
	00000000000000000000000000000000000000000000000000000000000000000000000000000000000000000000000000000000000000000000000000000000000000000000000000000000000000000000000000000000000000000000000000000000000000000000000000000000000000000000000004000000000000
	00000000000000000000000000000000000000000000000000000000000000000000000000000000000050200000E90200000000000000000000000000000000000000000000000000000000000000000000000000000000000000000000000000000000000000000000000000000000000000000000000000000000000000
	00000000000000000000000000000000000000000000000000000000000000000000000000000200000000000000000000000000000000000000000000000000000000000000000000000000000000000000000000000000000000000000000000000000000000000000000000000000000000000002000000000000000000
	0000000000000000000000000000000000000000000000000000000000000000000000000000000000000000000000000000000000000000000000000000000000000004000000000000000000000000000000000000000000000000000000000000000000000000000000000000000050200000BB19000000000000000000
	00000000000000000000000000000000000000000000000000000000000000000000000000000000000000000000000000000000000000000000000000000000000000000000000000000000000000000000000000000000000000000000000000000000000000000000000000000000000000000000000000000000000000
	00000000000000000000000000000000000000000000000000000000000000000000000000000000000000000000000000000000000000000000000000000000000000000000000000000000000000000000000000000000000000000000000000000000000000000000000000000000000000000000000000000000000000
	0000000000000000000000000000000000000000000000000000000000000000000000000000000000000000000000000000000000000050200000BB19000000000000000000000000000000000000000000000000000000000000000000000000000000000000000000000000000000000000000000000000000000000000
	00000000000000000000000000000000000000000000000000000000000000000000000000000000000000000000000000000000000000000000000000000000000000000000000000000000000000000000000000000000000000000000000000000000000000000000000000000000000000000000000000000000000000
	00000000000000000000000000000000000000000000000000000000000000000000000000000000000000000000000000000000000000000000000000000000000000000000000000000000000000000000000000000000000000000000000000000000000000000000000000000000000000000000000000000000005020
	00005EA8000000000000FF000000FE00000000FF800000FF000000004000000040000000000000000000FF800000FF000000007FC000007F8000000000000000000080000000000000007FC000007F800000003FC000003FC0000000000000000000C0000000800000003FE000003FC00000001FC000001FC0000000000000
	000000E0000000C00000001FF000001FE00000000FC000000FC0000000000000000000F0000000E00000000FF800000FF000000007C0000007C0000000000000000000F8000000F000000007FC000007F800000003C0000003C00000000000000000007C0000007800000003FE000003FC00000001E0000001E00000000000
	000000007E0000007C00000001FF000001FE00000000E0000000E00000000000000000007F0000007E00000000FF800000FF00000000600000006000000000000000000050280000B78B0000000000000000000001000000000000000000800000000000000000000000000000000000000000000080000000000000000040
	00000000000000000000000000800000000000000000400000000000000000000000000000000000000000000040000000000000000020000000000000000000000000000000000800000000002000000000000000001000000000000000000000000000000000000000000000100000000000000000080000000000000000
	00000000000000000000000000000800000000000000000400000000000000000000000000000000000000000000040000000000000000020000000000000000000000000000000000000000000002000000000000000001000000000000000000000000000000000000000000000100000000000000000080000000000000
	000000000000000000000050260000DD810000000000000000000001000000000000000000800000000000000000000000000000000000000000000080000000000000000040000000000000000000000000008000000000000000004000000000000000000000000000000000000000000000400000000000000000200000
	00000000000000000000000000000000000008002000000000000000001000000000000000000000000000000000000000000000100000000000000000080000000000000000000000000000000000000000000008000000000000000004000000000000000000000000000000000000000000000400000000000000000200
	00000000000000000000000000000000000000000002000000000000000001000000000000000000000000000000000000000000000100000000000000000080000000000000000000000000000000000050250000806D00000000000000000000010000000000000000008000000000000000000000000000000000000000
	00000080000000000000000040000000000000000000000000008000000000000000004000000000000000000000000000000000000000000000400000000000000000200000000000000000000000000000000000000000000020000000000000000010000000000000000000000000000000000000000000001000000000
	00000000080000000000000000000000000000000000000000000008000000000000000004000000000000000000000000000000000000000000000400000000000000000200000000000000000000000000000000000000000000020000000000000000010000000000000000000000000000000000000000000001000000
	00000000000080000000000000000000000000000000000050240000241400000000000000000000000000000000000000000000000000000000000000000000000000000000000000000000000000000000000000000000000000000000000000000000000000000000000000000000000000000000000000000000000000
	00000000000000000000000000000000000000000000000000000000000000000000000000000000000000000000000000000000000000000000000000000000000000000000000000000000000000000000000000000000000000000000000000000000000000000000000000000000000000000000000000000000000000
	00000000000000000000000000000000000000000000000000000000000000000000000000000000000000000000000000000000000000000000000000000000000000000000000000000000000000000000000000000000000000000000502100005A0D000000000000000000000000000000000000000000000000000000
	00000000000000000000000000000000000000000000000000000000000000000000000000000000000000000000000000000000000000000000000000000000000000000000000000000000000000000000000000000000000000000000000000000000000000000000000000000000000000000000000000000000000000
	00000000000000000000000000000000000000000000000000000000000000000000000000000000000000000000000000000000000000000000000000000000000000000000000000000000000000000000000000000000000000000000000000000000000000000000000000000000000000000000000000000000000000
	00000000000000000000000000000000000000000000000000000000000000000000000000502300005A0D000000000000000000000000000000000000000000000000000000000000000000000000000000000000000000000000000000000000000000000000000000000000000000000000000000000000000000000000
	00000000000000000000000000000000000000000000000000000000000000000000000000000000000000000000000000000000000000000000000000000000000000000000000000000000000000000000000000000000000000000000000000000000000000000000000000000000000000000000000000000000000000
	000000000000000000000000000000000000000000000000000000000000000000000000000000000000000000000000000000000000000000000000000000000000000000000000000000000000000000000000000000000000000000000000000000000000000000000050230000304B0000000000000000000000000000
	00000000000000000000000000000000000000000000000000000004000000040000000000000000000000000000000000000000000000000000000400000000000000000000000000000000000000000000080000000000000000000000000400000000000000000000000000000000000000000000000000000004000000
	00000000000000000000000000000000000000000000000000000000000000000000000000000000000000000000000000000000000000000000000000000000000000000000000000000000000000000000000004000000000000000000000000000000000000000000000000000000000000000000000000000000000000
	000000000000000000000000000000000000000000040000000000000000000000008000000080000000000000000000000050220000B8540000000000000000000000000000000000000000000000000000000000000000000000000000000000000000000000000000000000000000000000000000000000000000000000
	00000000000000000000000000000000000000000000000000000000000000000000000000000000000000000000000000000000000000000000000000000000000000000000000000000000000000000000000000000000000000000000000000000000000000000000000000000000000000000000000000000000000000
	00000000000000000000000000000000000000000000000000000000000000000000000000000000000000000000000000000000800000000000000000000000000000000000000000000000000000000000000000000000000000000000000000000000000000000000000000000000000000000000000050220000A2DD00
	00000000000000000000000000000000000000000000000000000000000000000000000000000000000000000000000000000000000000000000000000000000000000000000000000000000000000000000000000000000000000000000000000000000000000000000000000000000000000000000000000000000000000
	00000000000000000000000000000000000000000000000000000000000000000000000000000000000000000000000000000000000000000000000000000000000000000000000000000000000000000000000000000000000000000000000000000000000000000000000000000000000000000000000000000000000000
	0000000000000000000000000000000000000000000000000000000000000000000000000002000000000000000000000002000000000000000000000000005020000098DC00000100000400000000000080000000000000000000010000000000000000008000008000000000000000004000000000000000000000800000
	80000000000040000040000000000002000000008000000000000002004000004000000000000000002000000000000200000000400000000000000000200000200000000000000000100000000000000000000020000000000000020010000010000000000000000008000000000002000000001000000000000000000800
	00080000000000000000040000000000000000000008000000000000000004000004000000000000000002000000000000000000000400000000000000000200000200000000000002000100000000000000000000020000000000000000010000010000000000000000008000000000000000000001000000000000000000
	80000000000050200000708800000000000000000004000000000000000000000000000000000000000000000000000000000000000400000004000000000000000000000000000000000000000000000000000000040000000200000002000000000000000000000000000000000000000000000000000000060000000000
	00000000000000000000000000000000000000000000040000000000000002000000000000000000000000000000000000000000000000000000020000000000000000000000000000000000000000000000000000000000000000000000000000000000000000000000000000000400000000000000000000000000000000
	0000000000000000000000000000000000000002000000000000000000000000000000000000000000000000000000040000020000000000000000000000020000000000000000000000000050200000DFC7000000000000000000000000000000000000000000000000000000000000000000000000000000000000000000
	00000000000000000000000000000000000000000000000000000000000000000000000000000000000000000000000000000000000000000000000000000000000000000000000000000000000000000000000000000000000000000000000000000000000000000000000000000000000000000000000000000000000000
	00000000000000000000000000000000000000000000000000000000000000000000000000000000000000000000000000000000000000000000000000000000000000000000000000000000000000000000000000000000000000000000000000000000000000000000000000000000000000000000800000000000000000
	00000000000000000000000000000000000000502000003736000000000000000000000000000000000000000000000000000000000000000000000000000000000000000000000000000000000000000000000000000000000000000000000000000000000000000000000000000000000000000000000000000000000000
	00000000000000000000000000000100000000000000000000000000000000000000000000000000000000000000008000000000000000000000000000000000000000000000000000000000000000400000010000000000000000000000000000000000000000000000000000000000000000A00000000000000000000000
	000000000000000000000000000000000000000040000000000000000000000000000000000000000000000000000000000000000000000020000000000000000000000000000000000000000000000000000000000000000050200000D84F0000000000000000004000000040000001000000010000000000000000000000
	00000000000000000000000000000000008000000280000002000000000000000000000000000000000000000000000000400000014000000100000000000000000000000000000000000000000000000000000000800000008000000000000000000000000000000000000000000000000000000040000000400000010000
	0001000000000000000000000000000000000000000000000000000000008000000080000000000000000000000000000000000000000000000000000000400000014000000100000000000000000000000000000000000000000000000000000000A0000000A0000000000000000000000000000000000000000000000000
	0000004000000040000001000000010000000000000000000000000000000000502000005C4E0000000000000000000000000080000002000000000000000000000000000000000000000000000000000000004000000100000000000000000000000000000000000000000000000000000000000000008000000000000000
	00000000000000000000000000000000000000000000000040000000000000010000000000000000000000000000000000000000000000000000000000000000800000000000000000000000000000000000000000000000000000000000000040000001000000000000000000000000000000000000000000000000000000
	0000000000A00000000000000000000000000000000000000000000000000000000000000040000000000000010000000000000000000000000000000000000000000000000000000020000000808000000000000000000000000000000000000000000000005020000084D000000000000000000000000000000000000000
	00000000000000000000000000000000000000000000000000000000000000000000000000000000000000000000000000000000000000000000000000000000000000000000000000000000000000000000000000000000000000000000000000000000000100000000000000000000000000000000000000000000000000
	000000000000008000000000000000000000000000000000000000000000000000000000000000400000010000000000000000000000000000000000000000000000000000000000000000A0000000000000000000000000000000000000000000000000000000000000004000000000000000000000000000000000000000
	00000000000000000000000000000000200000000000000000000000000000000000000000000000000000000050200000BB1900000000000000000000000000000000000000000000000000000000000000000000000000000000000000000000000000000000000000000000000000000000000000000000000000000000
	00000000000000000000000000000000000000000000000000000000000000000000000000000000000000000000000000000000000000000000000000000000000000000000000000000000000000000000000000000000000000000000000000000000000000000000000000000000000000000000000000000000000000
	0000000000000000000000000000000000000000000000000000000000000000000000000000000000000000000000000000000000000000000000000000000000000000000000000000000000000000000000000000000000000000000000000000000000000000000000000000000000000050200000BB19000000000000
	00000000000000000000000000000000000000000000000000000000000000000000000000000000000000000000000000000000000000000000000000000000000000000000000000000000000000000000000000000000000000000000000000000000000000000000000000000000000000000000000000000000000000
	00000000000000000000000000000000000000000000000000000000000000000000000000000000000000000000000000000000000000000000000000000000000000000000000000000000000000000000000000000000000000000000000000000000000000000000000000000000000000000000000000000000000000
	0000000000000000000000000000000000000000000000000000000000000000000000000000000000000000000000000000000000000000000050200000BB19000000000000000000000000000000000000000000000000000000000000000000000000000000000000000000000000000000000000000000000000000000
	00000000000000000000000000000000000000000000000000000000000000000000000000000000000000000000000000000000000000000000000000000000000000000000000000000000000000000000000000000000000000000000000000000000000000000000000000000000000000000000000000000000000000
	00000000000000000000000000000000000000000000000000000000000000000000000000000000000000000000000000000000000000000000000000000000000000000000000000000000000000000000000000000000000000000000000000000000000000000000000000000000000000000000000000000000000000
	0050200000BB19000000000000000000000000000000000000000000000000000000000000000000000000000000000000000000000000000000000000000000000000000000000000000000000000000000000000000000000000000000000000000000000000000000000000000000000000000000000000000000000000
	00000000000000000000000000000000000000000000000000000000000000000000000000000000000000000000000000000000000000000000000000000000000000000000000000000000000000000000000000000000000000000000000000000000000000000000000000000000000000000000000000000000000000
	00000000000000000000000000000000000000000000000000000000000000000000000000000000000000000000000000000000000000000000000000000000000000000000005020000030640000000000000000000000000000000000000000000000000000000000000000000000000000000000000000000000000000
	00000000000000000000000000000000000000000000000000000000000000000000000000000000000000000000000000000000000000000000000000000000000000000000000000000000000000000000000000000000000000000000000000000000000000000000000000000000000000000000000000000000000000
	00000000000000000000000000000000000000000000000000000000000000000000000000000000000000000000000000000000000000000000000000000000000000000000000000000000000000000000000000000000000000000000000000000000000000000000000000000000000000000000000000000000008000
	000080000000000000000000000050200000BB190000000000000000000000000000000000000000000000000000000000000000000000000000000000000000000000000000000000000000000000000000000000000000000000000000000000000000000000000000000000000000000000000000000000000000000000
	00000000000000000000000000000000000000000000000000000000000000000000000000000000000000000000000000000000000000000000000000000000000000000000000000000000000000000000000000000000000000000000000000000000000000000000000000000000000000000000000000000000000000
	00000000000000000000000000000000000000000000000000000000000000000000000000000000000000000000000000000000000000000000000000000000000000000000000000000000000000000000000050200000BB1900000000000000000000000000000000000000000000000000000000000000000000000000
	00000000000000000000000000000000000000000000000000000000000000000000000000000000000000000000000000000000000000000000000000000000000000000000000000000000000000000000000000000000000000000000000000000000000000000000000000000000000000000000000000000000000000
	00000000000000000000000000000000000000000000000000000000000000000000000000000000000000000000000000000000000000000000000000000000000000000000000000000000000000000000000000000000000000000000000000000000000000000000000000000000000000000000000000000000000000
	0000000000000000000000000000000000000000000000000000005020000035DC00000000000000000000000000000000000000000000000000000000000000000000000000000000000000000000000000000000000000000000000000000000000000000000000000000000000000000000000000000000000020000000
	00000000000000000000000000000000000000000000000000000000000000000000000000001000000000000000000000000000000000000000000000000000000000000000080000000000000000000000000000000000000000000000000400000000000004000000000000000000000000000000000000000000000000
	0000000002000002000000000000000000000000000000000000000000000000000000000000000001000000000000000000000000000000000000000000000000000000000000000000000000000000000000000000000000000000000000000050200000FFFFFFFFFFFFFFFFFFFFFFFFFFFFFFFFFFFFFFFFFFFFFFFFFFFF
	FFFFFFFFFFFFFFFFFFFFFFFFFFFFFFFFFFFFFFFFFFFFFFFFFFFFFFFFFFFFFFFFFFFFFFFFFFFF6F7A000000000000000000000000000000000000000000000000000000000000000000000000000000000000000000000000000000000000000000000000000000000000000000000000000000000000000000000000000000
	00200000000000000000000000000000000000000000000000000000000000000000000000000000000000000000000000000000000000000000000000000000000000000000000000000000008000000000002B64000072050000000000000000000000000000000000000000000000000000000000000000000000000000
	00000000000000000000000000000000000000000000000000000000000000000000000000000000000000000000000000000000000000000000000000000000000000002000000000000000000000000000000000000000000000000000000000000000000000000000000000000000000000000000000000000000000000
	002A660000E58B000000000000000000000000000000000000000000000000000000000000000000000000000000000000000000000000000000000000000000000000000000000000000000000000000000000000000000000000000000000000200000000000000000000000000000000000000000000000000000000000
	00000000000000000000000000000000000000000000000000000000000000000000800000000000000000000000000080000000000080000000000000002E70000030060000000000000000000000000000000000000000000000000000000000000000000000000000000000000000000000000000000000000000000000
	0000000000000000000000000000000000000000000000000000000000000000000000000000000000000000000000000000000000000000000000000000000000000000000000000000000000000000000000000000000000000000000000000000000000000000000000000080000000000000000000000000002E700000
	D9120000000000000000000000000000000000000000000000000000000000000000000000000000000000000000000000000000000000000000000000000000000000000000000000000000000000000000000000000000000000002000000000000000000000000000000000000000000000000000000000000000000000
	0000000000000000000000000000000000000000000000000000000000800000000000000000000000000000000000000000000000000000002E700000EEF200000000000000000000000000000000000000000000000000000000000000000000000000000000000000000000000000000000000000000000000000000000
	00000000000000000000000000000000000000000000000000000000000000000000000000000000000000000000000000000000000000000000000000000000000000000000000000000000000000000000000000000000000000000000000000000000000000000000000000002C650000EEF20000000000000000000000
	00000000000000000000000000000000000000000000000000000000000000000000000000000000000000000000000000000000000000000000000000000000000000000000000000000000000000000000000000000000000000000000000000000000000000000000000000000000000000000000000000000000000000
	0000000000000000000000000000000000000000000000000000000000000000000000002C650000EEF200000000000000000000000000000000000000000000000000000000000000000000000000000000000000000000000000000000000000000000000000000000000000000000000000000000000000000000000000
	00000000000000000000000000000000000000000000000000000000000000000000000000000000000000000000000000000000000000000000000000000000000000000000000000000000000000000000000000000000002C65000066A80000000000000000000000000000000000000000000000000000000000000000
	000000000000000000000000000000000000000000000000000000000000000000000000000000000000000000000000000000000000000000001767000066A8000000000000000000000000000000000000000000000000000000000000000000000000000000000000000000000000000000000000000000000000000000
	00000000000000000000000000000000000000000000000000000017670000DC42000073AA38C98C75D736638A38C99D77C634638AB9DB1C65C634EB9A31CB1C65CEB4E31B31CA5CE58E3DE31275CA18ED8E35E752718A18ED2E754712718E3AE90C75471673AA38C90C755736638A38C99D77C634638A000B000017680000
	117500000800000000004092000004000000000020000049020000000000100000000124000000000800000000004092000000000D6F0000986D000000000020000010000000010000000002000000008000001008000000000000800000000100004000000004080000000000000040000000002000000002000004000000
	000000002000001000000001000000000200000000176C00006E2F000000000000000000000000200002000020000200000000000000000000100001000010000100000000000000008000080000800008000000000000000000004000040000400004000000000000000000002000020000200002176A0000763B00000000
	0000000000000000000000000000000000000000000000000000000000000000000000000000000000000000000000000000000000000000000000000000000000000000000000000000000000008000000000000000176B0000A7AE0000000000000000000000000000000000000000000000000000000000000000000000
	000000000000000000000000000000000000000000000000000000000000000000000000000000000000000000000000000000166D0000475100000000000000000000000000000000000000000000000000000000000000000000000000000000000000000000000000000000000000000000000000000000000000000000
	00000000000080000000000000000000166D0000D3A80000000000000000000000000000000000000000000000000000000000000000000000000000000000000000000000000000000000000000000000000000000000000000000000000000000000000000000000000000166E0000D3A800000000000000000000000000
	00000000000000000000000000000000000000000000000000000000000000000000000000000000000000000000000000000000000000000000000000000000000000000000000000166E00008C2F000000000000000000000000000000000000000000000000000000000000000000000000000000000000000000000000
	00000000000000000000000000000000000000000000000000000000000000000000000000000000000017690000BC6400000020002080008000010001000002000208000800001000104000400000800080000100010400040000080008200020000040004000000000020002000004000410001000002000200000000001
	0001000002000208000800176900008C2F00000000000000000000000000000000000000000000000000000000000000000000000000000000000000000000000000000000000000000000000000000000000000000000000000000000000000000000000000000000000017690000DC710000000000000000000000000000
	00000000000000000000000000000000000000000000000000000000000000000000000000000000000000000000000000000000000000000000000000000000000000000000000000000000000000000000000000000000000000000000000000000000000000000000000000000000000000000000000080000000000000
	000000000000000000000000000000000000000000000000000000000000000000000000002D6300001A98000000000000000000000000000000000000000000000000000000000000000000000000000000000000000000000000000000000000000000000000000000000000000000000000000000000000000000000000
	000000000000000000000000000000000000000000000000000000000000000000000000000000000000000000000000000000000000000000000000000000000000000000000000000000000000000000000000000000000000000000002D6300001D94000000000000000000000000000000000000000000000000000000
	00000000000000000000000000000000000000000000000000000000000000000000000000000000000000000000000000000000000000000000000000000000000000000000000000000000000000000000000000000000000000000000000000000000000000000000000000000000000000000000000000000000000000
	0000000000000000000000000000000080008000000000002D62000029A500000000000000000000000000000000000000000000000000000000000000000000000000000000000000000000000000000000000000000000000000000000000000000000000000000000000000000000000000000000000000000000000000
	0000000000000000000000000000000000000000000000000000000000000000000000000000000000000000000000000000000000000000000000000000000000000000000000000000000000000000002D620000487100000000000000000000000000000000000000000000000000000000000000000000000000000000
	00000000000000000000000000000000000000000000000000000000000000000000000000000000000000000000000000000000000000000000000000000000000000000000000000000000000000000000000000000000000000000000000000008000000000000000000000000000000000000000000000000000000000
	00000000000000000000002D6200004FDF0000000000000000000000000000000000000000000000000000000000000000000000000000000000000000000000000000000000000000000000000000000000000000000000000000000000000000000000000000000000000000000000000000000000000000000000000000
	00000000000000000000000000000000000000000000000000000000000000000000000000000000000000000000000000000000000000000000000000000000000000002D6000004FDF0000000000000000000000000000000000000000000000000000000000000000000000000000000000000000000000000000000000
	00000000000000000000000000000000000000000000000000000000000000000000000000000000000000000000000000000000000000000000000000000000000000000000000000000000000000000000000000000000000000000000000000000000000000000000000000000000000000000000000000000000002D60
	00004FDF000000000000000000000000000000000000000000000000000000000000000000000000000000000000000000000000000000000000000000000000000000000000000000000000000000000000000000000000000000000000000000000000000000000000000000000000000000000000000000000000000000
	000000000000000000000000000000000000000000000000000000000000000000000000000000000000000000000000000000000000002D6000004FDF000000000000000000000000000000000000000000000000000000000000000000000000000000000000000000000000000000000000000000000000000000000000
	000000000000000000000000000000000000000000000000000000000000000000000000000000000000000000000000000000000000000000000000000000000000000000000000000000000000000000000000000000000000000000000000000000000000000000000000000000002D6000007CE2000000000000000000
	00000000000000000000000000000000000000000000000000000000000000000000000000000000000000000000000000000000000000000000000000000000000000000000000000000000000000000000000000000000000000000000000000000000000000000000000000000000000000000000000000000000000000
	0000000000000000000000000000000000000000000000000000000000000000000000000000000000002D6100007CE200000000000000000000000000000000000000000000000000000000000000000000000000000000000000000000000000000000000000000000000000000000000000000000000000000000000000
	0000000000000000000000000000000000000000000000000000000000000000000000000000000000000000000000000000000000000000000000000000000000000000000000000000000000000000000000000000000000000000000000000000002D6100009EDD00000000000000000000000000000000000000000000
	00000000000000000000000000000000000000000000000000000000000000000000000000000000000000000000000000000000000000000000000000000000000000000000000000000000000000000000000000000000000000000000000000000000000000000000000000000000000000000000000000000000000000
	0000000000000000000000000000000000000000002B6400009EDD00000000000000000000000000000000000000000000000000000000000000000000000000000000000000000000000000000000000000000000000000000000000000000000000000000000000000000000000000000000000000000000000000000000
	000000000000000000000000000000000000000000000000000000000000000000000000000000000000000000000000000000000000000000000000000000000000000000002B6400009227000000000000000000000000000000000000000000000000000000000000000000000000000000000000000000000000000000
	00000000000000000000000000000000000000000000000000000000000000000000000000000000000000000000000000000000000000000000002000000000000000000000000000000000000000000000000000000000000000000000000000000000000000000000000000000000004000000000002B64000000020000
	00000000000000000000000000000000800000000000000000000000000000000000000000000000000000000000000000000000000000000000000000000000000000000000000000000000000000000000000000000000000000000000000000000000000000000000000000000000000000000000000000000000200000
	000000000000000000000000000000000000000000000000000000000000000000000000002A6600001899000000000000000000000000000000000000000000000000000000000000000000000000000000000000000000000000000000000000000000000000000000000000000000000000000000000000000000000000
	00000000000000000000000000000000000000000000000000000000000000000000000000000000000000000000000000000000000080000000000000000000000000000000000000000000000000000000000000000000000000000000000000002E70000089CD0000000000000000000000000000000000000000000000
	00000000000000000000000000000000000000000000000000000000000000000000000000000000000000000000000000000000000000000000000000000000000000000000000000000000000000000000000000000000000000000000000000000000000000000000000000000000008000000000000000000000000000
	00000000000000000000000000000000000000000000000080008000000000002E700000794D0000000000000000000000000000000000000000000000000000000000000000000000000000000000000000000000000000000000000000000000000000000000000000000000000000000000000000000000000000000000
	0000000000000000000000000000000000000000000000000000000000000000000000000000000000000000000000000000000000000000000000000000000000000000000000000000000000000000000000000000000000000000002E700000D70E00000000000000000000000000000000000000000000000000000000
	00000000000000000000000000000000000000000000000000000000000000000000000040000000000000000000000000000000000000000000000000000000000000000000000000000000000000000000000000000000000000000000000000000000000000000000000000000000000000000000000000000000000000
	0000000000000000000000000000002B7200001B3F00000000000000000000000000000000000000000000000000000000000000000000000000000000000000000000000000000000000000000000000000000000000000000000000000000000000000000000000000000000000000000000000000000000000000000000
	000000000000000000000000000000000000000000000000000000000000000000000000000000000000000000000000000000000000000000000000000000002B720000D70E000000000000000000000000000000000000000000000000000000000000000000000000000000000000000000000000000000000000000000
	00000000000000400000000000000000000000000000000000000000000000000000000000000000000000000000000000000000000000000000000000000000000000000000000000000000000000000000000000000000000000000000000000000000000000000000000000000000002B72000033740000000000000000
	00000000000000000000000000000000000000000000000000000000000000000000000000000000000000000000000000000000000000000000000000000000000000000000000000000000000000000000175600005F78000000000000000000000000000000000000000000000000000000000000000000000000000000
	00000000000000000000000000000000000000000000000000000000000000000000000000000000000000000000000000000000000000000000000000000000000000000000000000000000000000000000000000000000000000000000000000000000000000000000000000000000000000000000000000000000000000
	00000000000000000000000000000000000000002F4F00005F780000000000000000000000000000000000000000000000000000000000000000000000000000000000000000000000000000000000000000000000000000000000000000000000000000000000000000000000000000000000000000000000000000000000
	000000000000000000000000000000000000000000000000000000000000000000000000000000000000000000000000000000000000000000000000000000000000000000000000000000000000000000000000002F4F00005F78000000000000000000000000000000000000000000000000000000000000000000000000
	00000000000000000000000000000000000000000000000000000000000000000000000000000000000000000000000000000000000000000000000000000000000000000000000000000000000000000000000000000000000000000000000000000000000000000000000000000000000000000000000000000000000000
	00000000000000000000000000000000000000000000002F4F00005F780000000000000000000000000000000000000000000000000000000000000000000000000000000000000000000000000000000000000000000000000000000000000000000000000000000000000000000000000000000000000000000000000000
	000000000000000000000000000000000000000000000000000000000000000000000000000000000000000000000000000000000000000000000000000000000000000000000000000000000000000000000000000000002F4F00003F74000000000000000000000000000000000000000000000000000000000000000000
	00000000000000000000000000000000000000000000000000000000000000000000000000000000000000000000000000000000000000000000000000000000000000000000000000000000000000000000000000000000000000000000000000000000000000000000000000000000000000000000000000000000000000
	0000295800003F740000000000000000000000000000000000000000000000000000000000000000000000000000000000000000000000000000000000000000000000000000000000000000000000000000000000000000000000000000000000000000000000000000000000000000000000000000000000000000000000
	00000000000000000000000000000000000000000000000000000000000000000000000000000000000000295800003F74000000000000000000000000000000000000000000000000000000000000000000000000000000000000000000000000000000000000000000000000000000000000000000000000000000000000
	000000000000000000000000000000000000000000000000000000000000000000000000000000000000000000000000000000000000000000000000000000000000000000000000000000000000000000000000295800008CB300001830210884C31890480C8009800001800C401018C2840C612448C0064004000006C008
	20610C8642123060242003000203000460301043860921301890120001010102801830210884C31890480C80098000018000400000175900004A760000000000000080080000088000000000000000000000000440000040040000000000000000000002000020200000020000000000000000010000001010000000010000
	0000000000000080080000088000000000000000000017590000FED300002108854214D05814410D844111104444101142840AA12C68A00AC28608202288882221088542165050346105044311104444101142840BA12828B01A82820821228888222108854214D05814410D844111104444001100001759000022A9000000
	00000000000000000000000000000000000000000000000000000000000000000000000000000000000000000000000000000000000000000000000000000000000000000000000000000000000000000000000000000000000000000000000000000000000000000000000000000000000000000000000000000000000000
	00000000225A000022A9000000000000000000000000000000000000000000000000000000000000000000000000000000000000000000000000000000000000000000000000000000000000000000000000000000000000000000000000000000000000000000000000000000000000000000000000000000000000000000
	0000000000000000000000000000000000225A000022A90000000000000000000000000000000000000000000000000000000000000000000000000000000000000000000000000000000000000000000000000000000000000000000000000000000000000000000000000000000000000000000000000000000000000000
	000000000000000000000000000000000000000000000000000000000000225A0000FE9D00000000000000000000000000000000000000000200002020000002000000000000000000000000000000000000000001000000101000000001000000000000000000000000000000000000000000800800000880000000000000
	0000000000000000000000000000000000044000004004000000000000000000000000000000000000000000000200002020000002000000000000265B0000A1730000000000000000000000000000000000000200022022202022200200020000000000000000000000000000000001000100111010101011000100010000
	00000000000000000000000000000080088008888808800880000000000000000000000000000000000000000440044044444004400400000000000000000000000000000000000002000220222020222002000200000000265B00003321000000000000000000000000000000000000000000000200002020000002000000
	000000000000000000000000000000000001000000101000000001000000000000000000000000000000000000000000800800000880000000000000000000000000000000000000000000000004400000400400000000000000000000000000000000000000000000020000202000000200000000265B0000FE9D00000000
	00000000000000000000000000000000020000202000000200000000000000000000000000000000000000000100000010100000000100000000000000000000000000000000000000000080080000088000000000000000000000000000000000000000000000000440000040040000000000000000000000000000000000
	00000000000200002020000002000000000000265B0000F4C2000000000000000000000000000000000000020002202020220200222000000200000000000000000000000000000100010010101110000110110000000100000000000000000000000000000080088008088088880000088000000000000000000000000000
	000000000440044040044444000040040000000000000000000000000000000002000220202022020022200000020000265B0000AFD700000000000000000000000000000000000000000000000000000000000000000000000000000000000000000000000000000000000000000000000000000000000000000000000000
	0000000000000000000000000000000000000000000000000000000000000000000000000000000000000000000000000000000000000000000000000000000000000000000000000000000000265B0000D2A00000000040040000000000000000000000000200022020202002000202000020200000020000000000000000
	00000100010010101010000101010000101000000001000000000000000000000080088008088008800000800800000880000000000000000000000000000440044040044004000004400000400400000000000000000000000002000220202020020002020000200000265B000040F2000000004004000000000000000000
	00000000000000000000000000020000202000000200000000000000000000000000000000000000000100000010100000000100000000000000000000000000000000000000000080080000088000000000000000000000000000000000000000000000000440000040040000000000000000000000000000000000000000
	0000020000200000265B0000AFD70000000000000000000000000000000000000000000000000000000000000000000000000000000000000000000000000000000000000000000000000000000000000000000000000000000000000000000000000000000000000000000000000000000000000000000000000000000000
	00000000000000000000000000000000000000000000000000000000000000000000000000265B00003574000000000000000000000000000000000000000000000000000000000000000000000000000000000000000000000000000000000000000000000000000000000000000000000000000000000000000000000000
	00000000000000000000000000000000000000000000000000000000000000000000000000000000000000000000000000000000000000000000000000000000000000000000000000000000000000000000000000002B5F0000E94D0000000000000000000000000000000000000000000000000000000000000000000000
	00000000000000000000000000000000000000000000000000000000000000000000000000000000000000000000000000000000000000000000000000000000000000000000000000000000000000000000000000000000000000000000000000000000000000000000000000000000000000000000000000000000000000
	000000000000000000000000000000002D730000E94D000000000000000000000000000000000000000000000000000000000000000000000000000000000000000000000000000000000000000000000000000000000000000000000000000000000000000000000000000000000000000000000000000000000000000000
	000000000000000000000000000000000000000000000000000000000000000000000000000000000000000000000000000000000000000000000000000000000000000000000000002D730000E94D000000000000000000000000000000000000000000000000000000000000000000000000000000000000000000000000
	00000000000000000000000000000000000000000000000000000000000000000000000000000000000000000000000000000000000000000000000000000000000000000000000000000000000000000000000000000000000000000000000000000000000000000000000000000000000000000000000000000000000000
	0000002D7300001B3F00000000000000000000000000000000000000000000000000000000000000000000000000000000000000000000000000000000000000000000000000000000000000000000000000000000000000000000000000000000000000000000000000000000000000000000000000000000000000000000
	000000000000000000000000000000000000000000000000000000000000000000000000000000000000000000000000000000002B7200001B3F000000000000000000000000000000000000000000000000000000000000000000000000000000000000000000000000000000000000000000000000000000000000000000
	00000000000000000000000000000000000000000000000000000000000000000000000000000000000000000000000000000000000000000000000000000000000000000000000000000000000000000000000000000000000000000000000000000000002B7200001B3F0000000000000000000000000000000000000000
	00000000000000000000000000000000000000000000000000000000000000000000000000000000000000000000000000000000000000000000000000000000000000000000000000000000000000000000000000000000000000000000000000000000000000000000000000000000000000000000000000000000000000
	00000000000000000000000000000000000000000000002B720000FCDA0000000000000000000000000000000000000000000000000000000000000000000000000000000000000000000000000000000000000000000000000000000000000000000000000000000000000000000000000000000000000000000000000000
	0000000000000000000000000000000000000000000000000000000000000000000000000000000000000000000000000000000000000000000000000000000029710000E94D000000000000000000000000000000000000000000000000000000000000000000000000000000000000000000000000000000000000000000
	000000000000000000000000000000000000000000000000000000000000000000000000000000000000000000000000000000000000000000000000000000000000000000000000000000000000000000000000000000000000000000000000000000000000000000000000000000000000000000000000002D730000E94D
	00000000000000000000000000000000000000000000000000000000000000000000000000000000000000000000000000000000000000000000000000000000000000000000000000000000000000000000000000000000000000000000000000000000000000000000000000000000000000000000000000000000000000
	0000000000000000000000000000000000000000000000000000000000000000000000000000000000000000000000000000002D730000E94D00000000000000000000000000000000000000000000000000000000000000000000000000000000000000000000000000000000000000000000000000000000000000000000
	0000000000000000000000000000000000000000000000000000000000000000000000000000000000000000000000000000000000000000000000000000000000000000000000000000000000000000000000000000000000000000000000000000000000000000000000002D73000049E400000000000000000000000000
	00000000000000000000000000000000000000000000000000000000000000000000000000000000000000000000000000000000000000000000000000000000000000000000000000000000000000000000000000000000000000000000000000000000000000000000000000000000000000000000000000000000000000
	000000000000000000000000000000000000000000000000000000000000000000002C50000049E4000000000000000000000000000000000000000000000000000000000000000000000000000000000000000000000000000000000000000000000000000000000000000000000000000000000000000000000000000000
	0000000000000000000000000000000000000000000000000000000000000000000000000000000000000000000000000000000000000000000000000000000000000000000000000000000000000000000000000000002C50000098E500000000000100000000000000000000000000000000000000000000000000000000
	00000000000000000000000000000000000000000000000000000000000000000000000000000000000000000000000000000000000000000000000000000000000000000000000000000000000000000000000000000000000000000000000000000000000000000000000000000000000000000000000000000000000000
	000000000000000000000000002C500000F79E00000000000000000000000000000000000000000000000000000000000000000000000000000000000000000000000000000000000000000000000000000000000000000000000000000000000000000000000000000000000000000000184700003B5F0000000000000001
	00000000000000000000000000000000000000000000000000000000000000000000000000000000000000000000000000000000000000000000000000000000000000000000000000000000000000000000000000001847000009550000B52456E84A9AA956B76454A84A9ABB56A56454A8DA9E2B72A544D4AC5BBA2A52A5
	44DDAD52BB2A52ED4495BF52A96A52ADD6952D52A96ED22956152D76A94AD2295F352456E94A9B2956376454A94A9B3B56256454A9000F17480000C0550000000200400000000000084900000000000020000000002404008000000000001000001200000200400000000000084900000000000E4A000048F2000000080040
	0000020000000000000010000000000000008004002001000000000000000800000000000000400000020010008000000000040000000000000020000000000100080040000002000000000000001000000000000000000018490000567B000000000004000000000000200002000020000000000000000200000000100001
	000010000000000000000000018000080000800000000800000000000000004000040000400000000000040000000000002000020000200000000000001842000099BC000000000000000000000000000000000000000000000000000000000000000000000000000000000000000000000000000000000000000000000000
	00000000000000000000000000000000000000000000000000000000000017430000EBF2000000000000000000000000000000000000000000000000000000000000000000000000000000000000000000000000000000000000000000000000000000000000000000000000000000000000000000000000000016440000EB
	F2000000000000000000000000000000000000000000000000000000000000000000000000000000000000000000000000000000000000000000000000000000000000000000000000000000000000000000000000000016440000EF8000000000000100010000000000000000000000000000000000000000000000000000
	0000000000000000000000000000000000000000000000000000000000000000000000000000000000000000000000008000800000000000174E0000BE860000000000000000000000000000000000000000000000000000000000000000000000000000000000000000000000000000000000000000800000000000000000
	00000000000000000000000000000000000000000000000000174E00001A2600000000000000000000000000000000000000000000000000000000000000000000000000000000000000000000000000000000000000000000000000000000000000000000000000000000000000000000000000000000000000000000184D
	000002A100000000020012409040800800080000000000000000000000000100090048204020000400040000000000000000000000000480248020100010000200020000000000000000000002001240104000080008000100010000000000000000184D0000FDA60000000000010000000000000000000000000000000000
	0000000000000000000000000000000000000000000000000000000000000000000000000000008000000000000000000000000000000000000000000000000000800000000000184D0000FD690000000000000000000000000000000000000000000000000000000000000000000000000000000000000000000000000000
	00000000000000000000000000000000000000000000000000000000000000000000000000000000000000000000000000000000000000000000000000000000000000000000000000000000000000000000000000000000000000000000000000000000000000000000000000000000000000000000000000000000000000
	002D4C0000036E000000000000000100000000000000000000000000000000000000000000000000000000000000000000000000000000000000000000000000000000000000000000000000000000000000000000000000000000000000000000000000000000000000000000000000000000000000000000000000000000
	000000000000000000000000000000000000000000000000000000000000000000000000000000000000000000000000000000008000000000002D4C000082F5000000000000000000000000000000000000000000000000000000000000000000000000000000000000000000000000000000000000000000000000000000
	00000000000000000000000000000000000000000000000000000000000000000000000000000000000000000000000000000000000000000000000000000000000000000000000000000000000000000000000000000000000000000000000000000000000000000000000000000000000000000000002E4B000082F50000
	00000000000000000000000000000000000000000000000000000000000000000000000000000000000000000000000000000000000000000000000000000000000000000000000000000000000000000000000000000000000000000000000000000000000000000000000000000000000000000000000000000000000000
	00000000000000000000000000000000000000000000000000000000000000000000000000000000000000000000000000000000002E4B000082F50000000000000000000000000000000000000000000000000000000000000000000000000000000000000000000000000000000000000000000000000000000000000000
	0000000000000000000000000000000000000000000000000000000000000000000000000000000000000000000000000000000000000000000000000000000000000000000000000000000000000000000000000000000000000000000000000000000000000000000000000000000000002E4B0000E87600000000000000
	00000000000000000000000000000000000000000000000000000000000000000000000000000000000000000000000000000000000000000000000000000000000000000000000000000000000000000000000000000000000000000000000000000000000000000000000000000000000000000000000000000000000000
	00000000000000000000000000000000000000000000000000000000000000000000000000000000000000002D400000E8760000000000000000000000000000000000000000000000000000000000000000000000000000000000000000000000000000000000000000000000000000000000000000000000000000000000
	00000000000000000000000000000000000000000000000000000000000000000000000000000000000000000000000000000000000000000000000000000000000000000000000000000000000000000000000000000000000000000000000000000000002D400000E8760000000000000000000000000000000000000000
	00000000000000000000000000000000000000000000000000000000000000000000000000000000000000000000000000000000000000000000000000000000000000000000000000000000000000000000000000000000000000000000000000000000000000000000000000000000000000000000000000000000000000
	000000000000000000000000000000000000000000000000000000000000002D400000E876000000000000000000000000000000000000000000000000000000000000000000000000000000000000000000000000000000000000000000000000000000000000000000000000000000000000000000000000000000000000
	000000000000000000000000000000000000000000000000000000000000000000000000000000000000000000000000000000000000000000000000000000000000000000000000000000000000000000000000000000002D400000CFCE000000000001000100000000000000000000000000000000000000000000000000
	00000000000000000000000000000000000000000000000000000000000000000000000000000000000000000000000000000000000000000000000000000000000000000000000000000000000000000000000000000000000000000000000000000000000000000000000000000000000000000000000000000000000000
	000000000000000000000000800080000000000000002E450000951A000000000000000000000000000000000000000000000000000000000000000000000000000000000000000000000000000000000000000000000000000000000000000000000000000000000000000000000000000000000000000000000000000000
	00000000000000000000000000000000000000000000000000000000000000000000000000000000000000000000000000000000000000000000000000000000000000000000000000000000000000000000002E450000D8C30000000000000000000000000000000000000000000000000000000000000000000000000000
	00000000000000000000000000000000000000000000000000000000000000000000000000000000000000000000000000000000000000000000000000000000000000000000000000000000000000000000000000000000000000000000000000000000000000000000000000000000000000000000000000000000000000
	0000000000000000002C460000600400000000000000000000000000000000000000000000000000000000000000000000000000000000000000000000000000000000000000000000000000000000000000000000000000000000000000000000000000000000000000000000000000000000000000000000000000000000
	00000000000000000000000000000000000000000000000000000000000000000000000000000000000000000000000000000000000020000000000000002C4600007C440000000000010000000000000000000000000000000000000000000000000000000000000000000000000000000000000000000000000000000000
	000000000000000000000000000000000000000000000000000000000000000000000000000000000000000000000000002000000000000000000000000000000000000000000000000000000000000000000000000000000000000000000000000000000000000000000080000000000000002C460000B2AC000000000000
	00000000000000000000000000000000000000000000000000000000000000000000000000000000000000000000000000000000000000000000000000000000000000000000000000000000000000000000000000000000000000000000000000000000000000000000000000000000000020000000000000000000000000
	0000000000000000000000000000000000000000000000000000000000000000002A410000BC1B00000000000000010000000000000000000000000000000000000000000000000000000000000000000000000000000000000000000000000000000000000000000000000000000000000000200000000000000000000000
	00000000000000000000000000000000000000000000000000000000000000000000000000000000000000000000000000000000000000000000000000000000000000000000000000000000000000000000000000000000800000000000000000002F4F0000002C0000000000000000000000000000000000000000000000
	00000000000000000000000000000000000000000000000000000000000000000000000000000000000000000000000000000000000000000000000000000000000000000000000000000000000000000000000000000000000000200000000000000000000000000000000000000000000000000000000000000000000000
	0000000000000000000000000000000000000000000000000000000000000000000000002F4F000006D200000000000000000000000000000000000000000000000000000000000000000000000000000000000000000000000000000000000000000000000000000000000000000000000000002000000000000000000000
	00000000000000000000000000000000000000000000000000000000000000000000000000000000000000000000000000000000000000000000000000000000000000000000008000000000000000000000000000000000000000000000000000000000002F4F0000961B0000000000000000000000000000000000000000
	00000000000000000000000000000000000000000000000000000000000000000000000000000000000000000000000000000000000000000000000000000000000000000000000000000000000000000000000000000000000000000000000000000000000000008000000000000000000000000000000000000000000000
	0000000000000000000000000000000000000000000000000000002C50000049E400000000000000000000000000000000000000000000000000000000000000000000000000000000000000000000000000000000000000000000000000000000000000000000000000000000000000000000000000000000000000000000
	00000000000000000000000000000000000000000000000000000000000000000000000000000000000000000000000000000000000000000000000000000000000000000000000000000000000000002C50000049E40000000000000000000000000000000000000000000000000000000000000000000000000000000000
	00000000000000000000000000000000000000000000000000000000000000000000000000000000000000000000000000000000000000000000000000000000000000000000000000000000000000000000000000000000000000000000000000000000000000000000000000000000000000000000000000000000000000
	0000000000002C500000F79E0000000000000000000000000000000000000000000000000000000000000000000000000000000000000000000000000000000000000000000000000000000000000000000000000000000000000000000000000000000000000000000018470000F79E000000000000000000000000000000
	000000000000000000000000000000000000000000000000000000000000000000000000000000000000000000000000000000000000000000000000000000000000000000000000000000000000001847000007AE0000B52456E94A9BA956B76454A84A9ABB56A56454A8DA9E2B72A544D4AC5BBA2A52A544DDAD52BB2A52
	ED4495BF52A96A52ADD6952D52A96ED22956152D76A94AD2295F352456E94A9B2956376454A94A9BBB56A56454A9000F17480000C0550000000200400000000000084900000000000020000000002404008000000000001000001200000200400000000000084900000000000E4A000048F200000008004000000200000000
	00000010000000000000008004002001000000000000000800000000000000400000020010008000000000040000000000000020000000000100080040000002000000000000001000000000000000000018490000567B00000000000400000000000020000200002000000000000000020000000010000100001000000000
	0000000000018000080000800000000800000000000000004000040000400000000000040000000000002000020000200000000000001842000048BD00000000000100000000000000000000000000000000000000000000000000000000000000000000000000000000000000000000000000000000000000000000000000
	000000000000000000000000000000000000000000000017430000EBF20000000000000000000000000000000000000000000000000000000000000000000000000000000000000000000000000000000000000000000000000000000000000000000000000000000000000000000000000000164400002733000000000000
	000100000000000000000000000000000000000000000000000000000000000000000000000000000000000000000000000000000000000000000000000000000000000000000000000000000000000016440000E17B0000000000000000000000000000000000000000000000000000000000000000000000000000000000
	00000000000000000000000000000000000000000000000000000000000000000000000000000000000000000000000000174E0000E17B000000000000000000000000000000000000000000000000000000000000000000000000000000000000000000000000000000000000000000000000000000000000000000000000
	000000000000000000000000000000000000174E0000A42700000000000000000000000000000000000000000000000000000000000000000000000000000000000000000000000000000000000000000000000080000000000000000000000000000000000000000000000000000000000000000000184D000002A1000000
	00020012409040800800080000000000000000000000000100090048204020000400040000000000000000000000000480248020100010000200020000000000000000000002001240104000080008000100010000000000000000184D0000FAA7000000000000000000000000000000000000000000000000000000000000
	00000000000000000000000000000000000000000000000000000000000000008000000000000000000000000000000000000000000000000000000000000000184D0000FD69000000000000000000000000000000000000000000000000000000000000000000000000000000000000000000000000000000000000000000
	000000000000000000000000000000000000000000000000000000000000000000000000000000000000000000000000000000000000000000000000000000000000000000000000000000000000000000000000000000000000000000000000000000000000000000000000000000000000000000000000002D4C0000FD69
	00000000000000000000000000000000000000000000000000000000000000000000000000000000000000000000000000000000000000000000000000000000000000000000000000000000000000000000000000000000000000000000000000000000000000000000000000000000000000000000000000000000000000
	0000000000000000000000000000000000000000000000000000000000000000000000000000000000000000000000000000002D4C0000AD7A00000000000100010000000000000000000000000000000000000000000000000000000000000000000000000000000000000000000000000000000000000000000000000000
	000000000000000000000000000000000000000000000000000000000000000000000000000000000000000000000000000000000000000000000000000000000000000000000000000000000000000000000000000000000000000000000000000000000000000080008000000000002E4B000082F5000000000000000000
	00000000000000000000000000000000000000000000000000000000000000000000000000000000000000000000000000000000000000000000000000000000000000000000000000000000000000000000000000000000000000000000000000000000000000000000000000000000000000000000000000000000000000
	000000000000000000000000000000000000000000000000000000000000000000000000000000000000000000002E4B000082F5000000000000000000000000000000000000000000000000000000000000000000000000000000000000000000000000000000000000000000000000000000000000000000000000000000
	00000000000000000000000000000000000000000000000000000000000000000000000000000000000000000000000000000000000000000000000000000000000000000000000000000000000000000000000000000000000000000000000000000000000000000000002E4B0000E8760000000000000000000000000000
	00000000000000000000000000000000000000000000000000000000000000000000000000000000000000000000000000000000000000000000000000000000000000000000000000000000000000000000000000000000000000000000000000000000000000000000000000000000000000000000000000000000000000
	000000000000000000000000000000000000000000000000000000000000000000000000002D4000003977000000000001000000000000000000000000000000000000000000000000000000000000000000000000000000000000000000000000000000000000000000000000000000000000000000000000000000000000
	000000000000000000000000000000000000000000000000000000000000000000000000000000000000000000000000000000000000000000000000000000000000000000000000000000000000000000000000000000000000000000002D400000E876000000000000000000000000000000000000000000000000000000
	00000000000000000000000000000000000000000000000000000000000000000000000000000000000000000000000000000000000000000000000000000000000000000000000000000000000000000000000000000000000000000000000000000000000000000000000000000000000000000000000000000000000000
	0000000000000000000000000000000000000000000000002D40000024B700000000000000010000000000000000000000000000000000000000000000000000000000000000000000000000000000000000000000000000000000000000000000000000000000000000000000000000000000000000000000000000000000
	0000000000000000000000000000000000000000000000000000000000000000000000000000000000000000000000000000000000000000000000000000000000000000000000000000000000000000002D400000951A00000000000000000000000000000000000000000000000000000000000000000000000000000000
	00000000000000000000000000000000000000000000000000000000000000000000000000000000000000000000000000000000000000000000000000000000000000000000000000000000000000000000000000000000000000000000000000000000000000000000000000000000000000000000000000000000000000
	0000000000000000000000000000002E450000951A00000000000000000000000000000000000000000000000000000000000000000000000000000000000000000000000000000000000000000000000000000000000000000000000000000000000000000000000000000000000000000000000000000000000000000000
	000000000000000000000000000000000000000000000000000000000000000000000000000000000000000000000000000000000000000000000000000000000000000000000000000000002E450000D029000000000000000000000000000000000000000000000000000000000000000000000000000000000000000000
	00000000000000000000000000000000000000000000000000000000000000000000000000000000000000000000000000000000000000000000000000000000000000000000000000000010000000000000000000000000000000000000000000000000000000000000000000000000000000000000008000000000000000
	00002C460000D8C30000000000000000000000000000000000000000000000000000000000000000000000000000000000000000000000000000000000000000000000000000000000000000000000000000000000000000000000000000000000000000000000000000000000000000000000000000000000000000000000
	000000000000000000000000000000000000000000000000000000000000000000000000000000000000000000000000000000000000002C460000D8C3000000000000000000000000000000000000000000000000000000000000000000000000000000000000000000000000000000000000000000000000000000000000
	0000000000000000000000000000000000000000000000000000000000000000000000000000000000000000000000000000000000000000000000000000000000000000000000000000000000000000000000000000000000000000000000000000000000000000000000002C4600006B3500000000000000000000000000
	00000000000000000000000000000000000000000000000000000000000000000000000000000000000000000000000000000000000000000000000000000000000000000000000000000000000000000000000000000000000000000000000000000000000000000000000000000000000000000000000000000000000000
	00000000000000000000000000000000000000000000000000002A410000B6020000000000000000000000000000000000000000000000000000000000000000000000000000000000000000000000000000000000000000000000000000000000000000000000000000000000000000000000000000000000000000000000
	000000000000000000000020000000000000002000000000000000000000000000000000000000000000000000000000000000000000000000000000000000000000000000000000000000000000000000000000000000000000002F4F0000A70D000000000001000100000000000000000000000000000000000000000000
	00000000000000000000000000000000000000000000000000000000000000000000000000000000000000000000000000000000000000000000000000000000000000000000000000000000000000000000000000000000000000000000000000000000000000000000000000000000000000000000000000000000000000
	00000000000000000000000000000000000000800080000000000000002F4F000016B00000000000000000000000000000000000000000000000000000000000000000000000000000000000000000000000000000000000000000000000000000000000000000000000000000000000000000000000000000000000000000
	000000000000000000000000000000002000000000002000000000000000000000000000000000000000000000000000000000000000000000000000000000000000000000000000000000000000000000000000000000000000000000002F4F00002E1B000000000000000000000000000000000000000000000000000000
	00000000000000000000000000000000000000000000000000000000000000000000000000000000000000000000000000000000000000000000000000000000000000000000000000000000000000000000000000000000000000000000000000200000000000000000000000000000000000000000000000000000000000
	00000000000000000000000000000000000000002C50000040C50000000000000000000000004000400000000000000000000000000000000000000000000000000000000000000000000000000000000000000000000000000000000000000000000000000000000000000000002000000000008000000000000000000000
	000000000000000000000000000000000000000000200000000000000000000000000000000000000000004000000020000000000000000000000040000000000000000000000000002C5000004093000000000001000000004000000000004000000000000000000000000000000000000000000000000000000000000000
	0000000000000000000000000000000000000000000000000000000000000000000000000000000000008000000000000000000000000000000000000000000000000000000000002000000000002000000000000000000000000000000000000000000000000000000000000000400000000000000000008000000000002C
	500000F79E0000000000000000000000000000000000000000000000000000000000000000000000000000000000000000000000000000000000000000000000000000000000000000000000000000000000000000000000000000000000000000000018470000506100000000800000010000000080000000400000000000
	000000004000000000004000400000000000C00000000000400080008000400000000000000060004000000000004000400000000000000000000000000080000000000000000000184700007CB60000F524D6E84A9AA956B764D4A84A9AFB56A56454A8DA9E2B72E544D4AC5BBA6A52E544DDADD2BB6A52ED44D5BFD2A9EA
	52EDD6B52D52A96ED26956752D76A96AD2695F752456E96A9B2956376474A94A9B3B56256454A9000F17480000D7D00000000200400000000000084900000000006020000000002404008020000000001020001200400200406000000020086900000000000E4A000080A00000000800404000020000000000000010000000
	80000000C004002081008000000000008800000000000000C0000002001000800000800004000000000000002000000000010008004000004200400000000000500060002000000000001849000037C70000800000040000C00080002000020080208000000040008002C00000001000810080100000C00080008000000180
	0008004080C0008008C0004000C0008000C0008400804000004000400400000000400060000200002040000000000018420000F9AF000080008000C00080008000800080008000800080008000C0008000800080008000C000C0000000800080000000C000C0004000C000C00080004000C00080004000400060006000C000
	C000400040004000600040004000000017430000F78D000000004000800080000000000000008000000000000000C00000000000000080000000000080008000000000000000C000000000004000C0000000000040004000000000002000600020002000000040000000000016440000EF4300004000000040004000000040
	008000000000000000C000400040000000C0004000000000000000000040004000C00000000000000080000000800080002000200000002000E000200020002000400000000000000016440000224C00000000000100018000000080004000C000400080004000800080008000C00040000000000040004000400000004000
	40004000200060004000000000006000400040000000400040004000200060004000C000800040000000174E0000085E00008000800080000000800000008000000080004000800040004000C00080008000C00040000000200020004000000000002000600020000000400060000000200020004000000000000000600020
	0000000000400000000000174E000085520000800080008000000000000000C00040008000400080004000C000400000000000000000004000400000000000000060002000200000004000000000004000400020002000200040000000000000004000000020002000400000000000184D000054BF00000000020012409040
	8008C00800008000400080004000800001008900C8204020400440040000200060004000400020004480648060100010400260020000000040004000400002005240504060080008400160016000000040000000184D0000085500004000000100004000400000000000400000000000000000000000000000008000000000
	008000A00000000000200020002000000000002000200020000000000020002000200000002000200000002000200020000000800020000000184D0000ADAD000000000000000000000000C000000040000000000000004000C000000000004000400000000000400040000000000040000000C00000004000400000004000
	0000400000000000000000000000000000000000000000000000400000000000000000008000000000004000000000008000C000200000000000C0002000000080000000000020000000000040000000000000000000000000004000200020000000000060000000000000004000000020002D4C000010D000000000800040
	0100004000000000000000C000000000000000400000004000000080004000000040008000000000000000400000000000400040008000000040000000000000000000400000000000000040008000000000008000000000000000000040000000000000000000800000000000000080000000800000002000800060000000
	00000000000020000000000040000000000000000000200020000000000000002000000000008000000000002D4C0000463D0000000000000000000000004000000000000000000000000000000000000000000080000000000000000000000000000000000000000000000080004000000000000000000080000000400080
	0000000000000040000000000000000000000000000000000000000000000000000000800000000000000000000000800000002000000000000000000000002000000000000000000000000000000000000000000000000000000000000000000000000000000000002E4B00000D5800000000000040000000000000000000
	00000000800000000000000000000000000000000000000000000000000040000000000000000000000000000000000000000000000000000000000000000000000000000000800000000000000000000000000040000000000000000000000000000000000000000000000000000000800000000000000000000000000000
	0000000000000000000000000000000000200000002000000000000000000000000000000000002E4B000076B900000000000000000000400000000000000000000000000000000000800040000000000000000000000040000000000000004000800040000000000000000000000000000000000000000000000000000000
	000000000000000000000000000000000000000000000000000000000000000000000000000000000000200080000000000000000000000020004000200000000000000000002000000000004000000000000000400000000000000020000000000000002E4B0000EA39000000000000000040000000000040000000400000
	00000000000000400000000000000000000000000040000000800000000000400040000000000000000000400000000000000000000000000000000000000000000000000000000000000000000000000000000000000000000000000000000000000000000000000000000000000000000000400000000000000000004000
	0000000000002000000000000000000000000000000000000000000000002D400000F3A300000000000000000000000000000000000000000000000000000000000000000000000000000000000000000000000000000000000000000000000000000000000040000000000000000000000000000000000000004000000040
	0000000000000000000000000000000000000000000000000000000000000000000000000000000000000000000000000000000000000000000000000000004000200000000000000000000000000000000000000000002D400000015900000000000000000000400000000000000000000000000000000000800000004000
	00000000000000000000000000000000000000000000000000000000000000004000000000000000000000000000000000000000000000000000000040000000000000000000000000000000000000000000000000004000000000000000000000000000000020000000000000000000000000008000000000000000000000
	00000000000000000000000000000000002D4000000ECB0000000000000000000000000000000000004000000000000000000000000000000000000000000000000000000000000000000000000000000000000000000000000000000000000000000000000000000000000000000000004000000000000000000000000000
	00000000000000000000000000000000000000000000000000000000000080000000000000000000000000000000000000000000000000000000000000000000000000000000000000002D400000C2DA0000000000010001000000000000000000000000000000000000400000000000000000000000000000004000000000
	00000000000000000080000000000040000000000000000000000000000000000000000000000000000000000000000000000000000000000000000000000000000000000000000000000000000000000080000000200000008000200000000000800000000000000020000000000000004000000000000000000000008000
	80000000000000002E450000DF2500000000000000000000000000000000C0000000400000000000000000000000400000000000000040000000000040000000000000000000000000000000000000004000000000000000000000000000000000000000000000000000000000000000000000000000000000008000000000
	0000000000000000000000000000000000000000000000000000002000000000004000000000000000000000000000000000000000000020000000000000000000000000002E4500004AFF00000000000000000000000008000000000000000000000000000000000000000000000000000000000000000000000000000000
	00000000000000000000000000000000000000000000200000000000000000000000000000000000400040000000000000000000000000000000000000000000000010000000000020000000000000000000000000000000000020000000000000000000000000000000200000000000200000000000000000002C46000089
	2C000000000000000000004000000000000000000000000000000000004000000080000000000000000000000000000000000000000000200000000000000000000000000000000000000000008000000000000000000000000000000000000000000000000000200000000000000080000000000000000000000000000000
	0000000000001000000000000000000010000000000000001000000000000000000000000000000000000000000000002C460000993A00000000000100000000000000000000000000000000400000000000000040000400000040000000000000000000000000000000000000000000000000000000000000000000400000
	00000040004000000000000000000000000000200000000000000000000000000080000000000040000000000000000000000000000000000000000000000000000000000000000000000020000000000040000000000000000000000080000000000000002C460000F9AD0000000000004000000000004000000000000800
	0000000000000000400000000000000000004000000000004000400000000000C000000000000000000000000000200000000000000000000000000000000000000020004000800040004000000000000000000020000000400040000000200000000000000080004000100080000000000000002000100000000000000000
	000000000010002000000010000000000000002A410000919C00000000000080010000000040000000000000004000800000000000400000008000000000000000800000000000800000000000000000000000000000000000C000000000002000000000000000200000000000000000000000000000000000800000000000
	0000400000000000000020000000000000000000100000000000800000000000000000000000000000000000000000002000000000000000000020004000200000002000000000000000A00000000000000000002F4F0000853B00004000000000000000000000000000000040000000000000000000000000000000000000
	00000000000000000080000000000000000000000000000000000040000000000000000000000000000000000000000000000000000000000000000000000000000000000000000000000000000000000000000000000000000000000000000000000000000000200000000000000000000000000000000000000000000000
	200000000000000000000000000000000000000000002F4F00004094000000000000000080004000000000000000000000000000800040000000000080000000000000008000000000000000040000000000000000000000000000000000000000000000200000000000200000000000000000000000000000008000000000
	0000002000000000000000000020000000000000000000100000008000000000000000000000000000000000000000000000002000000000000000200000000000400000006000000000002000000000000000000000002F4F00006F0C00000000400000008000400000000000000000000000000000000000000000000000
	00000000000000000000000000008000000040000000000080000000000000008000000000000000800000008000000080000000000000000000800000000000000000000000000000000000000000008000100000000000000000000000000010000000000000000000000000000000000000000000000020000000000000
	004000000000000000400000002C500000DA48000000000000000000000000000000000000000000000000000000000000000000000000000000000000000000000000000000000000000000000000000000000000000000000000000000000000000000000000000000000000000000000000800000000000000000000000
	0000000000000000000000000000000000000000000000000000000000001000000000000000000020001000000000000000000000000000000000000000000000002C50000068BB00000000400000008000400000000000000000000000000000000000000000000000000000000000000000000000000080000000400000
	00000080000000000000008000000000000000800000008000000000000000000000000000800000008000000000000000000000000000000000008000000000000000000000000000000000000000000000001000000000000000000000000000000020000000000000004000000000000000400000002C500000F79E0000
	0000000000000000000000000000000000000000000000000000000000000000000000000000000000000000000000000000000000000000000000000000000000000000000000000000000000000000000000000000000000000000184700004D7A00004000A000800040000000A000800000000000000020000000800000
	002000000000002000000080008000200020000000100020000000800010000000000010002000000000002000100000000000300020000000500000000000000018470000B8080000F524F6E9CA9BE956B764F4A8CA9ABB56A56454A8FA9EAB72A544D4AC7BBA2A52A544FDADD2BBAA52ED44B5BF72A96A52BDD6B52DD2A9
	6ED23956152D76A97AD2295F352476E94A9B3956376474A97A9BBB56F56454A9000F174800003EF1000000028040000000002008C900800000002020300000002404108000002000001000001200000200401000000010085900000000000E4A000034F4000000080040000002000000000000001000000000000000800420
	2001000000000000000800000000000000400000020010008000001000040000000000000020000000100100080040000002004000000000001000000020000000000018490000F991000020002004000040000000200002002020200000000000200260002000100021002010000000002000200020018000280020808000
	0008200020002000800060002400204000002000200410000000000020000200202020000000000018420000BF71000060006000600020002000000020002000600020002000200020004000200020002000A000A000200020000000A000A000200020002000200020000000A0002000200000002000200030002000200000
	0020002000200000001743000027A7000060000000000000006000600000000000E000E000C0008000A00080000000000020002000000000002000A000000000002000200080000000A000A00000000000200010008000800020002000000000000000000016440000DEE8000000006000000000004000400000000000C000
	C0008000C0008000A0000000000080008000000000008000000000000000000000000000800080008000000000001000200080008000000000000000100000000000164400007D6A00002000000020002000200000000000000020000000000020002000000000000000200000000000000030001000300020002000100010
	003000A000000020002000200010001000100000000000100030004000400000000000174E000094DB0000000020000000000000002000A00020000000200020000000000020002000200000002000200020001000300000000000100020003000100000002000000020003000000000000000100010000000000030001000
	10000000174E00009C9B00000000200000010000000020002000200000002000200000000000200020002000000020002000200010003000000000000000100010003000200000000000200010002000200020002000000010003000200020005000500010000000184D00006DF20000200002003240B040A0080008000000
	0020000000000020002100090048204020A00480040000000020001000200020002480248030100010100230022000000060003000100012003240104000080008300110010000000000000000184D00007DC40000800000000000000000000000800080000000000000008000000000008000800000000000800080000000
	1000100000000000100010000000000010009000000000006000000000002000600040000000200060004000000000000000184D0000F2B90000000040000000000060000000000040002000400000000000200040000000000000000000000000000000800000000000200000000000000020000000000000000000000000
	000000A000000000000000200000000000000020000000000000000000000000000000A000000080000000900000000000900010000000000010001000200010000000100000001000000030000000000010002000000000000000000000000000000050000000000060002D4C0000D1060000400000000000400040000000
	800040004000000000004000400000000000C0002000000000000000200000000000000000000000000000000000000000000000800020000000000000000000800000000000000000000000000000000000000020000000800000008000000000008000A00010000000900030000000000010001000000000001000000030
	000000100000000000000010001000000000000000300000000000000040002000000020002D4C00004E1E000000000001000100000000000000000000000000000000000000004000000000000000000000000000000000000000000000000000000000000000800000000000000000000000000000000000000000000000
	00000000000000000000000000000000000000000000000000000000000020008000000080000000000000000000000000000000000000000000000000000000000010000000000000000000000000001000000000000000200080008000000000002E4B0000298E0000000000000000000000004000000000000000000000
	00000000000000000000000000000000000000000020000000000000000000000000000000000000000000200080000000000000000000000000000000000000000000000080000000000000002000000000000000000080000000000000000000000000001000000000000000000000000000000000000000000000000000
	00000000100000000000000000000000000000000000000000000000000000002E4B0000E4FB0000000000000000000000004000000000000000000000000000000000000000000000000000000000000000000000000000000000000000000000002000000000000000000000000000000000000000000000000000000000
	0000002000000000000000000000000000000000000000000080000000000010000000000000000000200000000000000000000000000010000000000000000000000000000000000000000000000000000000000040000000200000002E4B0000890000000000000000004000000000000000000000000000400000000000
	00000000A00000004000000000002000000000000000000040000000000000004000000000000000000000000000000000000000000000000000000000000000000000000000000000000000000000000000000000000000800000000000000000000000000000000000000000000000000090000000000000000000100000
	00000000000000100000000000000020000000000000002D400000EC79000000000000000000000000000000000000000000000000000000000000000040000000000000000000400000000000E000000000000000C00000000000000080000000000080000000800080000000800000000000000000000000000000002000
	0000000000000000A000000000000000000000000000000000000000000000008000100000000000900000000000000000001000000000000000100000000000800000000000000080000000000000002D4000007DB30000000000000000000000000000000020000000000000000000000000000000000040000000000000
	00000040000000000000000000000000000000000000000000000000000000000000000000000000000000000000000000000000000000000000000000000000000000000000000000000000000000000000000000000020000000000000001000000000000000000000000000800010000000000000001000800000001000
	000000000000000000002D400000C55A000000000000000000000000000000000000000000000000000000000000000000000000000000000000000000000000000040000000000000008000000000000000000000000000000020000000000000000000000000000000000000000000000000000000000000000000000000
	008000000000000000000000000000000000000000000000000000800000000000000000000000000000000000000000000000000000000000800000001000000000002D400000B555000000000000000080000000200000000000000000000000000000000000800000000000000000000000000000000000000000000000
	0000000000000000000000000000000000000000000000000000000000000000000000008000000000000000000000000000000000000000000000000000000000000000000000000000000000000000A000000010000000000000000000200000000000000000000000000000000000000000000000000000000000000000
	002E450000EBDE0000000000000000000000004000C000000000000000000000000000000040000000000000000000000000004000A000000000000000000000000000000000000000000000000000000000000000000000000000000000000000000000008000000000000000000000000000000000000000000000000000
	00000000100080000000000000001000000000000000000000000000100000000000000000000000000000000000000000000000000000002000000000002E45000014020000000000000001000000000000000000000000000000000000000000000000000000000000000000000000000000000000000000000000000000
	000000000000000000000000000000000000000000000000000000000000000000000000000000000000000000000000000000000000000000000000000000000000000000000000000000000000000000000000000000000000000000000000000000000000000000000000000000000000002C4600001E0D000000000000
	00000000000040000000400000000000000000000000000020000000000000000000000000000000000000000000000000000000000000000000000000000000000000000000000000000000000000000000000000000000000000000000000000000000000000000000000000000000000000000000000000000000000000
	00000000000000000000000000000000000000000000000000000000000000000000000000000000002C460000A47B0000000000000000000000000000000000008000000000000000000000000000000000000000000000000000000000000000000000000000000000000000000000000000000000000000000000000000
	000000000000000000000000800000000000000000000000000000008000000000000000000000000000000000000000000000000000000000000000000000000000000000000000000000000000000000000000000000000000000000002C4600006D1A000000000000000000000000000000000000000000000000000000
	00000040000000000000000000000020000000000000000000000000000000000000000000000000000000000000000000000000000000000000000000000000000000000000000000000000000000000080000000000000000000000000000000000000000000000000000000000000000000000000000000000000000000
	0000000000000000000000002A410000144A00002000000040000000000000000000000000000000000000000000000000000000000000000000000000000000000000000000200000000000000000000000800000000000000000002000000000000000000000000000000000002000000000000000000000000000000000
	00000000000000000000000000000000002000000000000000000000000000200000000000000000000000000000000000000000002000400000000000000000000000000000002000000000002F4F00005EF00000000000010001400000000000000000000000000000000000000000000000000000000000000000000000
	00000000000000002000000000000000000000000000000000000000800000000000000000000000000000000000000000000000000000000000000000000000000000000000000000000000000000000000200000000000000000000000000000000000800000000000000000000000000000000000400020000000000000
	0000000000800080000000000000002F4F000024AF00000000000000000000000000000000000020000000000000000000000000000000000000008000000000000000000000000000000000000000000000000000000000000000000000000000200000000000000000000000000020000000000000002000000000000000
	00000000000000000000000000000000000000000000000000000000000000000000000000000000000000000000000000000000000000000000000000000000000000000000000000002000000000002F4F00007A360000000000000000000000000000000000000000000000000000000000000000000000000000000000
	00000000000000000000000000000000000000000000000000000000000000000000000000000000000000000000000000000000000000000000000000000000000000000000000000000000000000000000000000000000000000000000000000000000000000000000000000000000000000000000000000000020000000
	00002B72000078520000000000000000000000000000000000000000000000000000000000000000000000000000000000000000000000000000000000000000000000000000000000000000000000000000000000000000000000000000000000000000000000002000000000000000000000000000000000000000000000
	0000000000000000000000000000000000000000000000000000000000000000000000000000000000000000000000000000002B720000DFAC00000000000000000000000000000000000000000000000000000000000000000000000000000000000000000000000000000000000000000000000000000000000000000000
	000000000000000000000000000000000000000000000000200000000000000000000000000000000000000000000000000000000000000000000000000000000000000000000000000000000000000000000000000000000000000000000000000000002B7200000040000000000000000000000000000000000000000000
	00400000000000000000000000000000000000000000000000000000000000000000000000000000000000000000000000000000000000000000000000000000000000000017560000337400000000000000000000000000000000000000000000000000000000000000000000000000000000000000000000000000000000
	000000000000000000000000000000000000000000000000000000000000000000000000000017560000AE180000000000000000000000000000000000000000000000000000000000000000000000000000000000000000000000000000000000000000000000000000000000000000000000000000000000000000000015
	550000AE180000000000000000000000000000000000000000000000000000000000000000000000000000000000000000000000000000000000000000000000000000000000000000000000000000000000000000000015550000B29D00000000000000000000000000000000000000000000000000000000000000000000
	0000000000000000000000000000000000000000000000000000000000000000000000000000000000000000000000000000000000000000000000000000000000000000000000000000000000000000000000001E570000B4E400000004000000000000000000002200002000020000000000000000100001000010000100
	00000000000000080000808008000000000000000000000400404000040000000000000000000022000020000015540000903C00000000000000000000000000000000000000000000000000000000000000000000000000000000000000000000000000000000000000000000000000000000000000000000000000000000
	0000000000000000000000000000000000000000000000000000000000000000000000000000000000000000000000000000000000000000000000000000000000000000000000000000265D0000903C0000000000000000000000000000000000000000000000000000000000000000000000000000000000000000000000
	00000000000000000000000000000000000000000000000000000000000000000000000000000000000000000000000000000000000000000000000000000000000000000000000000000000000000000000000000000000000000000000000000000000000000265D00000ECB000000000000000000000000000000000000
	00000000000000000000000000000000000000000000000000000000000000000000000000000000000000000000000000000000000000000000000000000000000000000000000000000000000000000000000000000000000000000000000000000000000000000000000000000000000000000000000000000000245C00
	000ECB00000000000000000000000000000000000000000000000000000000000000000000000000000000000000000000000000000000000000000000000000000000000000000000000000000000000000000000000000000000000000000000000000000000000000000000000000000000000000000000000000000000
	000000000000000000000000000000000000245C00000ECB00000000000000000000000000000000000000000000000000000000000000000000000000000000000000000000000000000000000000000000000000000000000000000000000000000000000000000000000000000000000000000000000000000000000000
	000000000000000000000000000000000000000000000000000000000000000000000000000000245C00000ECB00000000000000000000000000000000000000000000000000000000000000000000000000000000000000000000000000000000000000000000000000000000000000000000000000000000000000000000
	000000000000000000000000000000000000000000000000000000000000000000000000000000000000000000000000000000000000000000000000245C00000ECB00000000000000000000000000000000000000000000000000000000000000000000000000000000000000000000000000000000000000000000000000
	000000000000000000000000000000000000000000000000000000000000000000000000000000000000000000000000000000000000000000000000000000000000000000000000000000000000000000245C00000ECB00000000000000000000000000000000000000000000000000000000000000000000000000000000
	000000000000000000000000000000000000000000000000000000000000000000000000000000000000000000000000000000000000000000000000000000000000000000000000000000000000000000000000000000000000000000000000000000000000245C00000ECB00000000000000000000000000000000000000
	000000000000000000000000000000000000000000000000000000000000000000000000000000000000000000000000000000000000000000000000000000000000000000000000000000000000000000000000000000000000000000000000000000000000000000000000000000000000000000000000000000245C0000
	1B3F0000000000000000000000000000000000000000000000000000000000000000000000000000000000000000000000000000000000000000000000000000000000000000000000000000000000000000000000000000000000000000000000000000000000000000000000000000000000000000000000000000000000
	0000000000000000000000000000000000000000000000000000000000000000000000000000000000000000002B720000045400000000000000000000000000000000000000000000400000000000000000000000000000000000000000000000000000000000000000000000000000000000000000000000000000000000
	000000000000000000000000000000000000000000000000000000000000400000000000000000000000000000000000000000000000000000000000000000000000000000000000000000000000000000000000000000000000000000002B7200001B3F000000000000000000000000000000000000000000000000000000
	00000000000000000000000000000000000000000000000000000000000000000000000000000000000000000000000000000000000000000000000000000000000000000000000000000000000000000000000000000000000000000000000000000000000000000000000000000000000000000000000000000000000000
	000000000000000000000000000000002B720000FCDA000000000000000000000000000000000000000000000000000000000000000000000000000000000000000000000000000000000000000000000000000000000000000000000000000000000000000000000000000000000000000000000000000000000000000000
	00000000000000000000000000000000000000000000000000000000000000000000000000000000000000000000000000000000000000000029710000F9CD00000000000000000000000000000000000000000000000000000000000000000000000000000000000000000000000000000000000000000000000000000000
	0000000000000000000000000000000000000000000000000000200000000000000000000000000000000000000000000000000000000000000000000000000000002000000000000000000000000000000000000000000000000000000000000000000000000000000000000000000000002D730000E94D00000000000000
	00000000000000000000000000000000000000000000000000000000000000000000000000000000000000000000000000000000000000000000000000000000000000000000000000000000000000000000000000000000000000000000000000000000000000000000000000000000000000000000000000000000000000
	00000000000000000000000000000000000000000000000000000000000000000000000000000000000000002D730000F9CD0000000000000000000000000000000000000000000000000000000000000000000000000000000000000000000000000000000000000000000000000000000000000000000000000000000000
	00000000000000000000000000200000000000000000000000000000000000000000000000000000000000000000000000000000002000000000000000000000000000000000000000000000000000000000000000000000000000000000000000000000002D7300002C490000000000000000000000000000000000000000
	00000000000000000000000000000000000000000000000000000000200000000000000000000000000000000000000000000000000000000000000000000000000000000000000000000000000000000000000000000000000000000000000000000000000000000000000000000000000000000000000000000000000000
	0000000000000000000000000000000000000000000000000000002C5000006C7A00000000000000000000000020000000000000002000000000000000200000000000000000000000000000000000000000000000000000000000000000000000000000000000000000000000000000000000000000000000000000000000
	00000000000000000000000000000000000010000000000000000000000000000000000000000000000080001000000000001000000000000000000000001000000000000000000000000000000000002C5000000A540000000000010000000000000000200000000000000020000000000000002000000000000000000000
	00000000000000000020000000000000000000000000000000000000000000000000000000000000000000000000000000000000000000000000000000000000000000000000001000000000000000000000000000000000000000000000008000000000000000100000000000000000000000100000000000000000000000
	8000000000002C500000F79E00000000000000000000000000000000000000000000000000000000000000000000000000000000000000000000000000000000000000000000000000000000000000000000000000000000000000000000000000000000000000000000184700004B08000000000000000100000000000000
	0000000000200020000000000000000000000000000000000000000000000000000000000000000000000000000000000000001000000000000000000000000000000000008000000000000000000018470000B3AC0000B52456E84A9AA956B76454A84A9ABB56A56474A8FA9E2B72A544D4AC5BBA2A52A544DDAD52BB2A52
	ED4495BF52A96A52ADD6952D52A96ED22956152D76A94AD2395F352456E94A9B2956376454A94A9B3B56256454A9000F17480000535B0000000220400000000000084900000000001020100000002404008000000000101000001200100200400000000000084900000000000E4A00005A2600000008204020000200000020
	00000030000000000000008004002001000000000000000800000000000000400000020010008000000000140000001000000020000000000100081040000012000000000000001000000000000000000018490000C68900000000000400000000000020000200002000000000000000020000000010000100001000000000
	0000000000018000080000800000000800000000000000004000040010400000000000040000000000002000020000200000000000001842000071CC00000000000000000000000000002000000000000000000000000000000000000000000000002000200000000000000000000000000000000000000000000000000010
	001000000000000000000000000000000000000000000017430000C0720000000000002000000000002000000000000000000000000000000000002000000000000000000000000000000000000000000000000000000000001000000000000000000000000000000010000000000000000000164400009A0A000000000000
	00002000200020000000000000000000000000000000000000000000200000000000000000000000000000000000000000000000100010000000000000000000000000001000000000000000000000001644000029760000000000010001200020000000000020000000000000000000000000000000000000000000000000
	00000010001000000000000000000000000000000000000000100000001000000000000000100000008000800000000000174E0000CFAA000000000000000020002000200000000000200000000000000000000000000000000000000000000000100010000000100000000000000000001000100000000000000000000000
	100000000000000000000000000000000000174E0000E8D600002000000000002000200020002000200000000000000000000000000000000000000000000000000000000000000000000000100000000000100010000000100000000000000000000000000000000000000000000000000010000000184D00001413000020
	0002003240B040A00820082000000020000000000000000100090048204020000400040000000000001000000000000480248020100010000200020000000000000000000002001240104000081008000100011000000010000000184D0000D83D000000000001200020002000200020002000000000000000000000000000
	00000000000000000000000000001000100000000000100000000000100010001000000000001000100000000000000000001000100000000000100010000000184D0000EB97000000000000000000000000200020000000200000000000200000002000000020000000000000002000200000000000200020000000000020
	002000000000002000000000002000000000000000000000000000000000000000000000000000000000000000000000000000000000000000000010001000000000000000100000001000000000001000000000000000000000000000100000001000000000009000100000000000100000000000000010002D4C00004043
	00000000000000010000000020000000200020000000000020002000000000002000000000000000200020000000000020002000000000000000200000000000000000002000000000000000000000000000000000000000000000000000000000000000000000000000000000000000000000001000000010000000100000
	0000001000000000001000000000000000000000001000000000001000000000001000100000000000100010000000000010002D4C000082F500000000000000000000000000000000000000000000000000000000000000000000000000000000000000000000000000000000000000000000000000000000000000000000
	000000000000000000000000000000000000000000000000000000000000000000000000000000000000000000000000000000000000000000000000000000000000000000000000000000000000000000000000000000000000000000000000000000000000000000000000000000002E4B0000399E000000000000000000
	00000020000000000000000000000000000000000000000000000000000000000000000000000000000000000000000000000000000000000000002000000000000000000000000000000000000000000000000000000000000000000000000000000000000000000000001000000000000000100000000000000000000000
	000000000000000000000000000010000000000000000000800000000000000080000000000000000000000000002E4B0000A530000000002000000000000000000020000000000020000000000000002000200000000000000020000000000020000000000000000000000000000000000000000000000000002000000000
	00000000000000000000000000000000000000000000000000000000000000000000000000000000000000100000000000000010000000000010000000000000000000000000000000000000000000000010000000000000001000000000000000000010000000000000002E4B0000F6660000000000000000000000000000
	00000000000000000000000000000000000000000000000000000000000000000000000000000000000000000000000000000000000000000000000000000000200000000000000000000000000000000000000000000000000000000000000000000000000000000000000000000000000000000000000000000000000000
	000000000000000000000000000000000000000000000000000000000000000000000000002D40000051E8000020000000000000002000000000000000000000000000000000000000000000002000000000000000000020000000000000000000000000000000000000000000000020000000000000000000000000000000
	000020000000000000000000000000000000000000000000000000000000000000000000000000000000000000000000100000000000000000000000000000000000100000000000000000000000000000000000000000000000000000002D4000003564000000002000000000000000200000000000000020002000000000
	00000000000000000000000000000000000000200000000000000020000000000000002000000000000000200020000000000000000000200000000000000000000000000000000000000000000000000000000000000000000000000000000000000000000000000000000000000000000000000010000000000000001000
	0000000000000000000000000000000000000000000000002D40000078F300000000000000000000000000000000000000000000000000000000000000000000000000000000000000000000000000000000000000000000000000000000000000000000000000000000000000000000000000000000000000000000000000
	0000000000000000000000000000000000000000000000000000000000000000000000000000000000000000000000000000000000000000000000000000000000000010000000000000000000000000002D400000FC3800002000000100010000000000000000000000000000000000002000200000000000000020000000
	00000000000000000000000020000000000000000000200000000000000020000000000000000000000000000000000000000000000000000000000000000000000000000000000000000000000000000000000000000000100000000000000000001000000000000000000000000000000010000000000000001000000000
	0000001000800080000000000000002E450000951A00000000000000000000000000000000000000000000000000000000000000000000000000000000000000000000000000000000000000000000000000000000000000000000000000000000000000000000000000000000000000000000000000000000000000000000
	000000000000000000000000000000000000000000000000000000000000000000000000000000000000000000000000000000000000000000000000000000000000000000000000000000002E450000D8C3000000000000000000000000000000000000000000000000000000000000000000000000000000000000000000
	00000000000000000000000000000000000000000000000000000000000000000000000000000000000000000000000000000000000000000000000000000000000000000000000000000000000000000000000000000000000000000000000000000000000000000000000000000000000000000000000000000000000000
	00002C46000019690000000000000000000000000000000000000000000000000000000000000000000000000000000040000000000000000000000000000000000000000000000000000000000000000000000000000000000000000000000000000000000000000000000000000000000000000000000000000000000000
	000000000000000000000000000000000000000000000000000000000000000000000000000000000000000000000000000000000000002C4600001550000000000000000000000000000000000000000000000000000000000000000000000000000000000000000000002000000000000000000000000000000000000000
	0000000000000000000000000000000000000000000000000000000000000000000000000000000000000000000000000000000000000000000000000000000000000000000000000000000000000000000000000000000000000000000000000000000000000000000000002C4600006B9C00000000000000000000000000
	00000000000000000000000000000000000000000000000000000000000000000000000000000000004000000020000000000000000000000000000000000000000000000000000000000000000000000000000000000000000000000000000000000000000000000000000000000000000000000000000000000000000000
	00000000000000000000000000000000000000000000000000002A4100008EDA0000000020000000000000000000000000000000000000000000000000000000000000000000000000000000000000000000000000000000000000000000000000000000200000000000000000000000000000000000000000000000000000
	000000000000000000000020000000000000000000000000000000000000000000000000000000000000000000000010000000000000000000000000000000000000000000800000000000000000000000000000000000000000002F4F00005F78000000000000000000000000000000000000000000000000000000000000
	00000000000000000000000000000000000000000000000000000000000000000000000000000000000000000000000000000000000000000000000000000000000000000000000000000000000000000000000000000000000000000000000000000000000000000000000000000000000000000000000000000000000000
	00000000000000000000000000000000000000000000000000000000002F4F0000DCDC0000000000000000000000000000000000000000000000000000000000000000000000000000000000000000000000000000000000000000000000000000000000002000000000000000000000000000000000000000000000000000
	000000000000000000000000000000002000000000000000000000000000000000000000000000000000000000000000000000001000000000000000000000000000000000000000800000000000000000000000000000000000000000002F4F0000C19C000000000000000100000000000000000000000000000000000020
	00000000000000000020000000000000002000000000000000000000000000000000000000000000000000000000000000000000000000000000000000000000000000000020000000000000000000000000000000100000000000000000000000000000000000000000000000100000000000000010000000000000000000
	00000000000000000000000000000000000000002C500000E2DE0000000000000000000000000000000000002000000000000000000000000000000000000000000000000000000000000000000020000000000000002000000000000000000000000000000000000000000000000000000000000000000000000000000000
	000000000000000000000000000000000000000000000000000000000000000000000000000000000000000000000000000000000000000000000000000000000000000000000000002C5000001300000000000000000000000000000000002000000000000000200000000000000000000000200000000000000020000000
	0000000020000000000000000000200000000000000000000000000000000000000000000000000000000000000000000000200000000000000000000000000010000000000000000000000000000000000000000000000010000000000000001000000000000000000000000000000000000000000000000000000000002C
	500000F79E0000000000000000000000000000000000000000000000000000000000000000000000000000000000000000000000000000000000000000000000000000000000000000000000000000000000000000000000000000000000000000000018470000281B00002000200020002000200020002000200020002000
	20002000000000000000000000000000000000000000000000000000000000000000000000000000000000000000000010001000100010001000100000000000100010000000000018470000D75D0000B52476E96A9BA956B76474A86A9ABB56A56474A8FA9E2B72A544D4AC5BBA2A52A544DDAD52BB2A52ED4495BF52A96A
	52ADD6952D52A96ED22956152D76A94AD2395F352456E95A9B3956376454A95A9BBB56B56454A9000F17480000CE810000000200400000000000084900000000001020000010002404008000000000001000000200000200400000000000084900000000000E4A0000412C0000000800400000020000000000000010000000
	000000008004202021000000000000000800000000000000400000020010108000000000140000000000000020000000000100080040000002000000000000001000000000000000000018490000E2EC0000200020040000000000002000020020202000200000002002200000001000210020102000000000000000000180
	000800008000000008000000000000000040001400004000000000100400000000000020000200102000000000000018420000C4700000200020012000200020000000200020002000000020002000200020002000200020000000200000000000000000000000000000000000000000000000000000000000000000000000
	1000100000000000000090000000000017430000F449000020000000000000002000000000000000200000000000000020002000000000002000200020002000000000000000000000000000000000000000000010001000100000000000000010001000100000000000000016440000625C00000000200000010000000020
	0000000000000020000000000000000000000000002000200020002000000000000000000000000000000000000000000010001000000010000000000000009000000010000000000016440000E2B2000020000000000000002000200020000000000000000000000000000000000000000000000000000000000000000000
	000010001000000000000000000000001000000010001000100000001000000010000000100010000000174E0000F02000000000200020002000000020002000000000000000000000000000000000000000000000000000000000000000000000001000100000000000000010001000000010000000000000001000000010
	0000001000000000000000174E0000D8CD00000000200020002000000000000000200000000000000000000000000000000000000000000000000000000000000000001000100000000000000000000000100010000000000000000000000010000000100000001000000000000000184D0000505C00002000020012409040
	A00800080000200020000000000000000100090048204020000400040000000000000000000000001480348020100010000210021000000000001000100012000240104000081008000110010000100010000000184D0000577600000000000000000000000000000000200000000000000000000000000000000000000000
	000000000000001000100000000000100000000000100010001000000000000000000000001000000000000000000000000000000000000000184D0000910400000000000020000000000000000000000000000000000000000000000000000000000020000000000000002000000000000000000000000000000000000000
	2000000020000000200000000000000000000000000000000000000000000000000000000000000000000000000000000000100000000000100000000000000010000000100010000000000000000000000000001000000000000000000000000000000000000000000010000000000000002D4C0000BA3D00000000000000
	00200000002000000000002000000000000000000020000000000000000000000000000000000000000000200000000000000000000000000000002000000020000000000000000000000000000000000000000000000000000000000000000000000000000000000000001000000000001000000000000000100000001000
	00000000000000000000000000000000000000001000000000000000100000000000000000000000000000002D4C00007FE50000000020012001000000000000000000000000000000000000000000000000000000000000000000000000000000000000000000000000000000000000000000000000000000000000000000
	0000000000000000000000000000000000000000000000000000000000000000000000000000000000000000000000000010000000000000000000000000000000000000000000000000000000100000000000000000001000000000000000000080008000100000002E4B000082F500000000000000000000000000000000
	00000000000000000000000000000000000000000000000000000000000000000000000000000000000000000000000000000000000000000000000000000000000000000000000000000000000000000000000000000000000000000000000000000000000000000000000000000000000000000000000000000000000000
	0000000000000000000000000000000000000000000000000000000000000000000000000000002E4B00003DE100000000000000000000000000000000000000000000000000000000000000000000000000000000000020000000000000000000000000000000000000002000000020000000000000000000000000000000
	000000000000000000000000000000000000000000000000000000000000000000000000000010000000000000000000000010000000000000000000000000000000000000000000000000000000000000000000000000000000000000000000000000002E4B000056BC000000000000000000000000000000000000000000
	00000000000000000000000000000000000000000000000000000000000000000000000000200000000000000000000000000000000000000000000000000000000000000000000000000000000000000000000000000000000000000000000000000000000000000000000000100000000000000000000000000000000000
	0000000010000000000000000000100000000000000000000000000000002D400000018600000000000100000000000000000000000000000000000000000000000000000000000000000000000000000000000000000000000000000000000000000000000000000000000000000000000000000000000000000000000000
	0000002000000000000000000000000000000000000000000000000000000000000000000000000000000000000000000000000000000000000000000000000000000000000000000000001000000000000000000000002D40000027A200000000000000000000000000000000200000000000000000000000000000000000
	00000000000000000000000000000000000000000000000000000000000000000000000000000000000000000000000000000000000000000000000000000000000000000000000000000000000000000000000000000000000000000000000000000000000000000000000010000000000000000000000000000000000000
	00000000000000000000000000000000002D40000003480000000000000001000000000000000000000000000000000000200020000000000000000000000000000000000000000000000000000000000000000000000000000000000000000000000000000000000000000000000000000000000000000000000000000000
	00000000000000000000000000000000000000000000000000000000000000000000000000000000000000000000000000000000000000000000000000000000000000000000000000002D4000004ED20000000000000000000000000000000000000000000000000000000000000000000000000000000000000000000000
	00000000000000000000000000200000000000000000000000000000002000000020000000000000000000000000000000000000000000000000000000000000000000000000000000000000000000000000000000000000000000100000000000000000000000000000000000100000000000000000000000000000000000
	00000000000000002E4500005DFC0000000000000000000000000000000000000000200000000000000020000000000000000000200000000000000000000000000000000000000000000000000000000000000000000000000000000000000000000000000000000000000000000000000000000000000000000000000000
	0000000000000000000000100000001000000000000000000000000000100000000000000000000000000000000000000000000000000000000000000000000000000000002E450000177C00000000000000000000000000000000000000000000000000000000000000002000000000000000000000000000000000000000
	00000000000000000000000020000000000000000000000000000000000000000000000000000000000000000000000000000000000000000000000000000000000000000000000000000000000000000000000000000000000000000000000000000000000000000000000000000000800000000000000000002C46000040
	1B000000000000200000000000000000000000000000000000000000000000000000000000000000000000000000000000200000000000000000000000000000000000000000000000000040000000000000000000000000000000000000000000000000000000000000000000000000000000000000000000000000000000
	0000000000000000000000000000000000000000000000000000000000000000000000000000000000000000000000002C46000012DA00000000000000000000000000000000200000000000000000000000000000000000000000000000000000000000000000000000000000000000000000000000000000000000000000
	00000000000000000000000000000000000000000000000000000000000000000000000000000000000000000000000000000000000000000000000000000000000000000000000000000000000000000000000000000000000000000000000000000000002C460000681B0000000000000000000000000000000000000000
	00000000200000002000000000000000000000000000200000000000000000000000000000002000000000000000000000000000000020000000000000000000000000000000000040000000000000000000000000000000000000000000000000000000000000000000000000000000000000000000000000000000000000
	000000000000000000000000000000000000002A41000069A9000000002000000000000000000000000000200000000000000000000000000000000000200020000000000000002000000000002000000000000000000000000000000020000000000000000000000000000000000000000000000000000000000000000000
	0000000000000000100000000000000000000000000000000000000000000000000000000000000000000000000010000000000000000000000000000000000000000000200000000000000000000000000000002F4F0000338600000000200100010000000000000000000000000000000000000000000000000000200000
	00000000000000000000000000000000000000000000000000000000000000000000000000000000000000000000000000000000000000000000000000000000000000000000000000000000000000000000000000000000000000000000000000000000000000000000000000000000000000100000000000000000000000
	000000000000000000000000800080000000000000002F4F00007430000000000000000000000000000000000000200000000000000000008000000000000000000000002000000000000000200020000000000000000000000000000000400020000000000000000000000000000000000000000000000000000000000000
	0000000000000000000000000010000000000000000000000000000000000000000000000000000000000000000000100000000000000000000000000000000000000000000000200000000000000000000000000000002F4F0000161A00000000000000000000000000000000000000000000000020000000000000000000
	00000000000000002000000000000000200000000000000020000000000000000000000000000000000000000000000000000000000000000000000020000000000000000000000010000000000000001000000000002000000000000000000000000000000000001000000000000000100000000000200000003000000000
	000000000000000000000000002C5000004D13000000000000000000000000000000000000200000000000000000002000000000000000000000000000000020000000000000000000200000000000000000000000000000000000000000000000000000000000000000000000000000000000000000000000100000000000
	0000000000000000000000000000000000000000000000000000000000000000000000000000000000000000000000000000000000000000000000000000800000002C500000E1B700000000000000000000000000000000200000000000000000000000000000000000000000000000200000000000200000002000000000
	00000020000000000000000000000000000000000000000000000000000000000000000000000000000000000000000000000010000000000000001000000000002000000000000000000000000000000000001000000000000000100000000000000030002000000000000000000000000000000000002C5000008FDE0000
	000000000000000000000000000000000000000000000000000000000000000000000000000000000000000000000000000000000000000000000000000000000000000000000000000000008000000000000000000000000000000018470000D2850000000000000000000000000000200000002000000000000000000020
	0000000000000000002000000000000000000000000000000000001000000010000000100000000000000000000000000000008000000000003000200000000000184700005C5E0000B52456E84A9AA956B76454A86A9ABB56A56454A8DA9E2B72A544D4AC5BBA2A52A544DDAD72BB2A52ED4495BF52A96A52ADD6952D52A9
	7ED22956152D76A95AD2295F352456E94A9B29563764D4A94A9B3B56356474A9000F17480000AD9A0000200200400000000000084900000000001020000010002404008000001000001000001200000210401000100080085900000000000E4A0000D586000000082040000102000000000000001000000000000000800400
	20010000000000000008000000000000004000000200100080100000000400000000002000200010002001100800400000020010000000100090002000000000000000184900003BA1000000000004000020000000200002000020200000000000200220000000100021000010200020000000200000018000080000800000
	00080000000000000000400014001040000000000004000000000000200002002020200000000000184200004386000000000000000020000000000020000000400040000000000020000000000000002000200020002000200000000000000000000000000000000000000000000000100010000000000000000000000000
	00200020002000000017430000156100000000000000002000200020000000000000000000000000002000000000000000200020002000200000000000000000002000200000000000000000000000100000000000000000003000300000000000000000001644000096EE0000000000002000000000000000000000000000
	0000000000000000200000000000200020002000200000000000000000002000200000000000000000001000000000000000000000003000300000000000000000001644000001B400000000000100010000000020002000000000000000000000000000200020000000000000000000000000000000000000000000200020
	0000001000100010001000000000000000100000001000000000008000800010000000174E0000B1D80000000000000000000000002000200020002000000000000000000020002000000000000000000000000000000010000000100030002000100010000000100010000000000000002000000000000000000000000000
	00000000174E0000DF5A00000000200000000000000020002000000000000000000000000000000000000000000000000000000000000000000000000000000000002000300010001000000000000000000010001000100000001000100000000000000000000000184D0000DA9B0000000002001240904080082008200020
	0020000000000000000100090048204020000400040000000000000000100000001480348020102010100210021000100010000000000002001240004000080008000100010000000000000000184D0000DEEC0000000020002000200020000000200020002000000000000000000020002000000000000000000000000000
	1000100010000000100010001000200010001000000000001000100000000000200030001000100000000000100010000000184D000085C60000000000000000000040002000000020000000000000002000200000000000200000002000000020002000000020000000000000002000000020000000000020000000200000
	00000000000000000000000000000000000000000000002000000000000000000000000000000000000000000000000000100010000000000010001000000000000000100000000000100010000000000000000000000010000000000000001000000000001000000010002D4C0000FCAF0000000020002000000020000000
	00004000200000000000000000000000000020000000200000002000200000000000000000000000200000002000000000002000000000000000000000000000000000000000000000000000000000000000000000000000000000000000000000000000000000000000000010000000000000000000000000000000000000
	000000000020000000000030000000100000000000000000001000000010000000000000002D4C0000E020000000000000000000000000200000000000000000000000000000000000200000000000000000000000000000000000000000000000000000000000000020000000000000002000000000000000000000000000
	00000000000000000000000000000000000000000000000000000000000000000000000000000000000000000000000000000000000000000000000000000000000000000000000000000000000000000000000000000000000000000000000000002E4B0000F1060000000000000000000000004000000000000000000000
	00200000000000000000000000000000000000000020000000000000000000000000000000000000000000000000000000000000000000000000000000000000000000000000000000200000000000000000000000000000000000000000000000000000001000000000000000000000000000000000000000000000000000
	00002000000000000000000000000000000000000000100000000000000000002E4B00008A920000000020000001000000000000600000000000000000000000000000000000000000000000000000000000000020000000000000000000200000000000000000000000200000000000000000000000000000000000000000
	0000000000000000000000000000000000000000000000000000000000000000001000000010000000000000001000000000000000300000000000000020001000000000000000000000000000000000000000100080000000000000002E4B0000059700000000000000000000200000000000000020000000000000000000
	00000000000000000000000020000000000000002000000000000000000000000000000000002000000000000000000000000000000020000000000000000000000000000000000000000000000000000000000000000000000000000000000000000000000000000000000010000000000000000000100000000000000010
	00000000000000000000000000000010000000000000002D400000A0B10000200000000000000000000000000000000000000000002000200000000000000000000000000000000000000000000000000000000000000020002000000000000000000000000000000000000000000000000000000000000000000000000000
	00000000000000000000000000000000000000000000000000000000000000000000000000000000000000000000000000000000000000000000000000000000300000000000000000000000000000002D400000ACA30000000000000000000000000000000000000000000000000000200000000000200000000000000000
	00000000000000000000000000000000000000000000000000000000000000000000000000000000000000000000000000000000000000000000000000000000000000000000000000000000000000000000000000000000000000000000000000000000000000000000000000000010000000000000000000000000000000
	000000000000000000002D4000007ECC000040002000000020000000000000000000000000000000000000000000000000000000000000004000400000002000000000000000000000000000000020000000000000000000000000000000200000000000200000000000000000000000000000000000000000000000000000
	000000000000000000000000000000000000000000000010000000000000000000000000000000000000000000000000000000000000001000000000000000000000002D400000574D000000000001000100000000000020000000000000000000000000000000000000000000000000000000000000002000000000000000
	00000000000000000000000000002000000000000000000000000000000000000000000000000000000000000000000000000000000000000000000000000000000000000000000000000000000000000000000000000000000000000000000000000000000000002000000000001000000000000000800080001000000000
	002E45000016ED000000000000000000002000000000000000200000000000000000000000200000000000200000000000200000000000000000000000000000000000000000000000000000000000000000000000000000000000000000000000000000000000000000000000000000000000000000000000000000000000
	00000000000000000000000000000000000000000000000000001000000000000000000010000000000000000000000000001000000000000000000000002E450000D8C30000000000000000000000000000000000000000000000000000000000000000000000000000000000000000000000000000000000000000000000
	000000000000000000000000000000000000000000000000000000000000000000000000000000000000000000000000000000000000000000000000000000000000000000000000000000000000000000000000000000000000000000000000000000000000000000000000000000000000002C460000D734000000000000
	00000000000000008000000000000000000020000000000000000000000000000000000000000000000000000000000000000000000000000000000000000000000000000000000000000000000000000000000000000000000000000000000000000000000000000000000000000000100000000000000000000000000010
	00000000000000000000000000000000000000000000000000000080000000000000000000000000002C460000E1300000000000000000000000002000000040000000000000000000000000000000000000000000000000000000000000002000000000000000000000000000000020000000000000000000000000000000
	000000000000000000000000000000000000000000000000000000000000000000000000000000000000000000000000000000000000000000000000100000000000000000000000000000000000000000000000000080000000000000002C460000A742000000000000000000000000000000000000000000000000000000
	00000040000000000000000000000000000000000000000000000000000000200000000000000000000000000000002000000000000000000000000000000000000000000000000000000000000000000000000000000000000000000000000000000000000000000000000000000000000000000000000000100000000000
	0000000000000000000000002A41000068A600000000000000004000000000000000000040000000000040000000000000000000000000000000000000002000000000000000000000000000000020000000000000000000000000002000000000002000000000000000000020000000000000000000000000000000000000
	00000010000000000000000000000000000000100000000000000000000000200000000000000020000000000000000000000010000000000000000000000000000000800020000000000000002F4F000076B80000000000000000000000000000000000000000000000000000000000000000000000002000000000000000
	00000000000000000000000000000000200000000000000000000000000000000000000000000000000000000000000000000000000000000000000000000000000000001000000000000000000000000000000010000000000000000000000000000000000020000000000000000000000000000000000000000000000000
	0000000000000000000000000000002F4F0000446F00000000000000004000000000000000000040000000000040000000000000000000000000000000000020000000000000000000000000000000000000000000000020000000000000002000000000002000000000000000000020000000000000000000000000000000
	00000000000000000000000000000000000000000000000000000000000000000000000000000000000000000000000000000000100000000000000000000000000000000000000000002000000000002F4F0000409A0000000040000001000000004000000000000000000020000000000000000000000000000000000000
	00200020000000200000000000000000002000200000000000000000000000000000000000000000000000000000000000000000000000000000000000000000000000000020000000000000002000000030000000000000000000000000002000100000000000000000001000200000000000100000000000000000000000
	0000000000002C500000391F00000000000000000000000020000000000020000000000000000000200000000000000020000000000000000000000000000000000000000000000000000000000020002000000000000000000000000000000000000000000000000000000000002000000000000000000000000000100000
	00000000000000000000002000100000000000000000000000000000001000000000000000000000000000000000000000100000000000000000002C5000008D2F0000000040000000000040000000200020000000200000000000000000002000000000002000000000002000200000000000000000000000000020002000
	000020000000000000000000000000000000000000000000000000000000000000002000000000000000000000000000000010000000000020002000000000003000000000000000000020001000000000001000100020000000000010000000000000000000000000000000000000002C500000F79E000000000000000000
	0000000000000000000000000000000000000000000000000000000000000000000000000000000000000000000000000000000000000000000000000000000000000000000000000000000000000000000000000018470000E121000020002000000000002000000020002000000000000000000000000000000000000000
	000000000000000000000000200020000000000020003000000000000000000020002000000000002000200000000000000000000000000000001847000029CE0000B52456E94A9BA956B76474A86A9ABB56A56454A8DA9E2B72A544D4AC5BBA2A52A544DDAD52BB2A52ED4495BF52A96A52ADD6952D52A96ED22956152D76
	A95AD2295F352456E95A9B2956376454A94A9BBB56A56454A9000F1748000059770000200200400000000000086900000000001020100000002404108000001000101000001200100200401000100010085900000000000E4A0000260A000060080040000042002000000000001000000000000000A0042020210000002000
	20000800000020000000400000020010108000000000040000000000000020000000000100080040100012000000000030001000000020000000000018490000DC8E00006000600460006000000060000200002000000000600000022000200010000100001000000000000000000001800008000080000020080000000000
	000000400004000040300030002004200020002000200022002020200000000000184200001089000020000000600060006000000020000000000060000000200020000000200000000000000000000000000000000000000000000000000020000000000020002000300020001000300020000000100010000000A0003000
	000017430000ADA80000200020006000200020006000000020002000200040000000000000002000200000000000000000000000000000000000000000000000000000000000100010000000200010001000100010001000100000000000164400003574000060006000000060006000200020000000200020000000400000
	00000000000000000000000000000020002000000000000000000000000000200020000000000020000000100010003000B000100010000000000016440000021D0000000000000000000000000000000000000000000020000000000000000000000000002000200000002000000030003000300010000000200020000000
	00000000300010001000100000000000000010000000000000000000174E0000CDC2000020002000000000000000000000000000000000000000000000002000000000002000000000002000000020001000100010003000300010001000300030003000100030003000100030001000100020002000100000000000174E00
	00F9EA00000000000000012000200000000000000020000000200000000000200020000000000020002000200000002000000000001000100000002000200000000000200030003000100010002000200020000000000030001000100000000000184D00007BB10000000022001240B040A008200800002000000020002000
	00000100290068206020200400040000000020000000200020003480348010101010100230023000100010001000300032001240304030081008100100013000100000000000184D0000073C000020000000200020000000000020002000000000002000200000000000200020000000000020000000000010001000000000
	00100030001000000010001000100000001000100000002000200000001000300020000000100010000000184D00002A46000000004000400000000000400000004000400000000000400020004000600000002000000000002000200000000000200000002000000020000000000000002000000000000000200000002000
	200000002000000000002000000020000000200000002000000000002000000000000000000000000000100010000000100000002000000000001000000020000000100020000000100000002000100000001000200010001000000010000000100000002D4C0000F7DA000040000000400000000000400060000000400000
	00400020004000200040002000000020002000000020000000000000000000000000002000000000002000000000002000200000000000200000002000200000000000200000002000200000000000000020000000000000000000000020001000300000002000000020001000000000000000200020000000000000000000
	0000000030000000000020000000000000000000100020000000000010002D4C0000EE5A00004000000100010000000000000000000000000000000000000000400000000000000000002000000000000000200000000000000000000000000000000000000000000000000000000000000000000000000020000000200000
	000000000000000000000000000000000000000000000020000000100000000000200010000000000000000000000000000000000000000000000000001000000000000000000000000000000000000000000090008000000000002E4B00001744000020000000400000000000400000002000000000000000000000000000
	40000000000000000000000000000000000000000000000020000000000000000000000000000000000000000000200000000000000000000000000000002000000000000000000000000000000000000000000000000000000000000000000000000000000000000000000000002000000000000000000000000000000000
	000000000000000000100000000000000000000000000000002E4B00005474000000000000000000000000000000000000000000000000000000000000000000000000200000000000000000000000000000000000000000000000000000000000000000002000000000000000000000000000000000000000000000000000
	20000000000000000000000000000000000000000000000000000000000000000000000000000000000000000000000010000000000000000000100000000000100000002000000000000000000000000000000000002E4B0000EEA90000000000000000400000000000000020000000000000000000000000004000200000
	00000040000000000040004000000040000000400000000000000000000000000000000000000020000000000000000000000000000000000000000000000000000000200000000000000000002000000000000000000000000000200000000000000000000000000010000000000000000000000010000000100000000000
	100020000000000020000000000000002D400000D971000000000000000000000000000000000000000000000000000000000000000000000000000000000000000000000000200000002000000000000000000000000000000000000000000000000000000000000000200000000000000000000000000020000000000000
	000000000000000000000000000000000020000000000000000000000000000000000000000000000000000000000000000000000000000000000000000000000080000000000000002D40000024D6000000000000200000002000000000000000000000000000000000000000000000000000000000000000000000002000
	00000000000000000000000000000000000000000000000000000000000000002000000000002000000000000000000000000000200000000000200000002000000000000000000000000000000000002000000030000000000000000000000000000000200000000000200000000000000000000000000020000000000000
	0000002D4000004A8C00000000000000000000000000000000000020004000000000000000000000000000000020000000000000000000000000000000000000000000000000000000200000002000000000000000000000000000000000000000000000000000000000000000000000000000000000000000000000000000
	0000000000000000200000000000000000000000000020001000000000000000000000000000000020002000000000000000800000000000000000002D400000D99C00002000000000000000400000000000000040000000000000004000200000000000000000002000000060002000000000002000000000000000000000
	000000000000002000000000000000000000000000200000000000000000000000000000000000000000002000000020000000000000000000000000001000000000000000000000000000000000000000000000000000000000000000000000000000000000000000000000000000200000000000000000002E4500006009
	00000000000000004000000000000000000000000000000000000000000000004000400000000000000000000000000000000000000020000000000000000000200000000000000000000000000020000000000000000000000000000000000000000000000000000000000000000000000000000000000000000000000010
	000000000000000000000000000000000000000000000000002000000000000000100000002000000000001000000000000000000000002E450000BF0A000020000000000100000000000000000000000000000000000000000000000000000000000000000000000000000000000000000000000000000000000000000000
	0000000000000000000000000000000000000000000000000000000000000000000000000000000000000000000000000000000000000000000000000000000000000000000000000000000000000000000000000000000000000000000000000000200000000000000000002C460000E02500000000000020000000000040
	00000000000000000000000000000040002000000000000000000000000000000000000000000000000000000000000000200000000000000000000000000000000000000000000000000000002000000000000000000000000000000000000000000000000000000000000000200000000000000000000000000000000000
	100000000000000000000000000000000000000000000000000000000000000000002C4600006750000000000000000000000000000000000000000000000000000020000000000000000000000000000000000000000000200000000000000000000000000000000000000000000000000000000000000000000000000000
	0000000000000000000000000000000000000000000000000000000000000000000000000000000000100000000000000000000000000000000000000000000000000000000000000000000000000000000000000000002C4600007C7F00000000000000000000400000000000000000002000000020000000400000000000
	00000000200000000000200000000000000000000000000000002000000000000000000000000000200000000000000000000000000000000000000000000000000000000000000000000000000000000000000000000000000000000000000000000000100020000000000000000000000010000000000000000000000000
	00000000002A410000E4A20000000020006000000020004000000040000000000040000000200000000000000000000000000000000000000000000000000000000000000000000000000000000000000000000000000000000000000000000000200000000000000000000000000000002000000000000000000000000000
	000010000000000010000000000000000000000000001000000010000000000000002000000010000000200000000000000010000000000020000000000000000000000000002F4F0000CC89000020000001000100000000400000000000000000000000000000000000000000000000000000000000000000000000000000
	00000000000000000000000000000000000000000000000000000000000000000000000000000000000000000000000000000000000000000000000000000000000000000010001000000000000000000000000000000010002000000000000000000000000000100000000000000000000000000000000000000000008000
	80000000000000002F4F0000E1200000000000002000400020000000000040000000000040000000200000000000000020000000200000000000000000000000000000000000000000000000000000000000000000000000000000000000000000000000000020000000000000000000000000000000200000000000000000
	000000000000000000000000000000000000000000000000000000000000001000000000002000000000000000200000000000000000001000000020000000000000000000000000002F4F00000E2D000000000000000000000000000000000000000000000000000000000000000000000000000000000000000000000000
	00000000000000000000000000000000000000000000000000000000000000000000000000000000000000000000000000000000000000000000000000000000000000000000000000000000000000000000000000000000000000000000000000000000000000000000000000000000000000000000000000000000000000
	00000000000000000000002F7400008B6300003060000002004480081D00000000000000000000830000001025244240880000200020010000000018300000810002400400000E2000000000000000C1800000081032220041000400000000000000000C1000084080912002000000000700000000000060C0000004008918
	10210000000280008000000006000008204448900100000000000003000000003060000082004480081C00002000E001400000000300000010240442008880000000000000010000000000002F740000307100003060000002004480081C000000000000000000008300000010242442408800002000200000000000183000
	00810002400400000E2000000000000000C1800000081032220041000400000000000000000C1000084080912002000000000700000000000060C000000400891810210000000200000000000006000008204448908100000000000003000000003060000002004480081C0000200020010000000003000000102404424088
	00000000000000010000000000002F7400008C8B0000000000000000000000010000010000000000000100000100000000000000000000000101000000000000000000000000000000000080000000000100000000800000000000000100000000000000000000000100000000800000000001000000000000800000010000
	000000000000800000010000000000000000800000000000000000008000000000000000000080800000000000000000000080000000008000000000000000000080000000000000000000000000002F740000176E000000004000000000000000000000000000400000000000000020002000000000000000200000000000
	00000000000000000000200000000000000028000000000000000000000000000000000020000000000020000000000000000010000000000000000000001000000020000000000000000000000000000000000000000000000000000000000000000000200010000000000020000000100000002000000000000000000000
	00000000002C500000B5E20000000000000000000000000000000000002000000000000000000000000000000000000000000000000000000000000000200000000000000020000000000000000000000000000000000000000000000020000000000000000000000020000000000020000000000000001000000000000000
	000000000000000000000000000000002000000000000000000000000000000000000000100000000000000030000000000000002000000000002C500000514E000000000000000000000000000000002000000040000000000020002000000000000000200000000000000000000000000020002000000000002800200000
	000000000000000000000000002000000020000000000000000000000000000000000000000000000010001000000020000000000000000000000000000000000000000000200000000000000000002000100000002000000010001000000030000000200000000000A000000000002C500000AF4300000000000000000000
	00000000000000000000000000000000000000000000000000000000000000000000000000000000001000000000000000000000000000000000000000000000000000000000000000000000000000000000000018470000780B00000000000000000000000000000000000000000000000000000000000000000000000000
	00000020000000000020000000000000000000000000000000000000000000000000002000000000001000100000009000000000000000000018470000DEC60000B52456E84A9AA956B76454A84A9ABB56A56454A8DA9E2B72A544D4AC5BBA2A52A544FDAD72BB2A52ED4495BF72A96A52ADD6952D52A96ED22956152D76A9
	4AD2295F352476E94A9B2956376454A94A9B3B56256454A9000F17480000DB860000000200402000000000086900000000003020000010002404208000001000201000003200000220400000100000084900000000000E4A0000BC910000600820402001020000000000000030002000000000008004202001000000000000
	00080000000000000040000002001000802000000004000000200010002000200000010008104010002200000030003000100000000000000000001849000060650000000000040000200000002000020000204000600000000002000040001000010000102000200000000000000180002800008000000008000020000000
	200040000400004000000000000420001000300020000200002000000000000018420000B7F60000000060002000200000000000000000000000000020000000000000000000200020002000200000000000000000000000000000000000200000000000000020000000000000000000100010003000100020002000200000
	001743000069E40000000000000000200020006000200000000000000000000000000020002000200020000000000000000000000000000000000020000000000020002000100010000000000000000000100010001000300000000000164400006E3000002000200060004000600020002000000000004000000000002000
	200020002000000020000000000000000000000000002000000000000000000020003000100010001000000000003000300030003000000000001644000081D1000000002001200100000000000020000000000000000000200020000000200000000000000000002000000000001000200000000000000000000000100010
	003000200000000000100000001000200010008000800000000000174E0000132A000000002000200000000000200000000000000000000000200020002000000000000000000000000000200000000000300020002000200000001000200030001000100010003000000010002000100000000000000000000000174E0000
	A9A600000000200020000000000020002000000020000000000020002000000020000000000020002000200000000000100000001000100020000000200030002000000030003000200010003000000000001000200010001000000010000000184D0000476600000000220032409040800820082000000000000000000020
	002100290048204020000420042000200030002000000030003480348020102010300220022000200020002000300022003240104010082008300100010000000000000000184D000063A400000000000020002000000020002000200000000000200020000000000020002000000020002000200000001000300030000000
	100010000000300030003000000020003000100000002000200010001000300020000000900010000000184D0000248500004000200000004000000000002000000060000000000020000000600000004000000020002000000020000000000020000000000000002000000000002000000000002000200000000000200000
	0000000000000000000000000000000000000000002000200000002000000000002000200010001000000020000000200010001000000010000000000020002000100000002000000020002000000000001000300000002000100020000000000020002D4C0000AC4C00000000000040000000000000000000400000000000
	00006000000040000000000000002000000000000000200000002000000000000000000020000000000000000000200000000000000000002000000000000000000000002000000000002000000020000000200000000000000000000000100000002000200000000000200000000000000020000000000010000000200000
	00200000000000000000001000000000000000300010008000200010002D4C00003D720000000000000000000000000000000000000000000000000000000000000000000000000000000000000000000000000000000000002000000000000000200000000000000000000000000000000000200000000000000000000000
	0000000000000000000000000000000000000000000000000000000000000000000000000000000000000000000000000000000020000000000000002000000000000000000000000000000000000000000000000000000000002E4B0000416600000000000000000000000000000000000000000000000000000000200000
	00400000000000000000000000000000000000000000000000000000000000000000000000000000000000000000000000000000000000000020000000000000000000000020000000200020000000000000000000000000000000000020000000000000000000200000000000000000000000000000000000000000000000
	0000000000000000000000000000000000000000000000002E4B000088AB00000000000000010000000000002000400000000000200000000000000000000000000000000000000000000000200000000000000000000000000000000000000000000000000000000000000000000000000000000000000000000000000000
	000000000000000000000000000000000000000000000000000000000000000000000000000000000000000000200000000000000020001000000000000000000000001000000000000000000000000000000000002E4B00006622000000002000000000004000200000004000400000000000000000004000000000004000
	00004000200000000000000040002000000000000000000000000000000000000000000000000000000000000000000000000000000000000000000000000000000000000000000000000000000000000000000000000000000000000000200000000000000020000000000000000000000020001000000000000000000000
	0000000000000000000000000000002D40000025F500000000000000000000000000000000000000000000200000000000000000000000000000000000000000000000000000004000200000000000000020000000000020000000000000000000000000000000000000000000000000002000000000000000000000000000
	0000000000000000000000000000200000000000000000000000200010000000000000002000300000000000000000000000000010000000000020000000000000000000000000002D4000002E2600000000200000000000000020000000000000000000000000000000000040000000000000000000000000000000200000
	00000040006000000020000000000000000000000020000000000000000000000000000000000000002000000000000000000000000000000000000000000000000000000000000000000000000000000000001000000000000000000020000000000010000000000000000000000000002000000000000000000000000000
	00002D40000052DC0000000000000000400000000000000000002000000000004000000000000000000040000000000000000000000000000000000000000000000000000000200000000000000000000000000000000000000000000000000000000000000020002000000000000000000000000000000000000000200000
	00000000000000200000000000000000001000000000000000000000000000000000002000000000000000000000000000000000000000000000002D4000003C0E0000000000010001000000000000200000000000000000000000000000000000000000000000400000004000200000000000000000000000000000000000
	0000000000000000000000000000200000000000000000000000000000000000000000000000000000000000000000000000000000000000000000001000000000000000000000000000200000000000000000000000000010000000000000002000000020000000000000000000800080000000000000002E450000282200
	00600000000000000040000000600000000000200000000000000040006000000000000000000000000000000000000000000020000000000000000000000000000000000020000000000000000000000000000000200000002000000000000000000000002000000000000000000000000000000000000000000020000000
	0000100000000000000000002000000030000000200000000000100000000000000000000000200000000000000020000000000000002E4500008B5700000000000000002000000000000000000000000000000000000000000000000000000000000000000000000000000000000000000000000000000000000000200000
	00000000000000000000000000000000000000000000000000200000000800000000002000000000000000000000000000000000000000000000000000000000000000000000000000000020000000000000000000000000000000200000000000000000000000000000002C460000F4C90000000000000000000000004000
	00000000000000000000000000004000000000000000000000000000000000000000000000000000000020000000000000000000200000000000000000000000000000000000000000000000000000000000000000000000000000000000000000000000000000001000000000000000000000000000000000000000000000
	0000000000000000001000000000000000000000000000200000000000000000002C460000E19C00000000000100000000000000000000200000000000000000000000000000000000000020000000000020000000200000000000000000000000200000000000000000000000000000002800000000000000000000000000
	00000000000000000000000000000000000000000000000000000000000000000000000020000000000020000000000000000000000010000000000020000000000000000000100000001000000090000000000000002C4600004D9B0000000000006000000060000000000020000000000000002000000020000000000000
	00000000000000000000000000200000000000000020002000000000000000200000002000000020000000200000000000080000000000000000000000000000000000200000000000000000000000200000000000000000000000100000000000000020000000000000000000200000000000100000000000000010000000
	000000002A4100005C79000000004000000100000000000000000000200000000000000000004000000000002000000000000000000000002000000000000000000020000000000000000000000020002000000000000000000000000000000020000000000000000000000020000000200000000000200000003000000000
	0000000000200000000000000010000000100000000000200000000000100000000000000010000000000020001000200000002000100000000000800000000000000000002F4F0000414E00000000200000000000000000000000000000000000000000000000000000000000000000000000000000002000000020000000
	00000000000000000000000000000000000000000000000000000000000000000000000000000000200000000000000000000000000020000000000030000000000000000000000000000000000000000000000000000000000000000000100000000000000000000000000000000000000020000000000000002000000000
	000000000000002F4F0000D0F4000040000000000000000000400000000000000020000000000040000000000000002000000000000000000000000000000000000000000020000000000000000000000020000000200000000000000020000000000000002000000000000000000020000000000020000000000000000000
	0000000000001000200000000000000010000000000010000000000000000000000000000000000010000000200000003000000000000000300000000000000000000000000000002F4F00008B4900002000200000000000200000000000000000000000000000000000000000000000000020000000000020000000000000
	00000000000000000020002000000000000000000020000000000000000000000000000000000000000000000000000000000000000000000000001000000000000000000000000000200020000000000000000000000000000000000000000000100000000000000010000000200000000000000000000000000000002C50
	00000606000000000000000000000000000040000000200040000000000000000000000000000000000000004000000020000000000000000000000000000000000000000000200000000000000020000000000000000000000000000000000000000000000000000000200000002000000000000000200010000000000000
	0000001000000000000000000000001000200000001000000000000000180000000000000020000000000000002000000000002C500000188200000000200000000000200000004000200040000000000000000000000000000000000020000000600000000000200000000000000000000000000000000000200000000000
	20002000000000000000000000000000000000000000000000000000000020000000000030000000000000003000000000000000200020000000100000000000000000000000000030000000100000001000000010002000000000002000000000000000300000002C500000F79E0000000000000000000000000000000000
	00000000000000000000000000000000000000000000000000000000000000000000000000000000000000000000000000000000000000000000000000000000000000000000000000000000001847000096470000600060006000600020002000200020002000200020002000200020002000200020002000200020002000
	20002000200020002000200020003000300010001000300030003000300030003000300030002000200030003000000000001847000097320000F52476E96A9BE956B76474A86A9ABB56A56474A8FA9E2B72A544F4AC7BBA2A52A544FDAD72BB2A52ED44B5BF72A96A52ADD6B52D72A96ED23956352D76A97AD2395F352476
	E97A9B3956376474A97A9BBB56B56474A9000F174800006B230000000200400000000000084900000000000020000000000404008000000000001000000200000200400000000000084900000000000E4A0000A9CF000000080040000002000000000000001000000000000000800400200100000000000000080000000000
	0000400000024010008010000000140000000000000020000000000100080040000002000000000000001000000000000000000018490000A51C00006000400460006000200060004200602000006000600020026000000030002100201000002000200000000001A000280020802000200820000000000020006000340060
	4060002000100430003000200030001200302000000000000018420000818F000020006001600000006000400060002000600040006000600000006000200020000000200020002000200020002000200000000000200020002000200020002000400040002000300020001000300010003000A000300000001743000081B7
	0000000040002000000000004000200000000000200000004000000020000000000000000000000000000000200020000000000000000000000040006000200000001000000020000000000010002000000000000000164400009C9C0000000020004001000000002000400000000000400060000000000000002000000000
	0020002000000000000000000000000000200020000000400040000000100000002000000010000000A000000010000000000016440000BECE00000000200000002000000020000000200000002000000020000000200000002000000020000000200000002000100020000000300000003000100020000000300010002000
	1000200010002000100000003000000010000000174E0000B027000000002000000020000000200000002000000020000000200000002000000020000000200000002000000020001000200000003000000030001000200000003000100020001000200010002000100020001000000010000000174E000086AA0000200000
	0020000000200000002000000020000000200000002000000020000000200000002000000020000000300000003000000010000000200010003000000020001000200010002000000020001000200030000000100000000000184D0000BD9D00002000020032409040A0080008200000002000000020000000210009006820
	4020200400042000000020000000300000003480048030100010200210023000000020001000200012002240104020081008200110012000100000000000184D0000AE660000000000000000000000000000000000000000000000000000000000000000000000004000000000000000100010000000000020000000000000
	0000000000000000000000000000001000000000000000000000000000000000000000184D000065170000000060000000200000000000000000000000000000000000000020000000000000000000000000000000200000000000000000000000000000000000000000000000000000000000000020000000000000000000
	00000000000000000000000000002000000000000000200000004000100000000000100000001000000000000000100000000000000010000000000000001000000000001000000000000000000020000000000000000000000000002D4C0000FD6E0000000000000000000000002000200000000000200020000000000020
	00200000000000200020000000000020002000000000002000200000000000000020000000000020002000000000000000000000000000000000000000000000000000000000000000000000000000000000000000100020000000100000000000000000000000100010000000000020000000000000003000000000000000
	300000001000000000000000000000000000100000002D4C0000F3B6000000002001000100000000200000000000000000000000000000000000000000000000000000000000000000000000000000000000000000000000000000000000000000000000000000000000000000000000000000000000000000000000000000
	00000000000000000000000000000000000000000000002000000000000000000020000000000020000000000000001000000020000000000000000000000010000000000000000000100080008000000000002E4B000009420000200000000000200000000000000000000000000000000000000000000000000000000000
	00000000000000000000000000000000000000000000000000000000000000000000000000000000000000000000000000000000000020000000000000000000000000000000000000000000400020000000000000000000000000000000000000000000000000000000000000000000000000000000100000000000000000
	00000000000000000000000000000000002E4B0000937D0000000000000000000040000000000000000000000000000000000000004000000000000000000000000000000000000000200000000000000000000000000000000000200000000000000000000000000000000000000000000000000000000000000000000000
	0000000000000000000010000000000000000000000000000000000010000000000000000000000000000000000000000000000000000000000000000000000000000000000000000000000000002E4B0000AEC600000000000000000000000000004000000000000000000040000000000000006000000000000000200000
	00000000002000000000000000000020000000000000002000000000000000000000000000200000000000000000000000000000000000000000000000000000000000000000000000000000000000000000000000000000000000000010000000000000000000000000000000000000000000000000000000000000000000
	00000000000000002D4000006E8A0000000000000000000000000000200000000000000020000000000000000000000000000000000000000000000000000000000000000000000000000000000000000000000000000000000000000000000000000000000000000000000000000000000000000000000000000000000000
	00000000000000000000000000000000000000000000000000000000000000000000000000000000000000000000000000200000000000200080000000000000002D400000709A0000000000002000000000000000000000000000000000000000000000000000000000002000000000000000200000000000000020000000
	00000000200000000000000020000000000000002000000000000000200000000000000020000000000000000000000000000000000000000000000000000000000000000000000020000000000000000000000000000000000000000000000000000000000000000000100000002000000000000000000000002D400000A8
	6F000040002000400000004000000000000000400000000000000060002000000000004000000000000000400000004000000040000000000000004000000000000000000000000000000000000000000000000000000000000000000000000000000020002000000020000000200000002000000020000000200000002000
	000000000000200000002000000030000000200000002000000020001000200000000000000000000000900030000000000000002D400000822E000000000000200000000000000000000000000000000000000000000000000040000000200000000000000020000000000000002000000000000000200000000000000000
	00200000000000200000000000000000000000000000000000000000000000000000000000000000000000000000000000000000000000000000000000100000000000000000000000000000000000000000000000000000000000000000000000000000000000000000000000000000002E450000DA000000000000004000
	00000000000060000000000000004000000000002000000000000000000040000000000000000000000000000000000000000000000000000000000000000000000000000000000000000000200000000000000000002000000000000000000000000000200000000000000020000000000000001000000010000000000000
	00000000001000100000000000100010002000000000000000000000000000200000000000000020001000000000002E45000058680000000000000001000000000000000000000000000000000000000000000000000000000000000000000000000000002000000000000000200000000000000000000000000000000000
	000000000000000000000000000000000000200000000000000000000000000000000000000000000000000000000000000000000000000000000000000000000000000000000000000000000000000000000000000000000000000000000000000000002C4600000E26000000000000200000000000000000002000000000
	00000000000000000000000000000000000000000000000000000000000000000000000000000000002000000000000000000000000800000000000000000000000000000000000000000000000000000000002000000000000000000000000000100000000000000000001000000000000000000020001000000000000000
	20000000000000000000000010000000000008000000000000002C460000B46A0000000000000000000000000000000000000000000000000000000000002000000000000000000000000000000000000000000000000000000000000000000000000000000000000000000000000000000000000000000000000000000000
	000000000000000000000000000000000000004000000000000000000000000000000000000000000000000000000000000000000000000000000000000000000000000000000000000000000000002C4600009F22000000000000000000000000100000000000000000000000200020000000000000000000000000000000
	200000000000000000000000000000000000000000000000000020000000000000000000000000000000000000000000000000000000000000000000000020000000000000000000000020000000000000000000100040000000000000001000000000000000000000001000000020002000000000000000000000002A4100
	005FD500002000400000004000000040000000400060000000000040002000000000000000000020000000000000002000000000000000200000002000200000000000000000002000200000002000000000002000000000002000000000000000000000000000000020000000000020000000200010000000100020000000
	20001000000020000000000000000000200010000000000000000000100000000000200010002000000030000000000000000000200000000000000000002F4F00006C7A0000000000010001400000002000000040000000000000000000000000000000000000000000000000000000000000000000000000000000000000
	00000000000000200000000000000000000000000000000000000000000000000000000000000000000000000000002000000000001000000000001000000020000000200000000000200000000000000000000000000000000000000000000000000000000000000000000000100000000000000080008000000000000000
	2F4F0000847A00004000000000000000400000000000000060000000000040002000000000000000200000000000000020000000000000002000000020000000200000000000000000000000000020000000200000002000000000000000200000000000200000000000000000002000000000000000200010000000000020
	00000000000000100000000000000000000000000000001000000000000000100000002000200010000000200020000000000000002000000000000000000000002F4F0000B48C0000200060000000000000006000000000002000000000000000200000000000200000000000000000002000000000002000000020000000
	000020000000000000000000200000000000000020000000000020000000000000000000200000000000000020000000000000002000000010000000000000000000100000000000000010000000200000001000000020000000100000002000000010000000000000001000000000000000000000002C50000041D6000000
	00000000000000000000000000000000000000000000000000000000000000000000000000000000000000000000000000000000000000000000000000000000000000000000000000000000000000000000002000000000000000000000000000000000000000000000000000000000000000000000000000000000000000
	00000000000000000000000010000000000000000000000000000000000000000000000000000000000000002C5000009B9F0000600020000000000000006000000000002000000000000000200000000000000000000000000020000000000000000000000020000000000020000000000000000000200000000000000020
	000000000020000000200000000000200000000000000020000000000000002000000010000000000000000000100000000000000010000000200000001000000020000000100000002000000010000000000000001000000000008000000000002C500000F79E000000000000000000000000000000000000000000000000
	000000000000000000000000000000000000000000000000000000000000000000000000000000000000000000000000000000000000000000000000000000000000000000001847000060EE000000000000000000000000000000000000000000000000000000000000000000000000000000000000000000000000000010
	0000000000000000000000000000000000000000000000000000000000000000008000000000000000000018470000548B0000B52456E84A9AA956B76454A84A9ABB56A56454A8DA9E2B72A544D4AC5BBA2A52A544DDAD52BB2A52ED4495BF52A96A52BDD6952D52A96ED22956152D76A94AD2295F352456E94A9B29563764
	54A94A9B3B56256454A9000F1748000051470000000200400000000000084900000000000020100000002404008000000000001000001200000200400000000000084900000000000E4A00006F5A00004008204020014200000020002000100000002000200080042020010000002000200008000000200020004000000220
	10208000000000240020001000100020002000100110082040200012001000200020001000100020000000000018490000672E00004000600420006000400060000200402060006000600000022000600030000100201020002000000020002001A00008002080200020080000200020002000400024002040200000002004
	20003000100020001200102030000000000018420000EDE00000400020006000600040000000600060006000200040002000200020000000200020002000000020002000200000002000200020000000200020002000000020002000200000003000300020001000000010003000300000001743000099D700000000000000
	0060000000000000006000000040000000200000000000000020000000000000002000000000000000200000000000000020001000100000002000000000000000300000000000000030000000000016440000CD04000060000000000000006000000000000000200040000000000020000000000000002000000000000000
	2000000000000000200000000000000030001000000000003000000000000000300000000000000000000000164400006BE20000000020010001200000002000000020000000200000002000000020000000200000002000000020001000300000002000000030001000200010002000100020001000200010002000100020
	00100000009000800010000000174E0000F7CE000000002000000020000000200000002000000020000000200000002000000020000000200000002000100030000000300000003000100020001000200010002000100020001000200010002000100000001000000010000000174E00000DF5000020000000200000002000
	00002000000020000000200000002000000020000000200000002000000030001000200000002000100000001000200010002000100020001000200010002000000020001000200010000000100000000000184D0000416D00002000020032409040A008000820000000200000002000000021000900682040202004000420
	00000030001000300010002480348020101010200210022000100020001000200012003240104020081008200110010000100000000000184D000019C1000000000001000000000000000000000000000000000000000000000000000000000000000000000000000010001000000000001000000000000000000000000000
	00000000000000000000000000000000000020000000800000000000184D0000A91E000000000000000000000000000000000000000040000000000000002000400000000000000000000000000000000000000000000000000000000000000000000000000020000000000000000000000000000000200000000000000000
	000000000000002000000000000000000000000000200000000000100000001000100000003000000000000000000000000000000000002000000000001000000000000000000020000000000000000000000000002D4C00001DC6000040000000000100000000600000000000000000000000000060000000400000000000
	00000000000020000000000000000000200000000000000020000000000000000000000000000000000000000000200000000000000000002000000000000000200000000000000020000000000000002000100000000000000000000000000020000000000000001000000000000000000000000000000030000000000020
	001000000000000000B000000000002D4C0000F69200000000000000000000200000000000000000000000000000000000000000000000000000000000000000000000000000000000000000000000000000000000000000000000000000000000000000000000000000000000000000000000000000000000000000000000
	000000000000000000000000000000000000200000000000000000000000000000000000000000000000000020000000000000000000000000000000000000000000000000000000000000002E4B00006958000000000000000000000000000000000000000000000000000000000000000000000000000000000000000000
	00000000000000000000000000000000000000000000000000000000002000000000000000200000000000000000002000000000002000000000000000000020000000000020000000000000000000000000000000100000000000000010000000000000001000000000000000100000000000000000001000000000000000
	000000000000000000002E4B00005B67000000002000000000000000400000000000000000000000000000000000000000000000000000000000000000000000000000000000000000000000000000000000000000000000000000000000000000000000000000000000000000000000000000000000000000000000000000
	00000000000000000000000000100000000000000000000000000000001000000000000000000000000000000000000000000000000000000000000000000000000000000000002E4B0000BFE90000000000000000000000000000000000000000000000002000000000004000000000000000000000000000000000000000
	00000000000000000000000000002000000000000000000000000000000020000000000000000000200000000000000000000000000000000000000000000000000000000000000000000000000000000000000000000000000000000000000000000000000000000000000000000000000000000000000000000000000000
	002D4000005834000000000000400000000000000040000000000000004000000000000000000000000000000000000000000000000000600000000000400000002000400000000000000000000000000020000000000000000000000000000000000000000000000000000000000000000000000000000000000000000000
	000000000000000000000000000010000000000000001000000010000000000000000000000000000000000000000000000020000000000000002D4000008E29000000000000000000000000000000002000000000000000000000000000000020000000000000000000200000000000000000000000000000000000000000
	000000000000000000000000000000000000000000000000000000000000000000000000000000000000000000000000000000000000000000200000000000000000000000000000000000000000000000000000000000000000000000000000000000000000000000000000000000000000002D400000607D000000000000
	00002000000000000000000000000000000000000000000000000000000000000000000000000000000000000000000000000000000000000000000000000000000000000000000000000000000000000000000000000000000020000000000000000000200000000000200000000000000000000000000000000000200000
	0010002000000000000000000020000000000020000000000000000000000010000000000010000000000000002D400000EA2500000000000140010000000000000000000000000000400000000000200000004000000000000000000000006000000000000000000000000000000020000000000000000000200000000000
	000000000000000000000000000000000000000000000000000000000000000000000000000000000000000000000000000000000000000000001000000000000000000000000000000000000000000000000000000000000000000000000000800080000000000000002E4500008D98000000002000000000000000000040
	00000000000000000000000000000000000000000020004000000000000000000000000000200000000000000000000000000000000000000000000000200000000000000000000000000000000000000000000000000000000000000000000000000000000000000000000000000000000000000010000000000000000000
	200000000000000000000000000000000000000000000000000020000000000020000000000000002E450000AE02000000000000000000004000000000000000000000000000000000000000000000000000000000000000000000000000000000000000000000000000000000000000000000000000000000000000000000
	0000000000000000000000000000000000000000000000200000000000000000000000000000000000000000000000000000000000000000000000000000000000000000000000000000000000000000000000000000000000000000002C460000BD6E00000000000000000000000000000000000000000000000000000000
	00000000000000000000000000000000000000002000000000000000000000000000000000000000000000000000000000000000000000000000000000000000000000000000000000000000000000000000000000000000000000000000000000000000000000000000000000000000000000000000000000000000000000
	000000000000000000000000000000000000002C46000062B2000000000000000000000000000000004000000000000000000000000000200000000000000000000000000000000000000000000000000000000000000000002000000000000000000000000000000000000000000000000000200000000000000000000000
	0000000000000000000000000000000000000000000000001000000000000000000000000000000000000000000000000000000000000000000000002000000080000000000000002C4600004C6700000000000000000000400000000000000000000000000000000000000040000000000000000000000020000000000000
	0000000000000000002000000000000000000000000000000000000000000000000000000000000000000000000000000000000000000000000000000000000000000000000000000000000000000000000000000000001000000000000000000000000000000000000000000000000000000000002A4100000A7500002000
	00000000000040000000000000000000400000000000000000000000000020000000000000000000000000000000200000002000000020000000000000000000200000000000200000000000000000000000000000000000000000000000000000000000000000000000100000000000000000002000000000000000000000
	000000000000000000000000000000000000000000000000000000000000000000000010000000000000000000800000000000000000002F4F00006349000000000000000000000000200000000000000000000000000000000000000000000000200000000000000000000000000000000000200000000000000000000000
	0000000000000000000000000000000000000000000000000000000000000000000000000000000000000000100000000000000020000000000000000000000000000000000000000000000000001000000000000000000000000000000000000000000010000000000000000000000000000000000000002F4F0000ED2800
	00000000000000000040000000000000004000000000000000000020000000000000000000000000000000000000000000000020000000000020000000000000002000000000000000000020000000000000000000000000000000000000000000000000000000200000000000000000000000000000000000000000000000
	000000000000000000000000000000000000000000000000000000000000000000000000000000000000000000000000000000000000000000002F4F000088C5000000000000000100000000000000000000000000000000000000000000000000000000000000000000000000000000000000000000000000002000000020
	0000000000000000000000000000000000000000000000000000000000000000000000000000000000000000000000000000000000100000000000000010000000000000000000000000000000000000000000000000000000000000000000000000000000000000000000000000002C500000B21C00000000000000000000
	00000000000000000000000000000000000000000000000000000000000000000000000000000000000000000000000000000000000000002000000000000000000000000000000000000000000000000000000000000000000000000000000000000000000000000000000000000000000000000000000000000000000000
	001000000010000000000000000000000000000000000000000000100000000000000000002C5000005307000000000000000000000000000000000000000000000000000000000000000000000000000000000000000000000000000000000000000000000000200000002000000000000000000000000000000000000000
	0000000000000000000000000000000000000000000000000000000000000000000000000000000010000000000000000000000000000000000000000000000000000000000000000000000000000000100000000000000000002C500000F79E00000000000000000000000000000000000000000000000000000000000000
	0000000000000000000000000000000000000000000000000000000000000000000000000000000000000000000000000000000000000000000000000000001847000084AF00000000000000000000000000000000000000000000200020000000000000000000000000000000000000000000000000000000000000000000
	00000000000000000000000000000000000000000000000000000000000000000000000018470000D9B50000B52476E94A9BA956B76454A84A9ABB56A56454A8FA9E2B72A544D4AC5BBA2A52A544DDAD52BB2A52ED4495BF52A96A52ADD6952D52A96ED22956152D76A94AD2295F352456E94A9B2956376454A94A9BBB56A5
	6454A9000F17480000C7400000000200400000000000084900000000000020000000002404008000000000001000000200000200400000000010084900000000000E4A0000B16B0000000800400000220000000000000010000000000000008004002021000000000000000800000000000000400000020010008000000000
	0400000000000000200000000001000800400000020000000000000010000000000000000000184900008CDA00000000000400000000200020000200002000000000000000020000000010000100201000000000000000002001A0000800008000000008000000000000000040000400004000000000000400000000000020
	000200002000000000000018420000EA7D0000000000000000000000000000200000000000000020002000200000000000200000000000000000000000000000000000000000000000000000000000000000000000000000000000000000000000000000008000000000001743000072140000000000000000000000000000
	0000000000000000000000000000200000000000000000002000200000000000000000000000000000000000000000000000000000000000000000000000000000000000000000001644000028B800000000000000000000000000000000000020002000000000002000200000000000000000002000200000000000000000
	00000000000000000000000000000000000000000000000000000080000000000000000000164400005A59000000002000200000000000200020002000200000000000000000000000000000000000000000000000000000000000000000000000000000000000000000000000000000000000000000000000100010000000
	000000000000174E00005551000000002000200000000000200020002000200000000000000000000000000000000000000000000000000000000000000000000000000000000000000000000000000000000000000000000000000010000000000000000000174E00008CED00000000200020010000000020002000200020
	000000000000000000000000000000000000000000000000000000000000000000000000000000000000000000000000000000000000000000000000000000100010000000000000000000184D0000577E00000000220032409040800820082000200020000000000000000100090048204020000400040000000000000000
	000000000480248020100010000200020000000000000000000002000240104000080008100110010000000000000000184D00007C1900000000000020000000000000002000200000000000000000000000000000000000000000000000000000000000000000000000000000000000000000000000000000000000000000
	001000000000000000100000000000100000000000184D000049EA00002000000020000000000000000000000000000000200000002000000000002000000000000000000000002000200000000000000000000000000000000000000020000000000020000000000000000000000000000000000000000000000000000000
	0000000000000000000000000000000000000000000000000000000000000000000000000000000000000000000000000000000000000000000000000000000000000000000000000000000000002D4C000029C000000000200000000000000000000000000000000000200000000000000000000000000000000000000000
	00200000000000000000000000000000000000000000000000000020000000000000000000000000000000000000000000000000000000000000000000000000000000000000000000000000000000000000000000000000000000000000000000000000000000000000000000000000000000000000000000000000000000
	00000000000000002D4C00006CE90000000020010001200000000000000000002000000000000000000000000000000000000000000000000000000000000000000000000000000000000000000000000000000000000000000000000000000000000000000000000000000000000000000000000000000000000000000000
	0000000000000000000000000000000000000000000000000000000000000000000000000000000000000000000000000000000000000000000000000080008000000000002E4B0000E30A00000000000000000000000000000000000000000000000000000000000000002000000000000000000000000000000000000000
	00000000000000000000000020000000000000002000000000000000000000000000000000000000000000000000000000000000000000000000000000000000000000000000000000000000000000000000000000000000000000000000000000000000000000000000000000000000000000000000000000000000000000
	0000002E4B0000E85E00000000000000000000000000000000000000000000000020000000000000000000000000000000000000000000000000000000000000000000000000000000000000000000000000000000000000000000000000000000000000000000000000000000000000000000000000000000000000000000
	000000000000000000000000000000000000000000000000000000000000000000000000000000000000000000000000000000000000000000000000000000002E4B00008F27000000000000000000000000000000000000000000000000200000000000000000000000000000000000000000000000000020000000000000
	000000000000000000000020000000000000000000000000000000000000000000200000000000000000000000000000000000000000000000000000000000000000000000000000000000000000000000000000000000000000000000000000000000000000000000000000000000000000000000000000002D400000EE81
	00000000000000000000000000000000000000000000000000000000000000000000000000000000000000000000000000000000000000000000000000000000000000000000000000000000000000000000000000000000000000000000000000000000000000000000000000000000000000000000000000000000000000
	0000000000000000000000000000000000000000000000000000000000000000000000000000000000000080000000000000002D400000BBFD00000000000000000000000000000000000000000000000000000000000000000000000000000000000000000000200000000000000000000000000000000000000020000000
	0000000000000000000000000000200000000000000020000000000000000000000000000000000000000000000000000000000000000000000000000000000000000000000000000000000000000000000000000000000000000000000000000000000000000000000000002D4000003E9C00000000000000000000000000
	00000000000000000000000000200020000000000000000000000000002000000000000000000000000000000000000000000000000000000000000000000000000000000000000000000000000000000000000000000000000000000000000000000000000000000000000000000000000000000000000000000000000000
	00000000000000000000000000000000000000000000000000000000800000000000000000002D400000951A0000000000000000000000000000000000000000000000000000000000000000000000000000000000000000000000000000000000000000000000000000000000000000000000000000000000000000000000
	0000000000000000000000000000000000000000000000000000000000000000000000000000000000000000000000000000000000000000000000000000000000000000000000000000000000000000000000000000000000000000000000000000002E450000747500000000000000000000000020002000000000000000
	00000000000000000000000000000000000000000000000000000000000020000000000020000000000000000000000000000000000000000000000000000000000000000000000000000000000000000000000000000000000000000000000000000000000000000000000000000000000000000000000000000000000000
	0000000000000000000000000000000000000000000000000000000000000000002E4500001B4100000000000000010000000000000000000000000000000000000000000000000000000000000000000000000000000000000000000000002000200000000000000000000000000000000000000000000000000000000000
	00000000000000000000000000000000000000000000000000000000000000000000000000000000000000000000000000000000000000000000000000000000000000000000000010000000000000000000000000002C46000059850000000000000000000000000000000000000000000000000000000000000000000000
	00000000000000000000000000000000000000000000000000000000000000000000000000000000000000000000000000000000000000000000000000000000000000000000000000000000000000000000000000000000000000000000000000000000000000000010001000000000000000100000000000000000000000
	0000000000000000000000002C460000465B00004000000000000000000000000000600000000000000000000000000000002000000000000000000000000000000000000000000000000000000000000000000000000000000000000000000000000000000000002000000000000000000000000000000000000000000000
	00000020000000000000000000000000000000000000000000000000000000000000000000000000000000000000000000000000000000000000000000000000002C4600003C2D0000000000000000200000000000000000000000000000000000000000000000000000000000000000000000200000000000000000000000
	00000000000000000000000020002000000000000000000000000000000000000000000000000000000000000000000000000000000000000000000000000000000000000000000000000000000000000000000000000000000010000000000010000000000010000000000000002A410000083D0000200000000000000000
	00000000002000000000002000000000000000000000000000200000000000000000000000000000000000000000000000000000000000000000000000080000000000000000000000000000000000000000000000000000000000000000000000000000000000000000000000000000000000000000000000000000000000
	0000000000000000100000000000100000000000000000000000000010000000000000000000000000000000000000002F4F0000250F00002000000100010000000000000000200000000000000020000000000000000000000000000000000000000000000000000000000000000000000000000000000000000000000000
	00000000000000000000000000000000000000000000000000000000000000000000000000000000000000000000000000000000000000000000000000000000000000000000000000000000001000000000000000000000000000000000001000000000000000800080000000000000002F4F0000522A0000000000000000
	40000000000000000000000000000000000000000000000000000000200000000000000000000000000000000000000000000000000000000000000000000000000008000000000000002000000000000000000020000000000000000000000000000000000000000000000000000000000000000000000000000000000000
	0000000000000000000000100000000000000010000000000000000000000000000000200000000000000000000000000000002F4F0000100E00000000000000000000000000000000000020000000000000000000000000000000000000000000000020000000000000000000000000002000000000000000000000000000
	00000000000000000000000000000000000000000000000000000000000000000000000000000000000000000000100000000000000000000000000000000000000000000000000000000000000000000000000020000000000000000000000000000000000000002C5000002C490000000000000000000000000000000000
	00000000000000000000000000000000000000000000000000000000000000200000000000000000000000000000000000000000000000000000000000000000000000000000000000000000000000000000000000000000000000000000000000000000000000000000000000000000000000000000000000000000000000
	0000000000000000000000000000000000000000000000000000000000002C500000106700000000000100000000000000000000000020000000000000000000000000000000000000000000000000000000000000002000000000000000000000000000000000000000000000000000000000000000000000000000000000
	00000000000000000000000000000000000000000000000000000000000000000000000000000000000000000000000000000000000000000000000000000020000000000000000000000000008000000000002C500000F79E0000000000000000000000000000000000000000000000000000000000000000000000000000
	00000000000000000000000000000000000000000000000000000000000000000000000000000000000000000000000000000000000000001847000030B50000000000000001000000000000000000000000000000000000000000000000000000000000000000000000000000000000000000000000000000000000000000
	001000000000000000000000000000000000008000000000000000000018470000C8110000B52456E84A9AA956B76454A84A9ABB56A56454A8DA9E2B72A544D4AC5BBA2A52A544DDAD52BB2A52ED4495BF52A96A52ADD6952D52A96ED22956152D76A94AD2395F352456E94A9B2956376454A94A9B3B56256454A9000F1748
	0000C74C0000000220400000000000084900000000000020000000002404008000000000001000001200100200400000000000084900000000000E4A000048F2000000080040000002000000000000001000000000000000800400200100000000000000080000000000000040000002001000800000000004000000000000
	00200000000001000800400000020000000000000010000000000000000000184900001F2E000000000004000000000000200002000020000000000000000200000000100001000010000000000000000000018000080000800000000800000000000000004000040000400000000000040000000000002000120000200000
	0000000018420000252500000000000000000000000000002000000020000000000000000000000000000000000000000000000000000000000000000000000000000000000000000000000000000000000000000000000000000000100000000000000017430000DF92000000000000000000002000000000000000000000
	000000000000000000000000000000000000002000000000000000000000000000000000000000000000000000000000000000000000001000000000000000000016440000D1750000000000000000000000002000000000000000000000000000000000000000000000000000200000000000000000000000000000000000
	00000000000000000000000000000000000010001000000000000000000016440000354100000000000100010000000000000000000000000000000000000000000000000000000000000000000000000000000000000000000000000000100010000000000000000000000000000000000000000000800080000000000017
	4E00003BBA000000000000000000000000000000000000000000000000000000000000000000000000000000000000000000000000000000000000000000001000100000000000000000000000000000000000000000000000000000000000174E0000CFEF0000000000000000000000000000000000000000000000000000
	0000000000000000000000000000000000000000000000000000000000000000100010000000000000000000000000000000000010000000000000000000000000000000184D00001C270000000002001240904080080008000000000000000000000000010009004820402000040004000000000000000000000000048024
	8020100010100210020000000000000000000002001240104000081008000100010000000000000000184D00001FB80000000000010000000000000000000020000000000000000000000000000000000000000000000000000000000000000000000000000000000010001000000000000000000000000000000000000000
	1000000000000000000000000000184D0000B6B50000000000000000000020000000000000000000000000000000000000000000000000000000000000000000000000000000000000000000000000000000000000000000000000000000000000000000000000000000000000000000000000000000000000000000000000
	00000000000000000000000000000000000000000000000000000000000000000000000000000000001000000010000000000000000000000000000000000000000000000000002D4C0000F7D30000000000000001000020000000000020000000000000000000000000000000000000000000000000000000000000000000
	00000000000000000000000000000000000020000000000000000000000000000000000000000000000000000000000000000000000000000000000000000000000000000000000000000000000000000000000000000000000000000000000010000000000000000000000000000000000000000000000000000000000000
	002D4C00009A7F000000000000000000000000000000000000000000000000000000000000000000000000000000000000000000000000000000000000000000000000000000000000000000002000000000000000000000000000000000000000000000000000000000000000000000000000000000000000000000000000
	00000000000000000000000000000000000000000000000000000000000000000000000000000000000000000000000000000000000000000000000000002E4B00002FDB0000000000000000000000000000000000000000000000000000000000000000000000000000000000000000000000000000000000000000000000
	0000000000000000000000000000000000000000000000000000000000000000000000000000000000000000000000000000000000000000000000000000000000000000000000000000000000000000000000000000001000000000000000000000000000000000000000000000000000000000000000000000002E4B0000
	30A60000000020000000000000000000000000000000000000000000000000000000000000000000000000000000000000000000000000000000000000000000000000000000000000000000000000000000000000000000000000000000000000000000000000000000000000000000000000000000000000000000000000
	0000000000000000000000000000000000000000000000000000000000000000000000000000000000000000000000000080000000000000002E4B000062C700000000000000000000000000000000000000000000000020000000000000000000000000002000000000000000000000000000000000000000000000000000
	0000000000000000000000000000000000000000000000000000000000000000000000000000000000000000000000000000000000000000000000000000000000000000000000000000000000000000000000000000000000000000000000000000000000000000100000000000000000002D40000078F300000000000000
	00000000000000000000000000000000000000000000000000000000000000000000000000000000000000000000000000000000000000000000000000000000000000000000000000000000000000000000000000000000000000000000000000000000000000000000000000000000000000000000000000000000000000
	00000000000000000000000000000000000000000000000000000000000010000000000000000000000000002D40000025F70000000000000000000000000000000000000000000000000000000000000000200000000000000000000000000000000000000000000000000000000000000000000000000000000000000000
	00000000000000000000000000000000000000000000000000000000000000000000000000000000000000000000000000000000000000000000000000000000000000000000000000000000000000000000000000000000000000000000000000000000002D400000E8760000000000000000000000000000000000000000
	00000000000000000000000000000000000000000000000000000000000000000000000000000000000000000000000000000000000000000000000000000000000000000000000000000000000000000000000000000000000000000000000000000000000000000000000000000000000000000000000000000000000000
	000000000000000000000000000000000000000000000000000000000000002D400000BB75000000000001000100000000000000000000000000000000200000000000000000000000000000000000000000000000000000000000000000000000000000000000000000000000000000000000200000000000000000000000
	00000000000000000000000000000000000000000000000000000000000000000000000000000000000000000000000000000000000000000000000000000000000000000000000000000000000000000000800080000000000000002E45000031590000000000000000000000000000000000000000200000000000000000
	00000000000000000000000000000000000000000000000000000000000000000000000000000000000000000000000000000000002000000000000000000000000000000000000000000000000000000000000000000000000000000000000000000000000000000000000000000000000000000000000000000000000000
	00000000000000000000000000000000000000000000000000002E450000D8C30000000000000000000000000000000000000000000000000000000000000000000000000000000000000000000000000000000000000000000000000000000000000000000000000000000000000000000000000000000000000000000000
	000000000000000000000000000000000000000000000000000000000000000000000000000000000000000000000000000000000000000000000000000000000000000000000000000000000000002C4600001EDA000000000000000000000000000000000000000000000000000000000000000000000000000000000000
	00000000000000000000000000000000000000000000200000000000000000000000000000000000000000000000000000000000000000000000000000000000000000000000000000000000000000000000000000000000000000000000000000000000000000000000000000000000000000000000000000000000000000
	00000000002C460000D8C30000000000000000000000000000000000000000000000000000000000000000000000000000000000000000000000000000000000000000000000000000000000000000000000000000000000000000000000000000000000000000000000000000000000000000000000000000000000000000
	000000000000000000000000000000000000000000000000000000000000000000000000000000000000000000000000000000000000000000002C460000030A000000000000000000000000000000000000000000000000000000000000000000000000000000000000000000000000000000000000000000000000000000
	000000000000000000000000002000000000000000000000000000000000000000000000000000000000000000000000000000000000000000000000000000000000000000000000000000000000000000000000000000000000000000000000000000000000002A4100006B28000020000000000000000000000000000000
	00000000000000000000200000000000000000000000000000000000000000000000000000000000000000000000000000000000000000000000000000000000000000000000000000000000000000000000000000000000000000000000000000000000000000000000000000000000000000000000000000000000000000
	00000000000000000000000000100000000000000000000000000000000000000000000000000000002F4F00005F780000000000000000000000000000000000000000000000000000000000000000000000000000000000000000000000000000000000000000000000000000000000000000000000000000000000000000
	000000000000000000000000000000000000000000000000000000000000000000000000000000000000000000000000000000000000000000000000000000000000000000000000000000000000000000000000000000000000000000000000000000000000000000002F4F00009A91000000000000000000000000000000
	00000000000000000000000000200000000000000000000000000000000000000000000000000000000000000000000000000000000000000000000000000000000000000000000000000000000000000000000000000000000000000000000000000000000000000000000000000000000000000000000000000000000000
	00000000000020000000000000000000100000000000000000000000000000000000000000000000000000002F4F0000E63F0000000000000001000000000000000000000000000000000000000000000000000000000000000000000000000000000000000000000000000000000000000000000000000000000000000000
	000000000000000000000000000000000000000000000000000000000000000000000000000000000000000000000000000000000000000000000000000000000000000000000000000000000000000000000000000000000080000000000000002C50000049E4000000000000000000000000000000000000000000000000
	00000000000000000000000000000000000000000000000000000000000000000000000000000000000000000000000000000000000000000000000000000000000000000000000000000000000000000000000000000000000000000000000000000000000000000000000000000000000000000000000000000000000000
	00000000000000000000000000000000000000000000002C50000049E40000000000000000000000000000000000000000000000000000000000000000000000000000000000000000000000000000000000000000000000000000000000000000000000000000000000000000000000000000000000000000000000000000
	000000000000000000000000000000000000000000000000000000000000000000000000000000000000000000000000000000000000000000000000000000000000000000000000000000002C500000F79E000000000000000000000000000000000000000000000000000000000000000000000000000000000000000000
	0000000000000000000000000000000000000000000000000000000000000000000000000000000000000000000000000018470000F79E000000000000000000000000000000000000000000000000000000000000000000000000000000000000000000000000000000000000000000000000000000000000000000000000
	000000000000000000000000000000000000000000001847000007AE0000B52456E94A9BA956B76454A84A9ABB56A56454A8DA9E2B72A544D4AC5BBA2A52A544DDAD52BB2A52ED4495BF52A96A52ADD6952D52A96ED22956152D76A94AD2295F352456E94A9B2956376454A94A9BBB56A56454A9000F17480000C055000000
	0200400000000000084900000000000020000000002404008000000000001000001200000200400000000000084900000000000E4A000048F200000008004000000200000000000000100000000000000080040020010000000000000008000000000000004000000200100080000000000400000000000000200000000001
	00080040000002000000000000001000000000000000000018490000567B00000000000400000000000020000200002000000000000000020000000010000100001000000000000000000001800008000080000000080000000000000000400004000040000000000004000000000000200002000020000000000000184200
	00531200000000000000000000000000000000000000000000000000000000000000000000000000000000000000000000000000000000000000000000000000000000000000000000000000000000000000000000000080000000000017430000EBF200000000000000000000000000000000000000000000000000000000
	00000000000000000000000000000000000000000000000000000000000000000000000000000000000000000000000000000000000000000000164400000B0D000000000000000000000000000000000000000000000000000000000000000000000000000000000000000000000000000000000000000000000000000000
	000000000000000000000000008000000000000000000016440000E17B000000000000000000000000000000000000000000000000000000000000000000000000000000000000000000000000000000000000000000000000000000000000000000000000000000000000000000000000000000000000174E0000E17B0000
	00000000000000000000000000000000000000000000000000000000000000000000000000000000000000000000000000000000000000000000000000000000000000000000000000000000000000000000000000000000174E0000D6E7000000000000000100000000000000000000000000000000000000000000000000
	00000000000000000000000000000000000000000000000000000000000000000000000000000000000000000000000000000000000000000000000000184D000002A1000000000200124090408008000800000000000000000000000001000900482040200004000400000000000000000000000004802480201000100002
	00020000000000000000000002001240104000080008000100010000000000000000184D00001A26000000000000000000000000000000000000000000000000000000000000000000000000000000000000000000000000000000000000000000000000000000000000000000000000000000000000000000000000000000
	00000000000000184D0000FD69000000000000000000000000000000000000000000000000000000000000000000000000000000000000000000000000000000000000000000000000000000000000000000000000000000000000000000000000000000000000000000000000000000000000000000000000000000000000
	000000000000000000000000000000000000000000000000000000000000000000000000000000000000000000000000000000000000000000000000000000002D4C0000FD69000000000000000000000000000000000000000000000000000000000000000000000000000000000000000000000000000000000000000000
	000000000000000000000000000000000000000000000000000000000000000000000000000000000000000000000000000000000000000000000000000000000000000000000000000000000000000000000000000000000000000000000000000000000000000000000000000000000000000000000000002D4C0000AD7A
	00000000000100010000000000000000000000000000000000000000000000000000000000000000000000000000000000000000000000000000000000000000000000000000000000000000000000000000000000000000000000000000000000000000000000000000000000000000000000000000000000000000000000
	000000000000000000000000000000000000000000000000000000000000000000000000000000000000000000000080008000000000002E4B000082F5000000000000000000000000000000000000000000000000000000000000000000000000000000000000000000000000000000000000000000000000000000000000
	00000000000000000000000000000000000000000000000000000000000000000000000000000000000000000000000000000000000000000000000000000000000000000000000000000000000000000000000000000000000000000000000000000000000000000000000000000000000000002E4B000082F50000000000
	00000000000000000000000000000000000000000000000000000000000000000000000000000000000000000000000000000000000000000000000000000000000000000000000000000000000000000000000000000000000000000000000000000000000000000000000000000000000000000000000000000000000000
	00000000000000000000000000000000000000000000000000000000000000000000000000000000000000000000000000002E4B0000E8760000000000000000000000000000000000000000000000000000000000000000000000000000000000000000000000000000000000000000000000000000000000000000000000
	00000000000000000000000000000000000000000000000000000000000000000000000000000000000000000000000000000000000000000000000000000000000000000000000000000000000000000000000000000000000000000000000000000000000000000000002D4000003F800000000000010000000000000000
	00000000000000000000000000000000000000000000000000000000000000000000000000000000000000000000000000000000000000000000000000000000000000000000000000000000000000000000000000000000000000000000000000000000000000000000000000000000000000000000000000000000000000
	000000000000000000000000000000000000000000000000000000000080000000000000002D400000E876000000000000000000000000000000000000000000000000000000000000000000000000000000000000000000000000000000000000000000000000000000000000000000000000000000000000000000000000
	000000000000000000000000000000000000000000000000000000000000000000000000000000000000000000000000000000000000000000000000000000000000000000000000000000000000000000000000000000000000000000002D4000006DFC000000000000000100000000000000000000000000000000000000
	00000000000000000000000000000000000000000000000000000000000000000000000000000000000000000000000000000000000000000000000000000000000000000000000000000000000000000000000000000000000000000000000000000000000000000000000000000000000000000000000000000000000000
	0000000000000000000000000000800000000000000000002D400000951A00000000000000000000000000000000000000000000000000000000000000000000000000000000000000000000000000000000000000000000000000000000000000000000000000000000000000000000000000000000000000000000000000
	000000000000000000000000000000000000000000000000000000000000000000000000000000000000000000000000000000000000000000000000000000000000000000000000000000000000000000000000002E450000951A000000000000000000000000000000000000000000000000000000000000000000000000
	00000000000000000000000000000000000000000000000000000000000000000000000000000000000000000000000000000000000000000000000000000000000000000000000000000000000000000000000000000000000000000000000000000000000000000000000000000000000000000000000000000000000000
	000000000000000000000000000000000000002E450000D8C3000000000000000000000000000000000000000000000000000000000000000000000000000000000000000000000000000000000000000000000000000000000000000000000000000000000000000000000000000000000000000000000000000000000000
	0000000000000000000000000000000000000000000000000000000000000000000000000000000000000000000000000000000000000000000000000000000000000000000000002C460000D8C300000000000000000000000000000000000000000000000000000000000000000000000000000000000000000000000000
	00000000000000000000000000000000000000000000000000000000000000000000000000000000000000000000000000000000000000000000000000000000000000000000000000000000000000000000000000000000000000000000000000000000000000000000000000000000000000000000000000000000002C46
	0000D8C3000000000000000000000000000000000000000000000000000000000000000000000000000000000000000000000000000000000000000000000000000000000000000000000000000000000000000000000000000000000000000000000000000000000000000000000000000000000000000000000000000000
	0000000000000000000000000000000000000000000000000000000000000000000000000000000000000000000000000000002C4600006B3500000000000000000000000000000000000000000000000000000000000000000000000000000000000000000000000000000000000000000000000000000000000000000000
	0000000000000000000000000000000000000000000000000000000000000000000000000000000000000000000000000000000000000000000000000000000000000000000000000000000000000000000000000000000000000000000000002A4100005F7800000000000000000000000000000000000000000000000000
	00000000000000000000000000000000000000000000000000000000000000000000000000000000000000000000000000000000000000000000000000000000000000000000000000000000000000000000000000000000000000000000000000000000000000000000000000000000000000000000000000000000000000
	000000000000000000000000000000000000000000000000000000000000000000002F4F0000A70D000000000001000100000000000000000000000000000000000000000000000000000000000000000000000000000000000000000000000000000000000000000000000000000000000000000000000000000000000000
	0000000000000000000000000000000000000000000000000000000000000000000000000000000000000000000000000000000000000000000000000000000000000000000000000000000000000000000000000000000000800080000000000000002F4F00005F7800000000000000000000000000000000000000000000
	00000000000000000000000000000000000000000000000000000000000000000000000000000000000000000000000000000000000000000000000000000000000000000000000000000000000000000000000000000000000000000000000000000000000000000000000000000000000000000000000000000000000000
	000000000000000000000000000000000000000000000000000000000000000000000000002F4F000049E4000000000000000000000000000000000000000000000000000000000000000000000000000000000000000000000000000000000000000000000000000000000000000000000000000000000000000000000000
	0000000000000000000000000000000000000000000000000000000000000000000000000000000000000000000000000000000000000000000000000000000000000000000000000000000000000000000000000000000000002C50000049E400000000000000000000000000000000000000000000000000000000000000
	00000000000000000000000000000000000000000000000000000000000000000000000000000000000000000000000000000000000000000000000000000000000000000000000000000000000000000000000000000000000000000000000000000000000000000000000000000000000000000000000000000000000000
	000000000000000000000000000000002C50000098E5000000000001000000000000000000000000000000000000000000000000000000000000000000000000000000000000000000000000000000000000000000000000000000000000000000000000000000000000000000000000000000000000000000000000000000
	0000000000000000000000000000000000000000000000000000000000000000000000000000000000000000000000000000000000000000000000000000000000000000002C500000F79E00000000000000000000000000000000000000000000000000000000000000000000000000000000000000000000000000000000
	000000000000000000000000000000000000000000000000000000000000000000000000000000000000184700003B5F00000000000000010000000000000000000000000000000000000000000000000000000000000000000000000000000000000000000000000000000000000000000000000000000000000000000000
	0000000000000000000000000000001847000009550000B52456E84A9AA956B76454A84A9ABB56A56454A8DA9E2B72A544D4AC5BBA2A52A544DDAD52BB2A52ED4495BF52A96A52ADD6952D52A96ED22956152D76A94AD2295F352456E94A9B2956376454A94A9B3B56256454A9000F17480000C05500000002004000000000
	00084900000000000020000000002404008000000000001000001200000200400000000000084900000000000E4A0000825C0000000800400000020000000000000010000000000000008004002001000000000000000800000000000000400000020010008000000000040000000000000020000000000100080040000002
	000000000000009000000000000000000018490000567B000000000004000000000000200002000020000000000000000200000000100001000010000000000000000000018000080000800000000800000000000000004000040000400000000000040000000000002000020000200000000000001842000099BC00000000
	000000000000000000000000000000000000000000000000000000000000000000000000000000000000000000000000000000000000000000000000000000000000000000000000000000000000000000000000000017430000EBF20000000000000000000000000000000000000000000000000000000000000000000000
	00000000000000000000000000000000000000000000000000000000000000000000000000000000000000000000000000000016440000EBF200000000000000000000000000000000000000000000000000000000000000000000000000000000000000000000000000000000000000000000000000000000000000000000
	0000000000000000000000000000000016440000EF80000000000001000100000000000000000000000000000000000000000000000000000000000000000000000000000000000000000000000000000000000000000000000000000000000000000000000000008000800000000000174E0000E17B000000000000000000
	000000000000000000000000000000000000000000000000000000000000000000000000000000000000000000000000000000000000000000000000000000000000000000000000000000000000000000174E00001A2600000000000000000000000000000000000000000000000000000000000000000000000000000000
	000000000000000000000000000000000000000000000000000000000000000000000000000000000000000000000000000000000000184D000002A100000000020012409040800800080000000000000000000000000100090048204020000400040000000000000000000000000480248020100010000200020000000000
	000000000002001240104000080008000100010000000000000000184D00001A2600000000000000000000000000000000000000000000000000000000000000000000000000000000000000000000000000000000000000000000000000000000000000000000000000000000000000000000000000000000000000000000
	184D0000FD6900000000000000000000000000000000000000000000000000000000000000000000000000000000000000000000000000000000000000000000000000000000000000000000000000000000000000000000000000000000000000000000000000000000000000000000000000000000000000000000000000
	0000000000000000000000000000000000000000000000000000000000000000000000000000000000000000000000000000000000000000002D4C0000FD6900000000000000000000000000000000000000000000000000000000000000000000000000000000000000000000000000000000000000000000000000000000
	0000000000000000000000000000000000000000000000000000000000000000000000000000000000000000000000000000000000000000000000000000000000000000000000000000000000000000000000000000000000000000000000000000000000000000000000000000000000002D4C000082F500000000000000
	00000000000000000000000000000000000000000000000000000000000000000000000000000000000000000000000000000000000000000000000000000000000000000000000000000000000000000000000000000000000000000000000000000000000000000000000000000000000000000000000000000000000000
	0000000000000000000000000000000000000000000000000000000000000000000000000000000000000000000000002E4B000082F500000000000000000000000000000000000000000000000000000000000000000000000000000000000000000000000000000000000000000000000000000000000000000000000000
	000000000000000000000000000000000000000000000000000000000000000000000000000000000000000000000000000000000000000000000000000000000000000000000000000000000000000000000000000000000000000000000000000000000000000000000000002E4B0000F727000000000000000000000000
	00000000000000000000000000000000000000000000000000000000000000000000000000000000000000000000000000000000000000000000000000000000000000000000000000000000000000000000000000000000000000000000000000000000000000000000000000000000000000000000000000000000000000
	000000000000000000000000000000000000000000000000000000000000000000000080000000000000002E4B0000E876000000000000000000000000000000000000000000000000000000000000000000000000000000000000000000000000000000000000000000000000000000000000000000000000000000000000
	000000000000000000000000000000000000000000000000000000000000000000000000000000000000000000000000000000000000000000000000000000000000000000000000000000000000000000000000000000000000000000000000000000002D400000E876000000000000000000000000000000000000000000
	00000000000000000000000000000000000000000000000000000000000000000000000000000000000000000000000000000000000000000000000000000000000000000000000000000000000000000000000000000000000000000000000000000000000000000000000000000000000000000000000000000000000000
	0000000000000000000000000000000000000000000000000000000000002D400000E87600000000000000000000000000000000000000000000000000000000000000000000000000000000000000000000000000000000000000000000000000000000000000000000000000000000000000000000000000000000000000
	0000000000000000000000000000000000000000000000000000000000000000000000000000000000000000000000000000000000000000000000000000000000000000000000000000000000000000000000000000002D400000E87600000000000000000000000000000000000000000000000000000000000000000000
	00000000000000000000000000000000000000000000000000000000000000000000000000000000000000000000000000000000000000000000000000000000000000000000000000000000000000000000000000000000000000000000000000000000000000000000000000000000000000000000000000000000000000
	00000000000000000000000000000000002D400000D20E0000000000000000000000000000000000000000000000000000000000000000000000000000000000000000000000000000000000000000000000000000000000000000000000000000000000000000000000000000000000000000000000000000000000000000
	0000000000000000000000000000000000000000000000000000000000000000000000000000000000000000000000000000000000000000000000000000000000000000800080000000000000002E450000951A00000000000000000000000000000000000000000000000000000000000000000000000000000000000000
	00000000000000000000000000000000000000000000000000000000000000000000000000000000000000000000000000000000000000000000000000000000000000000000000000000000000000000000000000000000000000000000000000000000000000000000000000000000000000000000000000000000000000
	0000000000000000000000002E450000D8C300000000000000000000000000000000000000000000000000000000000000000000000000000000000000000000000000000000000000000000000000000000000000000000000000000000000000000000000000000000000000000000000000000000000000000000000000
	00000000000000000000000000000000000000000000000000000000000000000000000000000000000000000000000000000000000000000000000000000000002C460000D8C30000000000000000000000000000000000000000000000000000000000000000000000000000000000000000000000000000000000000000
	000000000000000000000000000000000000000000000000000000000000000000000000000000000000000000000000000000000000000000000000000000000000000000000000000000000000000000000000000000000000000000000000000000000000000000000000000000000000000000002C460000BBD9000000
	00000000000000000000000000000000000000000000000000000000000000000000000000000000000000000000000000000000000000000000000000000000000000000000000000000000000000000000000000000000000000000000000000000000000000000000000000000000000000000000000000000000000000
	00000000000000000000000000000000000000000000000000000000000000000000000080000000000000002C4600006B350000000000000000000000000000000000000000000000000000000000000000000000000000000000000000000000000000000000000000000000000000000000000000000000000000000000
	00000000000000000000000000000000000000000000000000000000000000000000000000000000000000000000000000000000000000000000000000000000000000000000000000000000000000000000000000000000002A41000018E50000000000000000000000000000000000000000000000000000000000000000
	00000000000000000000000000000000000000000000000000000000000000000000000000000000000000000000000000000000000000000000000000000000000000000000000000000000000000000000000000000000000000000000000000000000000000000000000000000000000000000000000000000000000000
	0000000000000000000000000000000000800000000000000000002F4F00005F7800000000000000000000000000000000000000000000000000000000000000000000000000000000000000000000000000000000000000000000000000000000000000000000000000000000000000000000000000000000000000000000
	00000000000000000000000000000000000000000000000000000000000000000000000000000000000000000000000000000000000000000000000000000000000000000000000000000000000000000000000000000000000000002F4F00005F780000000000000000000000000000000000000000000000000000000000
	00000000000000000000000000000000000000000000000000000000000000000000000000000000000000000000000000000000000000000000000000000000000000000000000000000000000000000000000000000000000000000000000000000000000000000000000000000000000000000000000000000000000000
	0000000000000000000000000000000000000000000000000000000000002F4F000049E400000000000000000000000000000000000000000000000000000000000000000000000000000000000000000000000000000000000000000000000000000000000000000000000000000000000000000000000000000000000000
	00000000000000000000000000000000000000000000000000000000000000000000000000000000000000000000000000000000000000000000000000000000000000000000000000000000000000000000002C50000049E40000000000000000000000000000000000000000000000000000000000000000000000000000
	00000000000000000000000000000000000000000000000000000000000000000000000000000000000000000000000000000000000000000000000000000000000000000000000000000000000000000000000000000000000000000000000000000000000000000000000000000000000000000000000000000000000000
	0000000000000000002C50000049E400000000000000000000000000000000000000000000000000000000000000000000000000000000000000000000000000000000000000000000000000000000000000000000000000000000000000000000000000000000000000000000000000000000000000000000000000000000
	00000000000000000000000000000000000000000000000000000000000000000000000000000000000000000000000000000000000000000000000000002C500000F79E0000000000000000000000000000000000000000000000000000000000000000000000000000000000000000000000000000000000000000000000
	000000000000000000000000000000000000000000000000000000000000000000000018470000F79E0000000000000000000000000000000000000000000000000000000000000000000000000000000000000000000000000000000000000000000000000000000000000000000000000000000000000000000000000000
	0000000000000000184700001A6E0000B52456E84A9AA956B76454A84A9ABB56A56454A8DA9E2B72A544D4AC5BBA2A52A544DDAD52BB2A52ED4495BF52A96A52ADD6952D52A96ED22956152D76A94AD2295F352456E94A9B2956376454A94A9BBB56A56454A9000F17480000C0550000000200400000000000084900000000
	000020000000002404008000000000001000001200000200400000000000084900000000000E4A000048F2000000080040000002000000000000001000000000000000800400200100000000000000080000000000000040000002001000800000000004000000000000002000000000010008004000000200000000000000
	1000000000000000000018490000567B000000000004000000000000200002000020000000000000000200000000100001000010000000000000000000018000080000800000000800000000000000004000040000400000000000040000000000002000020000200000000000001842000053120000000000000000000000
	0000000000000000000000000000000000000000000000000000000000000000000000000000000000000000000000000000000000000000000000000000000000000000000000000080000000000017430000EBF2000000000000000000000000000000000000000000000000000000000000000000000000000000000000
	0000000000000000000000000000000000000000000000000000000000000000000000000000000000000000164400000B0D0000000000000000000000000000000000000000000000000000000000000000000000000000000000000000000000000000000000000000000000000000000000000000000000000000000080
	00000000000000000016440000E17B000000000000000000000000000000000000000000000000000000000000000000000000000000000000000000000000000000000000000000000000000000000000000000000000000000000000000000000000000000000000174E0000E17B00000000000000000000000000000000
	0000000000000000000000000000000000000000000000000000000000000000000000000000000000000000000000000000000000000000000000000000000000000000000000000000174E00001A260000000000000000000000000000000000000000000000000000000000000000000000000000000000000000000000
	0000000000000000000000000000000000000000000000000000000000000000000000000000000000000000000000184D000002A10000000002001240904080080008000000000000000000000000010009004820402000040004000000000000000000000000048024802010001000020002000000000000000000000200
	1240104000080008000100010000000000000000184D00001A2600000000000000000000000000000000000000000000000000000000000000000000000000000000000000000000000000000000000000000000000000000000000000000000000000000000000000000000000000000000000000000000184D0000FD6900
	00000000000000000000000000000000000000000000000000000000000000000000000000000000000000000000000000000000000000000000000000000000000000000000000000000000000000000000000000000000000000000000000000000000000000000000000000000000000000000000000000000000000000
	00000000000000000000000000000000000000000000000000000000000000000000000000000000000000000000000000002D4C0000FD690000000000000000000000000000000000000000000000000000000000000000000000000000000000000000000000000000000000000000000000000000000000000000000000
	00000000000000000000000000000000000000000000000000000000000000000000000000000000000000000000000000000000000000000000000000000000000000000000000000000000000000000000000000000000000000000000000000000000000000000000002D4C0000B0BA0000000000000000000000000000
	00000000000000000000000000000000000000000000000000000000000000000000000000000000000000000000000000000000000000000000000000000000000000000000000000000000000000000000000000000000000000000000000000000000000000000000000000000000000000000000000000000000000000
	00000000000000000000000000000000000000000000000000000000000000000080008000000000002E4B000082F50000000000000000000000000000000000000000000000000000000000000000000000000000000000000000000000000000000000000000000000000000000000000000000000000000000000000000
	0000000000000000000000000000000000000000000000000000000000000000000000000000000000000000000000000000000000000000000000000000000000000000000000000000000000000000000000000000000000000000000000000000000000002E4B000082F500000000000000000000000000000000000000
	00000000000000000000000000000000000000000000000000000000000000000000000000000000000000000000000000000000000000000000000000000000000000000000000000000000000000000000000000000000000000000000000000000000000000000000000000000000000000000000000000000000000000
	0000000000000000000000000000000000000000000000000000000000000000000000002E4B0000E87600000000000000000000000000000000000000000000000000000000000000000000000000000000000000000000000000000000000000000000000000000000000000000000000000000000000000000000000000
	0000000000000000000000000000000000000000000000000000000000000000000000000000000000000000000000000000000000000000000000000000000000000000000000000000000000000000000000000000000000000000002D400000E87600000000000000000000000000000000000000000000000000000000
	00000000000000000000000000000000000000000000000000000000000000000000000000000000000000000000000000000000000000000000000000000000000000000000000000000000000000000000000000000000000000000000000000000000000000000000000000000000000000000000000000000000000000
	00000000000000000000000000000000000000000000002D400000E8760000000000000000000000000000000000000000000000000000000000000000000000000000000000000000000000000000000000000000000000000000000000000000000000000000000000000000000000000000000000000000000000000000
	00000000000000000000000000000000000000000000000000000000000000000000000000000000000000000000000000000000000000000000000000000000000000000000000000000000000000002D400000E8760000000000000000000000000000000000000000000000000000000000000000000000000000000000
	00000000000000000000000000000000000000000000000000000000000000000000000000000000000000000000000000000000000000000000000000000000000000000000000000000000000000000000000000000000000000000000000000000000000000000000000000000000000000000000000000000000000000
	000000000000000000002D400000951A000000000000000000000000000000000000000000000000000000000000000000000000000000000000000000000000000000000000000000000000000000000000000000000000000000000000000000000000000000000000000000000000000000000000000000000000000000
	00000000000000000000000000000000000000000000000000000000000000000000000000000000000000000000000000000000000000000000000000000000000000000000002E450000951A0000000000000000000000000000000000000000000000000000000000000000000000000000000000000000000000000000
	00000000000000000000000000000000000000000000000000000000000000000000000000000000000000000000000000000000000000000000000000000000000000000000000000000000000000000000000000000000000000000000000000000000000000000000000000000000000000000000000000000000000000
	00000000002E4500001CE40000000000000000000000000000000000000000000000000000000000000000000000000000000000000000000000000000000000000000000000000000000000000000000000000000000000000000000000000000000000000000000000000000000000000000000000000000000000000000
	000000000000000000000000000000000000000000000000000000000000000000000000000000000000000000000000800000000000000000002C460000D8C3000000000000000000000000000000000000000000000000000000000000000000000000000000000000000000000000000000000000000000000000000000
	0000000000000000000000000000000000000000000000000000000000000000000000000000000000000000000000000000000000000000000000000000000000000000000000000000000000000000000000000000000000000000000000000000000000000000000000000000002C460000D8C300000000000000000000
	00000000000000000000000000000000000000000000000000000000000000000000000000000000000000000000000000000000000000000000000000000000000000000000000000000000000000000000000000000000000000000000000000000000000000000000000000000000000000000000000000000000000000
	000000000000000000000000000000000000000000000000000000000000000000000000002C4600006B35000000000000000000000000000000000000000000000000000000000000000000000000000000000000000000000000000000000000000000000000000000000000000000000000000000000000000000000000
	000000000000000000000000000000000000000000000000000000000000000000000000000000000000000000000000000000000000000000000000000000000000000000000000000000000000000000002A4100005F78000000000000000000000000000000000000000000000000000000000000000000000000000000
	00000000000000000000000000000000000000000000000000000000000000000000000000000000000000000000000000000000000000000000000000000000000000000000000000000000000000000000000000000000000000000000000000000000000000000000000000000000000000000000000000000000000000
	00000000000000000000000000000000000000002F4F0000BACD0000000000000000000000000000000000000000000000000000000000000000000000000000000000000000000000000000000000000000000000000000000000000000000000000000000000000000000000000000000000000000000000000000000000
	000000000000000000000000000000000000000000000000000000000000000000000000000000000000000000000000000000000000000000000000000000000000000000000000000000800080000000000000002F4F00005F78000000000000000000000000000000000000000000000000000000000000000000000000
	00000000000000000000000000000000000000000000000000000000000000000000000000000000000000000000000000000000000000000000000000000000000000000000000000000000000000000000000000000000000000000000000000000000000000000000000000000000000000000000000000000000000000
	00000000000000000000000000000000000000000000002F4F00001B3F0000000000000000000000000000000000000000000000000000000000000000000000000000000000000000000000000000000000000000000000000000000000000000000000000000000000000000000000000000000000000000000000000000
	0000000000000000000000000000000000000000000000000000000000000000000000000000000000000000000000000000000000000000000000000000000000000000000000002B7200001B3F00000000000000000000000000000000000000000000000000000000000000000000000000000000000000000000000000
	000000000000000000000000000000000000000000000000000000000000000000000000000000000000000000000000000000000000000000000000000000000000000000000000000000000000000000000000000000000000000000000000000000000000000000000000000000000000000000000000002B7200001B3F
	00000000000000000000000000000000000000000000000000000000000000000000000000000000000000000000000000000000000000000000000000000000000000000000000000000000000000000000000000000000000000000000000000000000000000000000000000000000000000000000000000000000000000
	000000000000000000000000000000000000000000000000000000000000000000000000000000000000002B7200003374000000000000000000000000000000000000000000000000000000000000000000000000000000000000000000000000000000000000000000000000000000000000000000000000000000000000
	000000000000000000000000175600005F7800000000000000000000000000000000000000000000000000000000000000000000000000000000000000000000000000000000000000000000000000000000000000000000000000000000000000000000000000000000000000000000000000000000000000000000000000
	00000000000000000000000000000000000000000000000000000000000000000000000000000000000000000000000000000000000000000000000000000000000000000000000000000000002F4F00005F780000000000000000000000000000000000000000000000000000000000000000000000000000000000000000
	00000000000000000000000000000000000000000000000000000000000000000000000000000000000000000000000000000000000000000000000000000000000000000000000000000000000000000000000000000000000000000000000000000000000000000000000000000000000000000000000000000000000000
	0000000000000000000000000000002F4F00005F7800000000000000000000000000000000000000000000000000000000000000000000000000000000000000000000000000000000000000000000000000000000000000000000000000000000000000000000000000000000000000000000000000000000000000000000
	00000000000000000000000000000000000000000000000000000000000000000000000000000000000000000000000000000000000000000000000000000000000000000000000000000000000000002F4F00005F780000000000000000000000000000000000000000000000000000000000000000000000000000000000
	00000000000000000000000000000000000000000000000000000000000000000000000000000000000000000000000000000000000000000000000000000000000000000000000000000000000000000000000000000000000000000000000000000000000000000000000000000000000000000000000000000000000000
	0000000000000000000000000000000000002F4F00003F7400000000000000000000000000000000000000000000000000000000000000000000000000000000000000000000000000000000000000000000000000000000000000000000000000000000000000000000000000000000000000000000000000000000000000
	0000000000000000000000000000000000000000000000000000000000000000000000000000000000000000000000000000000000000000000000295800003F740000000000000000000000000000000000000000000000000000000000000000000000000000000000000000000000000000000000000000000000000000
	00000000000000000000000000000000000000000000000000000000000000000000000000000000000000000000000000000000000000000000000000000000000000000000000000000000000000000000000000000000000000000000000000000000295800003F74000000000000000000000000000000000000000000
	00000000000000000000000000000000000000000000000000000000000000000000000000000000000000000000000000000000000000000000000000000000000000000000000000000000000000000000000000000000000000000000000000000000000000000000000000000000000000000000000000000000000000
	0000000000000000000000000000295800008CB300001830210884C31890480C8009800001800C401018C2840C612448C0064004000006C00820610C8642123060242003000203000460301043860921301890120001010102801830210884C31890480C80098000018000400000175900004A760000000000000080080000
	0880000000000000000000000004400000400400000000000000000000020000202000000200000000000000000100000010100000000100000000000000000080080000088000000000000000000017590000FED300002108854214D05814410D844111104444101142840AA12C68A00AC286082022888822210885421650
	50346105044311104444101142840BA12828B01A82820821228888222108854214D05814410D844111104444001100001759000022A900000000000000000000000000000000000000000000000000000000000000000000000000000000000000000000000000000000000000000000000000000000000000000000000000
	00000000000000000000000000000000000000000000000000000000000000000000000000000000000000000000000000000000000000000000000000225A000022A9000000000000000000000000000000000000000000000000000000000000000000000000000000000000000000000000000000000000000000000000
	0000000000000000000000000000000000000000000000000000000000000000000000000000000000000000000000000000000000000000000000000000000000000000000000000000225A000022A90000000000000000000000000000000000000000000000000000000000000000000000000000000000000000000000
	000000000000000000000000000000000000000000000000000000000000000000000000000000000000000000000000000000000000000000000000000000000000000000000000000000000000000000000000000000225A0000FE9D00000000000000000000000000000000000000000200002020000002000000000000
	0000000000000000000000000000010000001010000000010000000000000000000000000000000000000000008008000008800000000000000000000000000000000000000000000000044000004004000000000000000000000000000000000000000000000200002020000002000000000000265B0000A1730000000000
	00000000000000000000000000020002202220202220020002000000000000000000000000000000000100010011101010101100010001000000000000000000000000000000000080088008888808800880000000000000000000000000000000000000000440044044444004400400000000000000000000000000000000
	000002000220222020222002000200000000265B0000332100000000000000000000000000000000000000000000020000202000000200000000000000000000000000000000000000000100000010100000000100000000000000000000000000000000000000000080080000088000000000000000000000000000000000
	0000000000000004400000400400000000000000000000000000000000000000000000020000202000000200000000265B0000FE9D0000000000000000000000000000000000000000020000202000000200000000000000000000000000000000000000000100000010100000000100000000000000000000000000000000
	00000000008008000008800000000000000000000000000000000000000000000000044000004004000000000000000000000000000000000000000000000200002020000002000000000000265B0000F4C2000000000000000000000000000000000000020002202020220200222000000200000000000000000000000000
	000100010010101110000110110000000100000000000000000000000000000080088008088088880000088000000000000000000000000000000000000440044040044444000040040000000000000000000000000000000002000220202022020022200000020000265B0000AFD700000000000000000000000000000000
	00000000000000000000000000000000000000000000000000000000000000000000000000000000000000000000000000000000000000000000000000000000000000000000000000000000000000000000000000000000000000000000000000000000000000000000000000000000000000000000000000000000000000
	00000000000000265B0000D2A0000000004004000000000000000000000000020002202020200200020200002020000002000000000000000000000100010010101010000101010000101000000001000000000000000000000080088008088008800000800800000880000000000000000000000000000440044040044004
	000004400000400400000000000000000000000002000220202020020002020000200000265B000040F200000000400400000000000000000000000000000000000000000000020000202000000200000000000000000000000000000000000000000100000010100000000100000000000000000000000000000000000000
	0000800800000880000000000000000000000000000000000000000000000004400000400400000000000000000000000000000000000000000000020000200000265B0000AFD70000000000000000000000000000000000000000000000000000000000000000000000000000000000000000000000000000000000000000
	00000000000000000000000000000000000000000000000000000000000000000000000000000000000000000000000000000000000000000000000000000000000000000000000000000000000000000000000000000000000000000000265B00003574000000000000000000000000000000000000000000000000000000
	00000000000000000000000000000000000000000000000000000000000000000000000000000000000000000000000000000000000000000000000000000000000000000000000000000000000000000000000000000000000000000000000000000000000000000000000000000000000000000000000000000000000000
	000000000000000000000000000000002B5F0000E94D000000000000000000000000000000000000000000000000000000000000000000000000000000000000000000000000000000000000000000000000000000000000000000000000000000000000000000000000000000000000000000000000000000000000000000
	000000000000000000000000000000000000000000000000000000000000000000000000000000000000000000000000000000000000000000000000000000000000000000000000002D730000E94D000000000000000000000000000000000000000000000000000000000000000000000000000000000000000000000000
	00000000000000000000000000000000000000000000000000000000000000000000000000000000000000000000000000000000000000000000000000000000000000000000000000000000000000000000000000000000000000000000000000000000000000000000000000000000000000000000000000000000000000
	0000002D730000E94D00000000000000000000000000000000000000000000000000000000000000000000000000000000000000000000000000000000000000000000000000000000000000000000000000000000000000000000000000000000000000000000000000000000000000000000000000000000000000000000
	0000000000000000000000000000000000000000000000000000000000000000000000000000000000000000000000000000000000000000000000002D7300001B3F00000000000000000000000000000000000000000000000000000000000000000000000000000000000000000000000000000000000000000000000000
	000000000000000000000000000000000000000000000000000000000000000000000000000000000000000000000000000000000000000000000000000000000000000000000000000000000000000000000000000000000000000000000000000000000000000000000000002B7200001B3F000000000000000000000000
	00000000000000000000000000000000000000000000000000000000000000000000000000000000000000000000000000000000000000000000000000000000000000000000000000000000000000000000000000000000000000000000000000000000000000000000000000000000000000000000000000000000000000
	000000000000000000000000000000000000000000000000000000000000002B7200001B3F000000000000000000000000000000000000000000000000000000000000000000000000000000000000000000000000000000000000000000000000000000000000000000000000000000000000000000000000000000000000
	00000000000000000000000000000000000000000000000000000000000000000000000000000000000000000000000000000000000000000000000000000000000000000000000000000000000000002B720000FCDA0000000000000000000000000000000000000000000000000000000000000000000000000000000000
	0000000000000000000000000000000000000000000000000000000000000000000000000000000000000000000000000000000000000000000000000000000000000000000000000000000000000000000000000000000000000000000000000000000000000000000000000000000000000000000000000029710000E94D
	00000000000000000000000000000000000000000000000000000000000000000000000000000000000000000000000000000000000000000000000000000000000000000000000000000000000000000000000000000000000000000000000000000000000000000000000000000000000000000000000000000000000000
	0000000000000000000000000000000000000000000000000000000000000000000000000000000000000000000000000000002D730000E94D00000000000000000000000000000000000000000000000000000000000000000000000000000000000000000000000000000000000000000000000000000000000000000000
	0000000000000000000000000000000000000000000000000000000000000000000000000000000000000000000000000000000000000000000000000000000000000000000000000000000000000000000000000000000000000000000000000000000000000000000000002D730000E94D00000000000000000000000000
	00000000000000000000000000000000000000000000000000000000000000000000000000000000000000000000000000000000000000000000000000000000000000000000000000000000000000000000000000000000000000000000000000000000000000000000000000000000000000000000000000000000000000
	00000000000000000000000000000000000000000000000000000000000000000000000000002D73000049E40000000000000000000000000000000000000000000000000000000000000000000000000000000000000000000000000000000000000000000000000000000000000000000000000000000000000000000000
	000000000000000000000000000000000000000000000000000000000000000000000000000000000000000000000000000000000000000000000000000000000000000000000000000000000000000000000000000000000000002C50000049E4000000000000000000000000000000000000000000000000000000000000
	00000000000000000000000000000000000000000000000000000000000000000000000000000000000000000000000000000000000000000000000000000000000000000000000000000000000000000000000000000000000000000000000000000000000000000000000000000000000000000000000000000000000000
	00000000000000000000000000000000002C50000049E40000000000000000000000000000000000000000000000000000000000000000000000000000000000000000000000000000000000000000000000000000000000000000000000000000000000000000000000000000000000000000000000000000000000000000
	000000000000000000000000000000000000000000000000000000000000000000000000000000000000000000000000000000000000000000000000000000000000000000002C500000F79E000000000000000000000000000000000000000000000000000000000000000000000000000000000000000000000000000000
	0000000000000000000000000000000000000000000000000000000000000000000000000000000000000018470000F79E000000000000000000000000000000000000000000000000000000000000000000000000000000000000000000000000000000000000000000000000000000000000000000000000000000000000
	000000000000000000000000000000001847000009550000B52456E84A9AA956B76454A84A9ABB56A56454A8DA9E2B72A544D4AC5BBA2A52A544DDAD52BB2A52ED4495BF52A96A52ADD6952D52A96ED22956152D76A94AD2295F352456E94A9B2956376454A94A9B3B56256454A9000F17480000C055000000020040000000
	0000084900000000000020000000002404008000000000001000001200000200400000000000084900000000000E4A0000825C00000008004000000200000000000000100000000000000080040020010000000000000008000000000000004000000200100080000000000400000000000000200000000001000800400000
	02000000000000009000000000000000000018490000567B000000000004000000000000200002000020000000000000000200000000100001000010000000000000000000018000080000800000000800000000000000004000040000400000000000040000000000002000020000200000000000001842000099BC000000
	00000000000000000000000000000000000000000000000000000000000000000000000000000000000000000000000000000000000000000000000000000000000000000000000000000000000000000000000000000017430000EBF200000000000000000000000000000000000000000000000000000000000000000000
	0000000000000000000000000000000000000000000000000000000000000000000000000000000000000000000000000000000016440000EBF2000000000000000000000000000000000000000000000000000000000000000000000000000000000000000000000000000000000000000000000000000000000000000000
	000000000000000000000000000000000016440000F240000000000000000000000000000000000000000000000000000000000000000000000000000000000000000000000000000000000000000000000000000000000000000000000000000000000000000000008000800000000000174E0000E17B0000000000000000
	00000000000000000000000000000000000000000000000000000000000000000000000000000000000000000000000000000000000000000000000000000000000000000000000000000000000000000000174E00001A26000000000000000000000000000000000000000000000000000000000000000000000000000000
	00000000000000000000000000000000000000000000000000000000000000000000000000000000000000000000000000000000000000184D000002A1000000000200124090408008000800000000000000000000000001000900482040200004000400000000000000000000000004802480201000100002000200000000
	00000000000002001240104000080008000100010000000000000000184D0000CC26000000000000000000000000000000000000000000000000000000000000000000000000000000000000000000000000000000000000000000000000000000000000000000000000000000000000000000000000000000008000000000
	00184D0000FD69000000000000000000000000000000000000000000000000000000000000000000000000000000000000000000000000000000000000000000000000000000000000000000000000000000000000000000000000000000000000000000000000000000000000000000000000000000000000000000000000
	000000000000000000000000000000000000000000000000000000000000000000000000000000000000000000000000000000000000000000002D4C0000CFAF000000000000000000000000000000000000000000000000000000000000000000000000000000000000000000000000000000000000000000000000000000
	000000000000000000000000000000000000000000000000000000000000000000000000000000000000000000000000000000000000000000000000000000000000000000000000000000000000000000000000000000000000000000000000000000000000000000000000008000000000002D4C000082F5000000000000
	00000000000000000000000000000000000000000000000000000000000000000000000000000000000000000000000000000000000000000000000000000000000000000000000000000000000000000000000000000000000000000000000000000000000000000000000000000000000000000000000000000000000000
	000000000000000000000000000000000000000000000000000000000000000000000000000000000000000000000000002E4B000082F5000000000000000000000000000000000000000000000000000000000000000000000000000000000000000000000000000000000000000000000000000000000000000000000000
	00000000000000000000000000000000000000000000000000000000000000000000000000000000000000000000000000000000000000000000000000000000000000000000000000000000000000000000000000000000000000000000000000000000000000000000000000002E4B000082F50000000000000000000000
	00000000000000000000000000000000000000000000000000000000000000000000000000000000000000000000000000000000000000000000000000000000000000000000000000000000000000000000000000000000000000000000000000000000000000000000000000000000000000000000000000000000000000
	00000000000000000000000000000000000000000000000000000000000000000000000000000000000000002E4B0000E8760000000000000000000000000000000000000000000000000000000000000000000000000000000000000000000000000000000000000000000000000000000000000000000000000000000000
	00000000000000000000000000000000000000000000000000000000000000000000000000000000000000000000000000000000000000000000000000000000000000000000000000000000000000000000000000000000000000000000000000000000002D400000E8760000000000000000000000000000000000000000
	00000000000000000000000000000000000000000000000000000000000000000000000000000000000000000000000000000000000000000000000000000000000000000000000000000000000000000000000000000000000000000000000000000000000000000000000000000000000000000000000000000000000000
	000000000000000000000000000000000000000000000000000000000000002D400000E876000000000000000000000000000000000000000000000000000000000000000000000000000000000000000000000000000000000000000000000000000000000000000000000000000000000000000000000000000000000000
	000000000000000000000000000000000000000000000000000000000000000000000000000000000000000000000000000000000000000000000000000000000000000000000000000000000000000000000000000000002D400000E876000000000000000000000000000000000000000000000000000000000000000000
	00000000000000000000000000000000000000000000000000000000000000000000000000000000000000000000000000000000000000000000000000000000000000000000000000000000000000000000000000000000000000000000000000000000000000000000000000000000000000000000000000000000000000
	0000000000000000000000000000000000002D400000D20E00000000000000000000000000000000000000000000000000000000000000000000000000000000000000000000000000000000000000000000000000000000000000000000000000000000000000000000000000000000000000000000000000000000000000
	000000000000000000000000000000000000000000000000000000000000000000000000000000000000000000000000000000000000000000000000000000000000000000800080000000000000002E450000951A000000000000000000000000000000000000000000000000000000000000000000000000000000000000
	00000000000000000000000000000000000000000000000000000000000000000000000000000000000000000000000000000000000000000000000000000000000000000000000000000000000000000000000000000000000000000000000000000000000000000000000000000000000000000000000000000000000000
	000000000000000000000000002E450000D8C3000000000000000000000000000000000000000000000000000000000000000000000000000000000000000000000000000000000000000000000000000000000000000000000000000000000000000000000000000000000000000000000000000000000000000000000000
	0000000000000000000000000000000000000000000000000000000000000000000000000000000000000000000000000000000000000000000000000000000000002C460000D8C300000000000000000000000000000000000000000000000000000000000000000000000000000000000000000000000000000000000000
	00000000000000000000000000000000000000000000000000000000000000000000000000000000000000000000000000000000000000000000000000000000000000000000000000000000000000000000000000000000000000000000000000000000000000000000000000000000000000000000002C460000BBD90000
	00000000000000000000000000000000000000000000000000000000000000000000000000000000000000000000000000000000000000000000000000000000000000000000000000000000000000000000000000000000000000000000000000000000000000000000000000000000000000000000000000000000000000
	0000000000000000000000000000000000000000000000000000000000000000000000000080000000000000002C4600006B3500000000000000000000000000000000000000000000000000000000000000000000000000000000000000000000000000000000000000000000000000000000000000000000000000000000
	0000000000000000000000000000000000000000000000000000000000000000000000000000000000000000000000000000000000000000000000000000000000000000000000000000000000000000000000000000000000002A41000018E500000000000000000000000000000000000000000000000000000000000000
	00000000000000000000000000000000000000000000000000000000000000000000000000000000000000000000000000000000000000000000000000000000000000000000000000000000000000000000000000000000000000000000000000000000000000000000000000000000000000000000000000000000000000
	000000000000000000000000000000000000800000000000000000002F4F00005F78000000000000000000000000000000000000000000000000000000000000000000000000000000000000000000000000000000000000000000000000000000000000000000000000000000000000000000000000000000000000000000
	0000000000000000000000000000000000000000000000000000000000000000000000000000000000000000000000000000000000000000000000000000000000000000000000000000000000000000000000000000000000000000002F4F00005F7800000000000000000000000000000000000000000000000000000000
	00000000000000000000000000000000000000000000000000000000000000000000000000000000000000000000000000000000000000000000000000000000000000000000000000000000000000000000000000000000000000000000000000000000000000000000000000000000000000000000000000000000000000
	000000000000000000000000000000000000000000000000000000000000002F4F000049E4000000000000000000000000000000000000000000000000000000000000000000000000000000000000000000000000000000000000000000000000000000000000000000000000000000000000000000000000000000000000
	0000000000000000000000000000000000000000000000000000000000000000000000000000000000000000000000000000000000000000000000000000000000000000000000000000000000000000000000002C50000049E400000000000000000000000000000000000000000000000000000000000000000000000000
	00000000000000000000000000000000000000000000000000000000000000000000000000000000000000000000000000000000000000000000000000000000000000000000000000000000000000000000000000000000000000000000000000000000000000000000000000000000000000000000000000000000000000
	000000000000000000002C50000049E4000000000000000000000000000000000000000000000000000000000000000000000000000000000000000000000000000000000000000000000000000000000000000000000000000000000000000000000000000000000000000000000000000000000000000000000000000000
	0000000000000000000000000000000000000000000000000000000000000000000000000000000000000000000000000000000000000000000000000000002C500000F79E00000000000000000000000000000000000000000000000000000000000000000000000000000000000000000000000000000000000000000000
	00000000000000000000000000000000000000000000000000000000000000000000000018470000F79E00000000000000000000000000000000000000000000000000000000000000000000000000000000000000000000000000000000000000000000000000000000000000000000000000000000000000000000000000
	000000000000000000184700001A6E0000B52456E84A9AA956B76454A84A9ABB56A56454A8DA9E2B72A544D4AC5BBA2A52A544DDAD52BB2A52ED4495BF52A96A52ADD6952D52A96ED22956152D76A94AD2295F352456E94A9B2956376454A94A9BBB56A56454A9000F17480000C05500000002004000000000000849000000
	00000020000000002404008000000000001000001200000200400000000000084900000000000E4A000048F20000000800400000020000000000000010000000000000008004002001000000000000000800000000000000400000020010008000000000040000000000000020000000000100080040000002000000000000
	001000000000000000000018490000567B000000000004000000000000200002000020000000000000000200000000100001000010000000000000000000018000080000800000000800000000000000004000040000400000000000040000000000002000020000200000000000001842000099BC00000000000000000000
	000000000000000000000000000000000000000000000000000000000000000000000000000000000000000000000000000000000000000000000000000000000000000000000000000000000000000017430000EBF20000000000000000000000000000000000000000000000000000000000000000000000000000000000
	00000000000000000000000000000000000000000000000000000000000000000000000000000000000000000016440000EBF200000000000000000000000000000000000000000000000000000000000000000000000000000000000000000000000000000000000000000000000000000000000000000000000000000000
	0000000000000000000016440000E17B000000000000000000000000000000000000000000000000000000000000000000000000000000000000000000000000000000000000000000000000000000000000000000000000000000000000000000000000000000000000174E0000E17B000000000000000000000000000000
	000000000000000000000000000000000000000000000000000000000000000000000000000000000000000000000000000000000000000000000000000000000000000000000000000000174E00001A2600000000000000000000000000000000000000000000000000000000000000000000000000000000000000000000
	000000000000000000000000000000000000000000000000000000000000000000000000000000000000000000000000184D000002A100000000020012409040800800080000000000000000000000000100090048204020000400040000000000000000000000000480248020100010000200020000000000000000000002
	001240104000080008000100010000000000000000184D00001A2600000000000000000000000000000000000000000000000000000000000000000000000000000000000000000000000000000000000000000000000000000000000000000000000000000000000000000000000000000000000000000000184D0000FD69
	00000000000000000000000000000000000000000000000000000000000000000000000000000000000000000000000000000000000000000000000000000000000000000000000000000000000000000000000000000000000000000000000000000000000000000000000000000000000000000000000000000000000000
	0000000000000000000000000000000000000000000000000000000000000000000000000000000000000000000000000000002D4C0000FD6900000000000000000000000000000000000000000000000000000000000000000000000000000000000000000000000000000000000000000000000000000000000000000000
	0000000000000000000000000000000000000000000000000000000000000000000000000000000000000000000000000000000000000000000000000000000000000000000000000000000000000000000000000000000000000000000000000000000000000000000000002D4C000082F500000000000000000000000000
	00000000000000000000000000000000000000000000000000000000000000000000000000000000000000000000000000000000000000000000000000000000000000000000000000000000000000000000000000000000000000000000000000000000000000000000000000000000000000000000000000000000000000
	0000000000000000000000000000000000000000000000000000000000000000000000000000000000002E4B000082F500000000000000000000000000000000000000000000000000000000000000000000000000000000000000000000000000000000000000000000000000000000000000000000000000000000000000
	000000000000000000000000000000000000000000000000000000000000000000000000000000000000000000000000000000000000000000000000000000000000000000000000000000000000000000000000000000000000000000000000000000000000002E4B000082F5000000000000000000000000000000000000
	00000000000000000000000000000000000000000000000000000000000000000000000000000000000000000000000000000000000000000000000000000000000000000000000000000000000000000000000000000000000000000000000000000000000000000000000000000000000000000000000000000000000000
	000000000000000000000000000000000000000000000000000000000000000000000000002E4B0000E876000000000000000000000000000000000000000000000000000000000000000000000000000000000000000000000000000000000000000000000000000000000000000000000000000000000000000000000000
	000000000000000000000000000000000000000000000000000000000000000000000000000000000000000000000000000000000000000000000000000000000000000000000000000000000000000000000000000000000000000000002D400000E876000000000000000000000000000000000000000000000000000000
	00000000000000000000000000000000000000000000000000000000000000000000000000000000000000000000000000000000000000000000000000000000000000000000000000000000000000000000000000000000000000000000000000000000000000000000000000000000000000000000000000000000000000
	0000000000000000000000000000000000000000000000002D400000E87600000000000000000000000000000000000000000000000000000000000000000000000000000000000000000000000000000000000000000000000000000000000000000000000000000000000000000000000000000000000000000000000000
	0000000000000000000000000000000000000000000000000000000000000000000000000000000000000000000000000000000000000000000000000000000000000000000000000000000000000000002D400000E87600000000000000000000000000000000000000000000000000000000000000000000000000000000
	00000000000000000000000000000000000000000000000000000000000000000000000000000000000000000000000000000000000000000000000000000000000000000000000000000000000000000000000000000000000000000000000000000000000000000000000000000000000000000000000000000000000000
	00000000000000000000002D400000951A0000000000000000000000000000000000000000000000000000000000000000000000000000000000000000000000000000000000000000000000000000000000000000000000000000000000000000000000000000000000000000000000000000000000000000000000000000
	0000000000000000000000000000000000000000000000000000000000000000000000000000000000000000000000000000000000000000000000000000000000000000000000002E450000951A00000000000000000000000000000000000000000000000000000000000000000000000000000000000000000000000000
	00000000000000000000000000000000000000000000000000000000000000000000000000000000000000000000000000000000000000000000000000000000000000000000000000000000000000000000000000000000000000000000000000000000000000000000000000000000000000000000000000000000000000
	0000000000002E450000D8C300000000000000000000000000000000000000000000000000000000000000000000000000000000000000000000000000000000000000000000000000000000000000000000000000000000000000000000000000000000000000000000000000000000000000000000000000000000000000
	00000000000000000000000000000000000000000000000000000000000000000000000000000000000000000000000000000000000000000000002C460000D8C30000000000000000000000000000000000000000000000000000000000000000000000000000000000000000000000000000000000000000000000000000
	000000000000000000000000000000000000000000000000000000000000000000000000000000000000000000000000000000000000000000000000000000000000000000000000000000000000000000000000000000000000000000000000000000000000000000000000000000002C460000D8C3000000000000000000
	00000000000000000000000000000000000000000000000000000000000000000000000000000000000000000000000000000000000000000000000000000000000000000000000000000000000000000000000000000000000000000000000000000000000000000000000000000000000000000000000000000000000000
	00000000000000000000000000000000000000000000000000000000000000000000000000002C4600006B350000000000000000000000000000000000000000000000000000000000000000000000000000000000000000000000000000000000000000000000000000000000000000000000000000000000000000000000
	00000000000000000000000000000000000000000000000000000000000000000000000000000000000000000000000000000000000000000000000000000000000000000000000000000000000000000000002A4100005F780000000000000000000000000000000000000000000000000000000000000000000000000000
	00000000000000000000000000000000000000000000000000000000000000000000000000000000000000000000000000000000000000000000000000000000000000000000000000000000000000000000000000000000000000000000000000000000000000000000000000000000000000000000000000000000000000
	0000000000000000000000000000000000000000002F4F00005F7800000000000000000000000000000000000000000000000000000000000000000000000000000000000000000000000000000000000000000000000000000000000000000000000000000000000000000000000000000000000000000000000000000000
	00000000000000000000000000000000000000000000000000000000000000000000000000000000000000000000000000000000000000000000000000000000000000000000000000000000000000000000000000002F4F00005F780000000000000000000000000000000000000000000000000000000000000000000000
	00000000000000000000000000000000000000000000000000000000000000000000000000000000000000000000000000000000000000000000000000000000000000000000000000000000000000000000000000000000000000000000000000000000000000000000000000000000000000000000000000000000000000
	0000000000000000000000000000000000000000000000002F4F000049E400000000000000000000000000000000000000000000000000000000000000000000000000000000000000000000000000000000000000000000000000000000000000000000000000000000000000000000000000000000000000000000000000
	00000000000000000000000000000000000000000000000000000000000000000000000000000000000000000000000000000000000000000000000000000000000000000000000000000000002C50000049E40000000000000000000000000000000000000000000000000000000000000000000000000000000000000000
	00000000000000000000000000000000000000000000000000000000000000000000000000000000000000000000000000000000000000000000000000000000000000000000000000000000000000000000000000000000000000000000000000000000000000000000000000000000000000000000000000000000000000
	0000002C50000049E400000000000000000000000000000000000000000000000000000000000000000000000000000000000000000000000000000000000000000000000000000000000000000000000000000000000000000000000000000000000000000000000000000000000000000000000000000000000000000000
	00000000000000000000000000000000000000000000000000000000000000000000000000000000000000000000000000000000000000002C500000F79E0000000000000000000000000000000000000000000000000000000000000000000000000000000000000000000000000000000000000000000000000000000000
	000000000000000000000000000000000000000000000000000000000018470000F79E0000000000000000000000000000000000000000000000000000000000000000000000000000000000000000000000000000000000000000000000000000000000000000000000000000000000000000000000000000000000000000
	00001847000009550000B52456E84A9AA956B76454A84A9ABB56A56454A8DA9E2B72A544D4AC5BBA2A52A544DDAD52BB2A52ED4495BF52A96A52ADD6952D52A96ED22956152D76A94AD2295F352456E94A9B2956376454A94A9B3B56256454A9000F17480000C0550000000200400000000000084900000000000020000000
	002404008000000000001000001200000200400000000000084900000000000E4A000048F2000000080040000002000000000000001000000000000000800400200100000000000000080000000000000040000002001000800000000004000000000000002000000000010008004000000200000000000000100000000000
	0000000018490000567B000000000004000000000000200002000020000000000000000200000000100001000010000000000000000000018000080000800000000800000000000000004000040000400000000000040000000000002000020000200000000000001842000099BC0000000000000000000000000000000000
	0000000000000000000000000000000000000000000000000000000000000000000000000000000000000000000000000000000000000000000000000000000000000000000000000017430000EBF2000000000000000000000000000000000000000000000000000000000000000000000000000000000000000000000000
	000000000000000000000000000000000000000000000000000000000000000000000000000016440000EBF20000000000000000000000000000000000000000000000000000000000000000000000000000000000000000000000000000000000000000000000000000000000000000000000000000000000000000000000
	00000016440000E17B000000000000000000000000000000000000000000000000000000000000000000000000000000000000000000000000000000000000000000000000000000000000000000000000000000000000000000000000000000000000174E0000E17B00000000000000000000000000000000000000000000
	0000000000000000000000000000000000000000000000000000000000000000000000000000000000000000000000000000000000000000000000000000000000000000174E00001A260000000000000000000000000000000000000000000000000000000000000000000000000000000000000000000000000000000000
	0000000000000000000000000000000000000000000000000000000000000000000000000000000000184D000002A10000000002001240904080080008000000000000000000000000010009004820402000040004000000000000000000000000048024802010001000020002000000000000000000000200124010400008
	0008000100010000000000000000184D00001A2600000000000000000000000000000000000000000000000000000000000000000000000000000000000000000000000000000000000000000000000000000000000000000000000000000000000000000000000000000000000000000000184D0000FD6900000000000000
	00000000000000000000000000000000000000000000000000000000000000000000000000000000000000000000000000000000000000000000000000000000000000000000000000000000000000000000000000000000000000000000000000000000000000000000000000000000000000000000000000000000000000
	00000000000000000000000000000000000000000000000000000000000000000000000000000000000000002D4C0000FD690000000000000000000000000000000000000000000000000000000000000000000000000000000000000000000000000000000000000000000000000000000000000000000000000000000000
	00000000000000000000000000000000000000000000000000000000000000000000000000000000000000000000000000000000000000000000000000000000000000000000000000000000000000000000000000000000000000000000000000000000002D4C000082F50000000000000000000000000000000000000000
	00000000000000000000000000000000000000000000000000000000000000000000000000000000000000000000000000000000000000000000000000000000000000000000000000000000000000000000000000000000000000000000000000000000000000000000000000000000000000000000000000000000000000
	00000000000000000000000000000000000000000000000000000000000000000000002E4B000082F50000000000000000000000000000000000000000000000000000000000000000000000000000000000000000000000000000000000000000000000000000000000000000000000000000000000000000000000000000
	0000000000000000000000000000000000000000000000000000000000000000000000000000000000000000000000000000000000000000000000000000000000000000000000000000000000000000000000000000000000000000000000002E4B000082F500000000000000000000000000000000000000000000000000
	00000000000000000000000000000000000000000000000000000000000000000000000000000000000000000000000000000000000000000000000000000000000000000000000000000000000000000000000000000000000000000000000000000000000000000000000000000000000000000000000000000000000000
	0000000000000000000000000000000000000000000000000000000000002E4B0000E87600000000000000000000000000000000000000000000000000000000000000000000000000000000000000000000000000000000000000000000000000000000000000000000000000000000000000000000000000000000000000
	0000000000000000000000000000000000000000000000000000000000000000000000000000000000000000000000000000000000000000000000000000000000000000000000000000000000000000000000000000002D400000E87600000000000000000000000000000000000000000000000000000000000000000000
	00000000000000000000000000000000000000000000000000000000000000000000000000000000000000000000000000000000000000000000000000000000000000000000000000000000000000000000000000000000000000000000000000000000000000000000000000000000000000000000000000000000000000
	00000000000000000000000000000000002D400000E8760000000000000000000000000000000000000000000000000000000000000000000000000000000000000000000000000000000000000000000000000000000000000000000000000000000000000000000000000000000000000000000000000000000000000000
	00000000000000000000000000000000000000000000000000000000000000000000000000000000000000000000000000000000000000000000000000000000000000000000000000002D400000E8760000000000000000000000000000000000000000000000000000000000000000000000000000000000000000000000
	00000000000000000000000000000000000000000000000000000000000000000000000000000000000000000000000000000000000000000000000000000000000000000000000000000000000000000000000000000000000000000000000000000000000000000000000000000000000000000000000000000000000000
	000000002D400000951A000000000000000000000000000000000000000000000000000000000000000000000000000000000000000000000000000000000000000000000000000000000000000000000000000000000000000000000000000000000000000000000000000000000000000000000000000000000000000000
	00000000000000000000000000000000000000000000000000000000000000000000000000000000000000000000000000000000000000000000000000000000002E450000951A0000000000000000000000000000000000000000000000000000000000000000000000000000000000000000000000000000000000000000
	0000000000000000000000000000000000000000000000000000000000000000000000000000000000000000000000000000000000000000000000000000000000000000000000000000000000000000000000000000000000000000000000000000000000000000000000000000000000000000000000000000000000002E
	450000D8C30000000000000000000000000000000000000000000000000000000000000000000000000000000000000000000000000000000000000000000000000000000000000000000000000000000000000000000000000000000000000000000000000000000000000000000000000000000000000000000000000000
	000000000000000000000000000000000000000000000000000000000000000000000000000000000000000000000000000000002C460000D8C3000000000000000000000000000000000000000000000000000000000000000000000000000000000000000000000000000000000000000000000000000000000000000000
	0000000000000000000000000000000000000000000000000000000000000000000000000000000000000000000000000000000000000000000000000000000000000000000000000000000000000000000000000000000000000000000000000000000000000000002C460000D8C300000000000000000000000000000000
	00000000000000000000000000000000000000000000000000000000000000000000000000000000000000000000000000000000000000000000000000000000000000000000000000000000000000000000000000000000000000000000000000000000000000000000000000000000000000000000000000000000000000
	000000000000000000000000000000000000000000000000000000000000002C4600006B35000000000000000000000000000000000000000000000000000000000000000000000000000000000000000000000000000000000000000000000000000000000000000000000000000000000000000000000000000000000000
	000000000000000000000000000000000000000000000000000000000000000000000000000000000000000000000000000000000000000000000000000000000000000000000000000000002A4100005F78000000000000000000000000000000000000000000000000000000000000000000000000000000000000000000
	00000000000000000000000000000000000000000000000000000000000000000000000000000000000000000000000000000000000000000000000000000000000000000000000000000000000000000000000000000000000000000000000000000000000000000000000000000000000000000000000000000000000000
	00000000000000000000000000002F4F00005F780000000000000000000000000000000000000000000000000000000000000000000000000000000000000000000000000000000000000000000000000000000000000000000000000000000000000000000000000000000000000000000000000000000000000000000000
	000000000000000000000000000000000000000000000000000000000000000000000000000000000000000000000000000000000000000000000000000000000000000000000000000000000000002F4F00005F78000000000000000000000000000000000000000000000000000000000000000000000000000000000000
	00000000000000000000000000000000000000000000000000000000000000000000000000000000000000000000000000000000000000000000000000000000000000000000000000000000000000000000000000000000000000000000000000000000000000000000000000000000000000000000000000000000000000
	00000000000000000000000000000000002F4F000049E40000000000000000000000000000000000000000000000000000000000000000000000000000000000000000000000000000000000000000000000000000000000000000000000000000000000000000000000000000000000000000000000000000000000000000
	000000000000000000000000000000000000000000000000000000000000000000000000000000000000000000000000000000000000000000000000000000000000000000002C50000049E4000000000000000000000000000000000000000000000000000000000000000000000000000000000000000000000000000000
	0000000000000000000000000000000000000000000000000000000000000000000000000000000000000000000000000000000000000000000000000000000000000000000000000000000000000000000000000000000000000000000000000000000000000000000000000000000000000000000000000000002C500000
	49E40000000000000000000000000000000000000000000000000000000000000000000000000000000000000000000000000000000000000000000000000000000000000000000000000000000000000000000000000000000000000000000000000000000000000000000000000000000000000000000000000000000000
	000000000000000000000000000000000000000000000000000000000000000000000000000000000000000000000000002C500000F79E000000000000000000000000000000000000000000000000000000000000000000000000000000000000000000000000000000000000000000000000000000000000000000000000
	0000000000000000000000000000000000000000000018470000F79E000000000000000000000000000000000000000000000000000000000000000000000000000000000000000000000000000000000000000000000000000000000000000000000000000000000000000000000000000000000000000000001847000009
	550000B52456E84A9AA956B76454A84A9ABB56A56454A8DA9E2B72A544D4AC5BBA2A52A544DDAD52BB2A52ED4495BF52A96A52ADD6952D52A96ED22956152D76A94AD2295F352456E94A9B2956376454A94A9B3B56256454A9000F17480000C055000000020040000000000008490000000000002000000000240400800000
	0000001000001200000200400000000000084900000000000E4A000048F200000008004000000200000000000000100000000000000080040020010000000000000008000000000000004000000200100080000000000400000000000000200000000001000800400000020000000000000010000000000000000000184900
	00567B000000000004000000000000200002000020000000000000000200000000100001000010000000000000000000018000080000800000000800000000000000004000040000400000000000040000000000002000020000200000000000001842000099BC000000000000000000000000000000000000000000000000
	00000000000000000000000000000000000000000000000000000000000000000000000000000000000000000000000000000000000000000000000000000000000017430000EBF200000000000000000000000000000000000000000000000000000000000000000000000000000000000000000000000000000000000000
	0000000000000000000000000000000000000000000000000000000000000016440000EBF2000000000000000000000000000000000000000000000000000000000000000000000000000000000000000000000000000000000000000000000000000000000000000000000000000000000000000000000000000016440000
	E17B000000000000000000000000000000000000000000000000000000000000000000000000000000000000000000000000000000000000000000000000000000000000000000000000000000000000000000000000000000000000174E0000E17B0000000000000000000000000000000000000000000000000000000000
	00000000000000000000000000000000000000000000000000000000000000000000000000000000000000000000000000000000000000000000000000174E00001A26000000000000000000000000000000000000000000000000000000000000000000000000000000000000000000000000000000000000000000000000
	00000000000000000000000000000000000000000000000000000000000000000000184D000002A1000000000200124090408008000800000000000000000000000001000900482040200004000400000000000000000000000004802480201000100002000200000000000000000000020012401040000800080001000100
	00000000000000184D00001A2600000000000000000000000000000000000000000000000000000000000000000000000000000000000000000000000000000000000000000000000000000000000000000000000000000000000000000000000000000000000000000000184D0000FD690000000000000000000000000000
	00000000000000000000000000000000000000000000000000000000000000000000000000000000000000000000000000000000000000000000000000000000000000000000000000000000000000000000000000000000000000000000000000000000000000000000000000000000000000000000000000000000000000
	000000000000000000000000000000000000000000000000000000000000000000000000002D4C0000FD69000000000000000000000000000000000000000000000000000000000000000000000000000000000000000000000000000000000000000000000000000000000000000000000000000000000000000000000000
	000000000000000000000000000000000000000000000000000000000000000000000000000000000000000000000000000000000000000000000000000000000000000000000000000000000000000000000000000000000000000000002D4C000082F5000000000000000000000000000000000000000000000000000000
	00000000000000000000000000000000000000000000000000000000000000000000000000000000000000000000000000000000000000000000000000000000000000000000000000000000000000000000000000000000000000000000000000000000000000000000000000000000000000000000000000000000000000
	000000000000000000000000000000000000000000000000000000002E4B000082F5000000000000000000000000000000000000000000000000000000000000000000000000000000000000000000000000000000000000000000000000000000000000000000000000000000000000000000000000000000000000000000
	00000000000000000000000000000000000000000000000000000000000000000000000000000000000000000000000000000000000000000000000000000000000000000000000000000000000000000000000000000000002E4B000082F50000000000000000000000000000000000000000000000000000000000000000
	00000000000000000000000000000000000000000000000000000000000000000000000000000000000000000000000000000000000000000000000000000000000000000000000000000000000000000000000000000000000000000000000000000000000000000000000000000000000000000000000000000000000000
	00000000000000000000000000000000000000000000002E4B0000E8760000000000000000000000000000000000000000000000000000000000000000000000000000000000000000000000000000000000000000000000000000000000000000000000000000000000000000000000000000000000000000000000000000
	00000000000000000000000000000000000000000000000000000000000000000000000000000000000000000000000000000000000000000000000000000000000000000000000000000000000000002D400000E8760000000000000000000000000000000000000000000000000000000000000000000000000000000000
	00000000000000000000000000000000000000000000000000000000000000000000000000000000000000000000000000000000000000000000000000000000000000000000000000000000000000000000000000000000000000000000000000000000000000000000000000000000000000000000000000000000000000
	000000000000000000002D400000E876000000000000000000000000000000000000000000000000000000000000000000000000000000000000000000000000000000000000000000000000000000000000000000000000000000000000000000000000000000000000000000000000000000000000000000000000000000
	000000000000000000000000000000000000000000000000000000000000000000000000000000000000000000000000000000000000000000000000000000000000002D400000E876000000000000000000000000000000000000000000000000000000000000000000000000000000000000000000000000000000000000
	000000000000000000000000000000000000000000000000000000000000000000000000000000000000000000000000000000000000000000000000000000000000000000000000000000000000000000000000000000000000000000000000000000000000000000000000000000000000000000000000000000002D4000
	00951A00000000000000000000000000000000000000000000000000000000000000000000000000000000000000000000000000000000000000000000000000000000000000000000000000000000000000000000000000000000000000000000000000000000000000000000000000000000000000000000000000000000
	000000000000000000000000000000000000000000000000000000000000000000000000000000000000000000000000000000000000000000002E450000951A000000000000000000000000000000000000000000000000000000000000000000000000000000000000000000000000000000000000000000000000000000
	00000000000000000000000000000000000000000000000000000000000000000000000000000000000000000000000000000000000000000000000000000000000000000000000000000000000000000000000000000000000000000000000000000000000000000000000000000000000000000000002E450000D8C30000
	00000000000000000000000000000000000000000000000000000000000000000000000000000000000000000000000000000000000000000000000000000000000000000000000000000000000000000000000000000000000000000000000000000000000000000000000000000000000000000000000000000000000000
	0000000000000000000000000000000000000000000000000000000000000000000000000000000000000000002C460000D8C300000000000000000000000000000000000000000000000000000000000000000000000000000000000000000000000000000000000000000000000000000000000000000000000000000000
	00000000000000000000000000000000000000000000000000000000000000000000000000000000000000000000000000000000000000000000000000000000000000000000000000000000000000000000000000000000000000000000000000002C460000D8C30000000000000000000000000000000000000000000000
	00000000000000000000000000000000000000000000000000000000000000000000000000000000000000000000000000000000000000000000000000000000000000000000000000000000000000000000000000000000000000000000000000000000000000000000000000000000000000000000000000000000000000
	0000000000000000000000000000000000000000000000002C4600006B3500000000000000000000000000000000000000000000000000000000000000000000000000000000000000000000000000000000000000000000000000000000000000000000000000000000000000000000000000000000000000000000000000
	0000000000000000000000000000000000000000000000000000000000000000000000000000000000000000000000000000000000000000000000000000000000000000002A4100005F7800000000000000000000000000000000000000000000000000000000000000000000000000000000000000000000000000000000
	00000000000000000000000000000000000000000000000000000000000000000000000000000000000000000000000000000000000000000000000000000000000000000000000000000000000000000000000000000000000000000000000000000000000000000000000000000000000000000000000000000000000000
	000000000000002F4F00005F78000000000000000000000000000000000000000000000000000000000000000000000000000000000000000000000000000000000000000000000000000000000000000000000000000000000000000000000000000000000000000000000000000000000000000000000000000000000000
	0000000000000000000000000000000000000000000000000000000000000000000000000000000000000000000000000000000000000000000000000000000000000000000000002F4F00005F7800000000000000000000000000000000000000000000000000000000000000000000000000000000000000000000000000
	00000000000000000000000000000000000000000000000000000000000000000000000000000000000000000000000000000000000000000000000000000000000000000000000000000000000000000000000000000000000000000000000000000000000000000000000000000000000000000000000000000000000000
	000000000000000000002F4F00001B3F000000000000000000000000000000000000000000000000000000000000000000000000000000000000000000000000000000000000000000000000000000000000000000000000000000000000000000000000000000000000000000000000000000000000000000000000000000
	00000000000000000000000000000000000000000000000000000000000000000000000000000000000000000000000000000000000000000000002B7200001B3F0000000000000000000000000000000000000000000000000000000000000000000000000000000000000000000000000000000000000000000000000000
	0000000000000000000000000000000000000000000000000000000000000000000000000000000000000000000000000000000000000000000000000000000000000000000000000000000000000000000000000000000000000000000000000000000000000000000000002B7200001B3F00000000000000000000000000
	00000000000000000000000000000000000000000000000000000000000000000000000000000000000000000000000000000000000000000000000000000000000000000000000000000000000000000000000000000000000000000000000000000000000000000000000000000000000000000000000000000000000000
	0000000000000000000000000000000000000000000000000000000000002B720000337400000000000000000000000000000000000000000000000000000000000000000000000000000000000000000000000000000000000000000000000000000000000000000000000000000000000000000000000000000000000017
	5600006A7500000000000000000000000000000000000000000000000000000000000000000000000000100000000000000000000000000000000000000000000000000000000000000000000000000000000000000000000000000000000017560000AE180000000000000000000000000000000000000000000000000000
	000000000000000000000000000000000000000000000000000000000000000000000000000000000000000000000000000000000000000015550000F6A40000000000000000000000000000000000000000000000000000000000000000000000000000000000000000000000000000000000000000000000000000000000
	000000000000000000000000000000000000000000000000000000000000000000000000000000000000000000000000000000000000000000000000000000000000000000000000000000000000000000000000000000000000000000285E0000F6A400000000000000000000000000000000000000000000000000000000
	00000000000000000000000000000000000000000000000000000000000000000000000000000000000000000000000000000000000000000000000000000000000000000000000000000000000000000000000000000000000000000000000000000000000000000000000000000000000000000000000000000000000000
	000000285E0000F6A400000000000000000000000000000000000000000000000000000000000000000000000000000000000000000000000000000000000000000000000000000000000000000000000000000000000000000000000000000000000000000000000000000000000000000000000000000000000000000000
	00000000000000000000000000000000000000000000000000000000000000000000000000000000285E0000FCDA000000000000000000000000000000000000000000000000000000000000000000000000000000000000000000000000000000000000000000000000000000000000000000000000000000000000000000
	00000000000000000000000000000000000000000000000000000000000000000000000000000000000000000000000000000000000000000000000000000000000000000000000000000000000000000029710000FCDA00000000000000000000000000000000000000000000000000000000000000000000000000000000
	000000000000000000000000000000000000000000000000000000000000000000000000000000000000000000000000000000000000000000000000000000000000000000000000000000000000000000000000000000000000000000000000000000000000000000000000000000000000000000000000000029710000FC
	DA000000000000000000000000000000000000000000000000000000000000000000000000000000000000000000000000000000000000000000000000000000000000000000000000000000000000000000000000000000000000000000000000000000000000000000000000000000000000000000000000000000000000
	00000000000000000000000000000000000000000000000000000000000000000000000029710000FCDA00000000000000000000000000000000000000000000000000000000000000000000000000000000000000000000000000000000000000000000000000000000000000000000000000000000000000000000000000
	000000000000000000000000000000000000000000000000000000000000000000000000000000000000000000000000000000000000000000000000000000000000000000000000000000000029710000FCDA0000000000000000000000000000000000000000000000000000000000000000000000000000000000000000
	0000000000000000000000000000000000000000000000000000000000000000000000000000000000000000000000000000000000000000000000000000000000000000000000000000000000000000000000000000000000000000000000000000000000000000000000000000000000000000000029710000FCDA000000
	00000000000000000000000000000000000000000000000000000000000000000000000000000000000000000000000000000000000000000000000000000000000000000000000000000000000000000000000000000000000000000000000000000000000000000000000000000000000000000000000000000000000000
	000000000000000000000000000000000000000000000000000000000000000029710000FCDA0000000000000000000000000000000000000000000000000000000000000000000000000000000000000000000000000000000000000000000000000000000000000000000000000000000000000000000000000000000000
	0000000000000000000000000000000000000000000000000000000000000000000000000000000000000000000000000000000000000000000000000000000000000000000000000029710000FCDA000000000000000000000000000000000000000000000000000000000000000000000000000000000000000000000000
	00000000000000000000000000000000000000000000000000000000000000000000000000000000000000000000000000000000000000000000000000000000000000000000000000000000000000000000000000000000000000000000000000000000000000000000000000000000000029710000E94D00000000000000
	00000000000000000000000000000000000000000000000000000000000000000000000000000000000000000000000000000000000000000000000000000000000000000000000000000000000000000000000000000000000000000000000000000000000000000000000000000000000000000000000000000000000000
	00000000000000000000000000000000000000000000000000000000000000000000000000000000000000002D730000D3E5000030100002000000000000000000000000000000000000000000000000000001000280183020080002000000000000000000000000000000000000000000000000000003800C203008000400
	0000000000000000000000000000000000000000000000000001000400182020040000000000000000000000000000000000000000000000000000000001000C203010000200010000000000000000000000000000000000000000000000000100040000102D730000F98F0000000000000000000000000000000000000300
	0B603878701E4007000100000000000100000000000000000000000000000000010103C01AF0783C600E000200000000000000000001000000010000000000000000000003800FA03C38301E0006000100010000000000000000000000000000000000000000010005811CB0383D200E000200000000000000000000000000
	000000000000000000000001800DA03C38301E0007000100000000000000002D73000036C6000000400000400400000000000000000000000000000001000100000000000000010000004000004004000000000001000000000000000000000000000000000000000000000001000000100002000000000000000000000000
	000000010001000000000000000000000080001000080002000000010001000000000000000000000000000000000000000000800000000800040000000000000000000000000000000000000000000000000000000000802D730000CFD0000008203018000200000000000000000000000000000000000000000000000000
	0001000280183020080002000000000000000000000000000000000000000000000000000003800C2030080004000000000000000000000000000000000000000000000000000001000400182020040000000000000000000000000000000000000000000000000000000001000C2030100002000100000000000000000000
	0000000000000000000000000000010000002D730000E94D00000000000000000000000000000000000000000000000000000000000000000000000000000000000000000000000000000000000000000000000000000000000000000000000000000000000000000000000000000000000000000000000000000000000000
	0000000000000000000000000000000000000000000000000000000000000000000000000000000000000000000000000000000000000000000000000000000000000000000000000000002D730000E94D00000000000000000000000000000000000000000000000000000000000000000000000000000000000000000000
	00000000000000000000000000000000000000000000000000000000000000000000000000000000000000000000000000000000000000000000000000000000000000000000000000000000000000000000000000000000000000000000000000000000000000000000000000000000000000000000000000000000000000
	00000000002D730000E94D0000000000000000000000000000000000000000000000000000000000000000000000000000000000000000000000000000000000000000000000000000000000000000000000000000000000000000000000000000000000000000000000000000000000000000000000000000000000000000
	00000000000000000000000000000000000000000000000000000000000000000000000000000000000000000000000000000000000000000000000000002D730000E94D0000000000000000000000000000000000000000000000000000000000000000000000000000000000000000000000000000000000000000000000
	00000000000000000000000000000000000000000000000000000000000000000000000000000000000000000000000000000000000000000000000000000000000000000000000000000000000000000000000000000000000000000000000000000000000000000000000000000000000000000000002D730000DDC60000
	00000000000000000000000000000000000000000000000000000000000000000000000000000000000000000000000000000000000000000000000000000000000000000000000000000000000000000000000000000000000000000000000000000000000000000000001000000000000000000000000000000000000000
	000000000000000000000000000000000000000000000000000000000000000000000000000000000000000000000000002D730000E94D000000000000000000000000000000000000000000000000000000000000000000000000000000000000000000000000000000000000000000000000000000000000000000000000
	000000000000000000000000000000000000000000000000000000000000000000000000000000000000000000000000000000000000000000000000000000000000000000000000000000000000000000000000000000000000000000000000000000000000000000002D730000E94D000000000000000000000000000000
	00000000000000000000000000000000000000000000000000000000000000000000000000000000000000000000000000000000000000000000000000000000000000000000000000000000000000000000000000000000000000000000000000000000000000000000000000000000000000000000000000000000000000
	0000000000000000000000000000000000000000000000000000000000000000000000002D7300000EFC00000000000000000000000000000000000000000000000000000000000000000000000000000000000000000000000000000000000000000000000000000000000000000000000000000000000000000000000000
	0000000000000000000000000000000000000000000000001000008000000000000000000000000000000000000000000000000000000000000000000000000000000000000000000000000000000000000000000000000000000000002D730000FFFFFFFFFFFFFFFFFFFFFFFFFFFFFFFFFFFFFFFFFFFFFFFFFFFFFFFFFFFF
	FFFFFFFFFFFFFFFFFFFFFFFFFFFFFFFFFFFFFFFFFFFFFFFFFFFFFFFFFFFFFFFFFFFF919100000000000000000000000000000000000000000000000000000000000000000000000000000000000000000000000000000000000000000000000000000000000000000000000000000000000000000000000000000000000000
	0000000000000000000000000000000000000000000000000000000000000000000000000000000000000000000000000000000000000000000000000000000000000088888888888888888888888888888888880000000077000000FFFF0000000000000000000000CFCFCFCFCFCFCFCFCFCFCFCFCFCFCFCFCF0000000010
	000000FFFF0000000000000000000000CFCFCFCFCFCFCFCFCFCFCFCFCFCFCFCFCF0000000010000000000000F902000000FFFF000000000000000000000088888888888888888888888888888888880000000075020000FDFD0000000000000C00000000C8C8C8C8C8C8C8C8C8C8C8C8C8C8C8C8C80000000027000000FFFF
	0000000000000000000000CFCFCFCFCFCFCFCFCFCFCFCFCFCFCFCFCF0000000000000000FFFF0000000000000000000000CFCFCFCFCFCFCFCFCFCFCFCFCFCFCFCFCF0000000000000000FFFF0000000000000000000000C8C8C8C8C8C8C8C8C8C8C8C8C8C8C8C8C80000000027000000FFFF0000000000000C000000004A4A
	4A4A4A4A4A4A4A4A4A4A4A4A4A4A4A00000000A5000000FFFF0000000000000000000000CFCFCFCFCFCFCFCFCFCFCFCFCFCF000000009F430000CFCFCF0000000000000000FFFF0000000000000000000000CDCDCDCDCDCDCDCDCDCDCDCDCDCDCDCDCD0000000002000000FFFF00000000000000000000004A4A4A4A4A4A4A
	4A4A4A4A4A4A4A4A4A4A00000000A5000000FFFF0000000000000C000000004E4E4E4E4E4E4E4E4E4E4E4E4E4E4E4E4E0000000081000000FFFF0000000000000000000000CFCFCFCFCFCFCFCFCFCFCFCFCFCFCFCFCF0000000000000000FFFF00000000000000000000004F4F4F4F4F4F4F4F4F4F4F4F4F4F4F4F4F000000
	0080000000FFFF0000000000000000000000CECECECECECECECECECECECECECECECECE0000000001000000FFFF0000000000000C000000004646464600000000DFA000004646464646464646464646464600000000090000007F7F00000000000000000000004F4F4F4F4F4F4F4F4F4F4F4F4F4F4F4F4F0000000080000000
	FFFF000000000000000000000047474747474747474747474747474747470000000088000000FFFF00000000000000000000004F4F4F4F4F4F4F4F4F4F4F4F4F4F4F4F4F0000000000000000FFFF8000000000000C000000004E4E4E4E4E4E4E4E4E4E4E4E4E4E4E4E4E0000000080000000FFFF0100000000000000000000
	CFCFCFCFCFCFCFCFCFCFCFCFCFCFCFCFCF0000000000000000FFFF0000000000000000000000CECECECECECECECECECECECECECECECECE0000000001000000FFFF000000000000000000F19D00000000000000004E4E4E4E4E4E4E4E4E4E4E4E4E4E4E4E4E0000000081000000FFFF0100000000000C000000004343434342
	42424243424243434342424200010000B8040000FAFA0000000000000000000000CFCFCFCFCFCFCFCFCFCFCFCFCFCFCFCFCF0000000030000000FFFF00000000000000000000004F4F4F4F4F4F4F4F4F4F4F4F4F4F4F4F4F0000000090000000FFFF0000000000000000000000424242424242424242424242424242424200
	000000BD000000FFFF0100000000000C000000004A4A4A4E4A4E4A4A4A4A4E4E4A4A4E4A4A0004000021000000FBFB8000000000000000000000CFCFCFCFCFCFCFCFCFCFCFCFCFCFCFCFCF00000000200000000079FD0000000000FFFF0000000000000000000000CBCBCBCBCBCBCBCBCBCBCBCBCBCBCBCBCB000000002400
	0000FFFF000000000000000000000042424246424642424242464642424642420004000029000000FBFB8000000000000C000000004C4C4C4C4C4C4C4C4C4C4C4C4C4C4C4C4C0000000092010000FEFE0000000000000000000000CFCFCFCFCFCFCFCFCFCFCFCFCFCFCFCFCF0000000010000000FFFF000000000000000000
	00008F8F8F8F8F8F8F8F8F8F8F8F8F8F8F8F8F0000000050000000FFFF00000000000000000000004848484C484C484848484C4C48484C48480004000093000000FBFB0000000000000C0000000049C9494D494D494949494F4D00000000DB4100004B494D49490004000000000000797900000000000000000000004D4D4D
	4D4D4D4D4D4D4D4D4D4D4D4D4D4D00000000000000007D7D00000000000000000000004D4D4D4D4D4D4D4D4D4D4D4D4D4D4D4D4D00000000000000007D7D0000000000000000000000090909090909090989098909890989098902000200C68082007F7D0000800202020C000000000A08088C080C080808080C0C0A080C08
	080004000040000000686800000000000000000000004C4C4C4C4C4C4C4C4C4C4C4C4C4C4C4C4C00000000000000006C6C00000000000000000000004C4C4C4C4C4C4C4C4C4C4C4C4C4C4C4C4C00000000000000006C6C000000000000000000000048480000000088960000484C484C484848484C4C48484C484800040000
	0000000068680000000000000C000000004848484C484C484848484C4C48484C48480004000000000000686800000000000000000000004C4C4C4C4C4C4C4C4C4C4C4C4C4C4C4C4C00000000000000006C6C80000000008000000000004C4C4C4C4C4C4C4C4C4C4C4C4C4CCCCC4C00000080000000006C6C80000000008000
	000000004848484C484C484848484C4C4848CCC848000400800000000068680000000000000C00000000484848484848484848484848484848484800000000000000006868000000000000000000000048484848484848484848484848484848480000000000000000686800000000000000CB110000000000000000000048
	48484848484848484848484848484848000000000000000068680000000000000000000000484848484848484848484848484848484800000000000000006868000000000000080000000040404040404040404040404040404040400000000008000000686800000000000000000000004848484848484848484848484848
	48484800000000000000006868000000000000000000000048484848484848484848484848484848480000000000000000686800000000000000000000004040404040404040404040404040404040000000000800000068680000000000000800000000404040404040404040404840484040404000000000000000A81600
	00002000000060600000000000000000000000404040404040404040404040404040404000000000000000006060000000000000000000000040404040404040404040404040404040400000000000000000606000000000000000000000004040404040404040404040404040404040080008002800080068600000000808
	08000000000008000000000000000000200028000000000000000040000000404000000000000000000000004040404040404040404040404040404040000000000000000040400000000000000000000000404040404040404040404040404040404000000000000000004040000000000000000000000000000000000000
	000000000000009BBD00000000000000000020002000600020006040000000202020000000000020000000000000000000000020000000000000000000000000000000000000000000000000000000000000000000000000000000000000000000000000000000000000000000000000000000000000000000000000080800
	00000000000000000000000000000000000000000000000000000000000000000000000000000000000000000000000000000000000000000000000000000000000000000000000000000000000000000000000000000000000000000000000000000000000000000000000000000000000000000000000000000000000000
	00000000000000000000FFFFFF00000000FFFFFFFFFFFFFFFFFFFFFFFFFFFFFFFFE5640000FFFFFFD4FFFFFFCEFFFFFFDEFFFFFFDEFFFFFFD4FFFFFFDCFFFFFFFCFFFFFFE4FFFFFFCCFFFFFFECFFFFFFC4FFFFFFE7FFFFFFECFFFFFFCDFFFFFFCDFFFFFFC5FFFFFFE7FFFFFFC4FFFFFFCCFFFFFFCDFFFFFFF5FFFFFFE4FFFF
	FFDDFFFFFFFDFFFFFFFCFFFFFFEDFFFFFFEFFFFFFFFFFFFFFFEFFFFFFFEEFFFFFFEFFFFFFFDEFFFFFFCFFFFFFFFFFFFFFFCFFFFFFFFFFFFFFFEFFFFFFF9F6A6A6A6AFFFFFFFFFFFFFFFFFFFFFFFFFFFFFFFFFFFFFFFFFFFFFFFFFFFFFFFFFFFFFFFFFFFFFFFFFFFFFFFFFFFFFFFFFFFFFFFFFFFFFFFFFFFFFFFFFFFFFFFFFF
	FFFFFFFFFFFFFFFFFFFFFFFFFFFFFFFFFFFFFFFFFFFFFFFFFFFFFFFFFFFFFFFFFFFFFFFFFFFFFFFFFFFFFFFFFFFFFFFFFFFFFFFFFFFFFFFFFFFFFFFFFFFFFFFFFFFFFFFFFFFFFFFFFFFFFFFFFFFFFFFFFFFFFFFFFFFFFFFFFF);
SIR 10 TDI (004);
RUNTEST 125 TCK;
SDR 1140 TDI (0000000000000000000000000000000000000000000000000000000000000000000000000000000000000000000000000000000000000000000000000000000000000000000000000000000000000000000000000000000000000000000000000000000000000000000000000000000000000000000000000
	00000000000000000000000000000000000000000000) TDO (00000000000000000000000000000000000000000000000000000000000000000000000000000000000000000000000000000000000000000000000000000000000000000000000000000000000000000000000000000000000000000000000000000000000
	0000000000000000000000000000000000000000000000000000000000000000000000000000002000) MASK (000000000000000000000000000000000000000000000000000000000000000000000000000000000000000000000000000000000000000000000000000000000000000000000000000000000000000000000
	000000000000000000000000000000000000000000000000000000000000000000000000000000000000000000000000000000000000000000002000);
SIR 10 TDI (003);
RUNTEST 102400 TCK;
RUNTEST 512 TCK;
SIR 10 TDI (3FF);
RUNTEST 25000 TCK;
STATE IDLE;
